snapshot_date,brand,market,source_url,url,home_key,community,address,lot,plan,status,price,prior_price,sqft,beds,baths,garage,incentive_text,raw_text,qa_flag
2026-09-05,Southgate Homes,DFW,https://southgatehomes.com/communities/eliana/,https://southgatehomes.com/communities/eliana/4616-floral-fields-way-mckinney-tx-75071/,e74f117ff026008961,Eliana,"4616 Floral Fields Way McKinney, TX 75071",Lot 1,,Quick Move-in,799900,,,3.0,,,,"Quick Move-in Homes | Choose from select Southgate homes currently under construction or available now for a quicker move-in. | Bennett | Ready September | 4616 Floral Fields Way | McKinney, TX 75071 | 60' Wide Lot | 2,958 Sq. Ft. | 1 Story | 3 Beds | 3 Car Garage | 3 & 1 Half Baths | Lot 1 | $799,900 | View Listing | Madison II | Ready September",
2026-09-05,Southgate Homes,DFW,https://southgatehomes.com/communities/eliana/,https://southgatehomes.com/communities/eliana/8729-porch-place-mckinney-tx-75071/,0178075250485bcbe0,Eliana,"8729 Porch Place McKinney, TX 75071",Lot 40,,Ready September,1099900,,,5.0,,,,"Madison II | Ready September | 8729 Porch Place | McKinney, TX 75071 | 60' Wide Lot | 4,470 Sq. Ft. | 2 Stories | 5 Beds | 3 Car Garage | 5 & 1 Half Baths | Lot 40 | $1,099,900 | View Listing | Addison III | Ready October",
2026-09-05,Southgate Homes,DFW,https://southgatehomes.com/communities/eliana/,https://southgatehomes.com/communities/eliana/4624-floral-fields-way-mckinney-tx-75071/,01f670877b783b4653,Eliana,"4624 Floral Fields Way McKinney, TX 75071",Lot 2,,Ready October,1049900,,,5.0,,,,"Addison III | Ready October | 4624 Floral Fields Way | McKinney, TX 75071 | 60' Wide Lot | 4,182 Sq. Ft. | 2 Stories | 5 Beds | 3 Car Garage | 5 & 1 Half Baths | Lot 2 | $1,049,900 | View Listing | Connor | Ready October",
2026-09-05,Southgate Homes,DFW,https://southgatehomes.com/communities/eliana/,https://southgatehomes.com/communities/eliana/4628-floral-fields-way-mckinney-tx-75071/,eee8d7952ad0ef3fb8,Eliana,"4628 Floral Fields Way McKinney, TX 75071",Lot 3,,Ready October,799900,,,3.0,,,,"Connor | Ready October | 4628 Floral Fields Way | McKinney, TX 75071 | 60' Wide Lot | 2,996 Sq. Ft. | 1 Story | 3 Beds | 3 Car Garage | 3 & 1 Half Baths | Lot 3 | $799,900 | View Listing | Stella | Ready November",
2026-09-05,Southgate Homes,DFW,https://southgatehomes.com/communities/eliana/,https://southgatehomes.com/communities/eliana/8733-porch-place-mckinney-tx-75071/,01ce276bddc39ac7f3,Eliana,"8733 Porch Place McKinney, TX 75071",Lot 39,,Ready November,1094900,,,5.0,5.0,,,"Stella | Ready November | 8733 Porch Place | McKinney, TX 75071 | 60' Wide Lot | 4,170 Sq. Ft. | 2 Stories | 5 Beds | 3 Car Garage | 5 Baths | Lot 39 | $1,094,900 | View Listing | Ashland III | Ready November",
2026-09-05,Southgate Homes,DFW,https://southgatehomes.com/communities/eliana/,https://southgatehomes.com/communities/eliana/8728-porch-place-mckinney-tx-75071/,db3c508131e6fa8c0a,Eliana,"8728 Porch Place McKinney, TX 75071",Lot 34,,Ready November,1024900,,,5.0,,,,"Ashland III | Ready November | 8728 Porch Place | McKinney, TX 75071 | 60' Wide Lot | 4,015 Sq. Ft. | 2 Stories | 5 Beds | 3 Car Garage | 5 & 1 Half Baths | Lot 34 | $1,024,900 | View Listing | Brenham III | Ready November",
2026-09-05,Southgate Homes,DFW,https://southgatehomes.com/communities/eliana/,https://southgatehomes.com/communities/eliana/4621-glowing-meadow-drive-mckinney-tx-75071/,9cb98590473c67591f,Eliana,"4621 Glowing Meadow Drive McKinney, TX 75071",Lot 16,,Ready November,1049964,,,4.0,4.0,,,"Brenham III | Ready November | 4621 Glowing Meadow Drive | McKinney, TX 75071 | 60' Wide Lot | 3,800 Sq. Ft. | 2 Stories | 4 Beds | 3 Car Garage | 4 Baths | Lot 16 | $1,049,964 | View Listing | Bennett | Ready December",
2026-09-05,Southgate Homes,DFW,https://southgatehomes.com/communities/eliana/,https://southgatehomes.com/communities/eliana/4709-glowing-meadow-drive-mckinney-tx-75071/,5482e8ae07d26cfce5,Eliana,"4709 Glowing Meadow Drive McKinney, TX 75071",Lot 9,,Ready December,868271,,,3.0,,,,"Bennett | Ready December | 4709 Glowing Meadow Drive | McKinney, TX 75071 | 60' Wide Lot | 2,928 Sq. Ft. | 1 Story | 3 Beds | 3 Car Garage | 3 & 1 Half Baths | Lot 9 | $868,271 | View Listing | Griffin V | Ready December",
2026-09-05,Southgate Homes,DFW,https://southgatehomes.com/communities/eliana/,https://southgatehomes.com/communities/eliana/8716-carnation-court-mckinney-tx-75071/,dfc2940f85a021f866,Eliana,"8716 Carnation Court McKinney, TX 75071",Lot 41,,Ready December,947284,,,4.0,4.0,,,"Griffin V | Ready December | 8716 Carnation Court | McKinney, TX 75071 | 60' Wide Lot | 3,398 Sq. Ft. | 1.5 Stories | 4 Beds | 3 Car Garage | 4 Baths | Lot 41 | $947,284 | View Listing | Addison III | Ready January",
2026-09-05,Southgate Homes,DFW,https://southgatehomes.com/communities/eliana/,https://southgatehomes.com/communities/eliana/8605-texas-crescent-way-mckinney-tx-75071/,0504c582b909d1fc32,Eliana,"8605 TX Crescent Way McKinney, TX 75071",Lot 26,,Ready January,1111952,,,5.0,,,,"Addison III | Ready January | 8605 Texas Crescent Way | McKinney, TX 75071 | 60' Wide Lot | 4,199 Sq. Ft. | 2 Stories | 5 Beds | 3 Car Garage | 5 & 1 Half Baths | Lot 26 | $1,111,952 | View Listing | Reese IV | Ready January",
2026-09-05,Southgate Homes,DFW,https://southgatehomes.com/communities/eliana/,https://southgatehomes.com/communities/eliana/8705-texas-crescent-way-mckinney-tx-75071/,2e8c0ff9dca1cb89ee,Eliana,"8705 TX Crescent Way McKinney, TX 75071",Lot 23,,Ready January,1116606,,,5.0,,,,"Reese IV | Ready January | 8705 Texas Crescent Way | McKinney, TX 75071 | 60' Wide Lot | 4,077 Sq. Ft. | 2 Stories | 5 Beds | 3 Car Garage | 5 & 1 Half Baths | Lot 23 | $1,116,606 | View Listing | View All Properties",
2026-09-05,Southgate Homes,DFW,https://southgatehomes.com/community-detail/painted-tree-50-series/,https://southgatehomes.com/communities/painted-tree-50-series/3920-bentsen-street-mckinney-tx-75071/,8beb69a15cf4ccf1c6,Painted Tree 50' Series,"3920 Bentsen Street McKinney, TX 75071",Lot 31,,Quick Move-in,788990,,,4.0,,,,"Quick Move-in Homes | Choose from select Southgate homes currently under construction or available now for a quicker move-in. | Justin | Ready Now | 3920 Bentsen Street | McKinney, TX 75071 | 50' Wide Lot | 3,728 Sq. Ft. | 2 Stories | 4 Beds | 3 Car Garage | 4 & 1 Half Baths | Lot 31 | $788,990 | View Listing | Emerson | Ready Now",
2026-09-05,Southgate Homes,DFW,https://southgatehomes.com/community-detail/painted-tree-50-series/,https://southgatehomes.com/communities/painted-tree-50-series/4000-hibiscus-drive-mckinney-tx-75071/,012f180e07d24b2582,Painted Tree 50' Series,"4000 Hibiscus Drive McKinney, TX 75071",Lot 57,,Ready Now,847500,,,5.0,,,,"Emerson | Ready Now | 4000 Hibiscus Drive | McKinney, TX 75071 | 50' Wide Lot | 3,875 Sq. Ft. | 2 Stories | 5 Beds | 2 Car Garage | 5 & 1 Half Baths | Lot 57 | $847,500 | View Listing | Emerson | Ready Now",
2026-09-05,Southgate Homes,DFW,https://southgatehomes.com/community-detail/painted-tree-50-series/,https://southgatehomes.com/communities/painted-tree-50-series/4013-bentsen-street-mckinney-tx-75071/,0c178b17498588fc19,Painted Tree 50' Series,"4013 Bentsen Street McKinney, TX 75071",Lot 21,,Ready Now,859909,,,5.0,,,,"Emerson | Ready Now | 4013 Bentsen Street | McKinney, TX 75071 | 50' Wide Lot | 3,875 Sq. Ft. | 2 Stories | 5 Beds | 2 Car Garage | 5 & 1 Half Baths | Lot 21 | $859,909 | View Listing | Prescott III | Ready November",
2026-09-05,Southgate Homes,DFW,https://southgatehomes.com/community-detail/painted-tree-50-series/,https://southgatehomes.com/communities/painted-tree-50-series/3928-launch-road-mckinney-tx-75071/,860178bcba0255816c,Painted Tree 50' Series,"3928 Launch Road McKinney, TX 75071",Lot 87,,Ready November,851610,,,5.0,,,,"Prescott III | Ready November | 3928 Launch Road | McKinney, TX 75071 | 50' Wide Lot | 3,896 Sq. Ft. | 2 Stories | 5 Beds | 3 Car Garage | 5 & 1 Half Baths | Lot 87 | $851,610 | View Listing | Lakewood III | Ready November",
2026-09-05,Southgate Homes,DFW,https://southgatehomes.com/community-detail/painted-tree-50-series/,https://southgatehomes.com/communities/painted-tree-50-series/4012-bentsen-street-mckinney-tx-75071/,a1fcf2dfd6cff08666,Painted Tree 50' Series,"4012 Bentsen Street McKinney, TX 75071",Lot 26,,Ready November,899482,,,5.0,,,,"Lakewood III | Ready November | 4012 Bentsen Street | McKinney, TX 75071 | 50' Wide Lot | 3,951 Sq. Ft. | 2 Stories | 5 Beds | 3 Car Garage | 4 & 1 Half Baths | Lot 26 | $899,482 | View Listing | Geneva IV | Ready December",
2026-09-05,Southgate Homes,DFW,https://southgatehomes.com/community-detail/painted-tree-50-series/,https://southgatehomes.com/communities/painted-tree-50-series/2312-roaming-drive-mckinney-tx-75071/,561b381588f657e7c3,Painted Tree 50' Series,"2312 Roaming Drive McKinney, TX 75071",Lot 7,,Ready December,824280,,,4.0,,,,"Geneva IV | Ready December | 2312 Roaming Drive | McKinney, TX 75071 | 50' Wide Lot | 3,776 Sq. Ft. | 2 Stories | 4 Beds | 2 Car Garage | 4 & 1 Half Baths | Lot 7 | $824,280 | View Listing | Mason III | Ready December",
2026-09-05,Southgate Homes,DFW,https://southgatehomes.com/community-detail/painted-tree-50-series/,https://southgatehomes.com/communities/painted-tree-50-series/2308-roaming-drive-mckinney-tx-75071/,53c656d2ea85a9fb29,Painted Tree 50' Series,"2308 Roaming Drive McKinney, TX 75071",Lot 8,,Ready December,791902,,,4.0,,,,"Mason III | Ready December | 2308 Roaming Drive | McKinney, TX 75071 | 50' Wide Lot | 3,575 Sq. Ft. | 2 Stories | 4 Beds | 3 Car Garage | 4 & 1 Half Baths | Lot 8 | $791,902 | View Listing | Prescott III | Ready December",
2026-09-05,Southgate Homes,DFW,https://southgatehomes.com/community-detail/painted-tree-50-series/,https://southgatehomes.com/communities/painted-tree-50-series/4005-hibiscus-drive-mckinney-tx-75071/,da5a1d3672d171a0e2,Painted Tree 50' Series,"4005 Hibiscus Drive McKinney, TX 75071",Lot 46,,Ready December,868503,,,5.0,,,,"Prescott III | Ready December | 4005 Hibiscus Drive | McKinney, TX 75071 | 50' Wide Lot | 3,916 Sq. Ft. | 2 Stories | 5 Beds | 3 Car Garage | 5 & 1 Half Baths | Lot 46 | $868,503 | View Listing | View All Properties",
2026-09-05,Southgate Homes,DFW,https://southgatehomes.com/communities/prosper-ridge/,https://southgatehomes.com/communities/prosper-ridge/2460-harpole-road-prosper-tx-75078/,0a8eaebdc70df67af2,Prosper Ridge,"2460 Harpole Road Prosper, TX 75078",Lot 32,,Quick Move-in,799990,,,4.0,,,,"Quick Move-in Homes | Choose from select Southgate homes currently under construction or available now for a quicker move-in. | Custom III | Ready Now | 2460 Harpole Road | Prosper, TX 75078 | 80' Wide Lot | 3,881 Sq. Ft. | 2 Stories | 4 Beds | 2 Car Garage | 4 & 1 Half Baths | Lot 32 | $799,990 | View Listing | Custom | Ready Now",
2026-09-05,Southgate Homes,DFW,https://southgatehomes.com/communities/prosper-ridge/,https://southgatehomes.com/communities/prosper-ridge/2480-harpole-road-prosper-tx-75078/,511d7f8166a3c3fc19,Prosper Ridge,"2480 Harpole Road Prosper, TX 75078",Lot 31,,Ready Now,829990,,,4.0,,,,"Custom | Ready Now | 2480 Harpole Road | Prosper, TX 75078 | 80' Wide Lot | 3,893 Sq. Ft. | 2 Stories | 4 Beds | 3 Car Garage | 4 & 1 Half Baths | Lot 31 | $829,990 | View Listing | Custom | Ready Now",
2026-09-05,Southgate Homes,DFW,https://southgatehomes.com/communities/prosper-ridge/,https://southgatehomes.com/communities/prosper-ridge/841-rosso-drive-prosper-tx-75078/,c5b273abf9362405f4,Prosper Ridge,"841 Rosso Drive Prosper, TX 75078",Lot 10,,Ready Now,899990,,,4.0,,,,"Custom | Ready Now | 841 Rosso Drive | Prosper, TX 75078 | 80' Wide Lot | 3,893 Sq. Ft. | 2 Stories | 4 Beds | 3 Car Garage | 4 & 1 Half Baths | Lot 10 | $899,990 | View Listing | Custom II | Ready Now",
2026-09-05,Southgate Homes,DFW,https://southgatehomes.com/communities/prosper-ridge/,https://southgatehomes.com/communities/prosper-ridge/2540-harpole-road-prosper-tx-75078/,52fc21e81c5b4a7c24,Prosper Ridge,"2540 Harpole Road Prosper, TX 75078",Lot 29,,Ready Now,899990,,,5.0,,,,"Custom II | Ready Now | 2540 Harpole Road | Prosper, TX 75078 | 80' Wide Lot | 4,182 Sq. Ft. | 2 Stories | 5 Beds | 3 Car Garage | 5 & 1 Half Baths | Lot 29 | $899,990 | View Listing | Hudson III | Ready Now",
2026-09-05,Southgate Homes,DFW,https://southgatehomes.com/communities/prosper-ridge/,https://southgatehomes.com/communities/prosper-ridge/861-rosso-drive-prosper-tx-75078/,f8f816ccf5d7720609,Prosper Ridge,"861 Rosso Drive Prosper, TX 75078",Lot 9,,Ready Now,1137495,,,5.0,5.0,,,"Hudson III | Ready Now | 861 Rosso Drive | Prosper, TX 75078 | 80' Wide Lot | 4,195 Sq. Ft. | 2 Stories | 5 Beds | 3 Car Garage | 5 Baths | Lot 9 | $1,137,495 | View Listing | View All Properties",
2026-09-05,Southgate Homes,DFW,https://southgatehomes.com/communities/the-reserve-at-watters/,https://southgatehomes.com/communities/the-reserve-at-watters/2122-wakefield-lane-allen-tx-75013/,cf3d371e04f44932d3,The Reserve at Watters,"2122 Wakefield Lane Allen, TX 75013",Lot 51,,Quick Move-in,1197579,,,5.0,,,,"Quick Move-in Homes | Choose from select Southgate homes currently under construction or available now for a quicker move-in. | Reese II | Virtual Tour | Ready Now | 2122 Wakefield Lane | Allen, TX 75013 | 65' Wide Lot | 4,315 Sq. Ft. | 2 Stories | 5 Beds | 3 Car Garage | 5 & 1 Half Baths | Lot 51 | $1,197,579 | View Listing | Madison II | Ready November",
2026-09-05,Southgate Homes,DFW,https://southgatehomes.com/communities/the-reserve-at-watters/,https://southgatehomes.com/communities/the-reserve-at-watters/979-coreopsis-drive-allen-tx-75013/,490cce8a8013364216,The Reserve at Watters,"979 Coreopsis Drive Allen, TX 75013",Lot 87,,Ready November,1338916,,,5.0,,,,"Madison II | Ready November | 979 Coreopsis Drive | Allen, TX 75013 | 65' Wide Lot | 4,470 Sq. Ft. | 2 Stories | 5 Beds | 3 Car Garage | 5 & 1 Half Baths | Lot 87 | $1,338,916 | View Listing | Colton | Ready December",
2026-09-05,Southgate Homes,DFW,https://southgatehomes.com/communities/the-reserve-at-watters/,https://southgatehomes.com/communities/the-reserve-at-watters/992-stargrass-drive-allen-tx-75013/,8e706c583139977397,The Reserve at Watters,"992 Stargrass Drive Allen, TX 75013",Lot 5,,Ready December,1333154,,,5.0,,,,"Colton | Ready December | 992 Stargrass Drive | Allen, TX 75013 | 65' Wide Lot | 4,401 Sq. Ft. | 2 Stories | 5 Beds | 3 Car Garage | 5 & 1 Half Baths | Lot 5 | $1,333,154 | View Listing",
2026-09-05,Southgate Homes,DFW,https://southgatehomes.com/communities/windsong-ranch-61-series/,https://southgatehomes.com/communities/windsong-ranch-61-series/4300-old-rosebud-lane-prosper-tx-75078/,a1274184546e90aaa0,Windsong Ranch 61' Series,"4300 Old Rosebud Lane Prosper, TX 75078",Lot 1,,Quick Move-in,1199000,1445000.0,,5.0,,,Price Cut | New Lower Price,"Quick Move-in Homes | Choose from select Southgate homes currently under construction or available now for a quicker move-in. | Addison II | New Lower Price | Virtual Tour | Ready Now | 4300 Old Rosebud Lane | Prosper, TX 75078 | 61' Wide Lot | 3,799 Sq. Ft. | 2 Stories | 5 Beds | 3 Car Garage | 5 & 1 Half Baths | Lot 1 | $1,199,000 | $1,445,000 | View Listing",
2026-09-05,Trophy Signature Homes,DFW,https://trophysignaturehomes.com/homes/dallas-ft-worth,https://trophysignaturehomes.com/homes/dallas-ft-worth/mckinney/southridge/506-green-gables-drive,c2682b454273f0a40b,Southridge,"506 Green Gables Drive McKinney, TX 75071",,Ash,Available | Now,265990,,,,,,,"$265,990 | 506 Green Gables Drive | McKinney, TX 75071 | 3 | Beds | 2 | Baths | 1,237 | SQ FT | Available Date: | Now | Community | Southridge | Floor Plan | Ash | View Detail | As low as | $2,210",
2026-09-05,Trophy Signature Homes,DFW,https://trophysignaturehomes.com/homes/dallas-ft-worth,https://trophysignaturehomes.com/homes/dallas-ft-worth/lavon/nicholson-ranch/345-millwood-lane,66c70322d0131c4adf,Nicholson Ranch,"345 Millwood Lane Lavon, TX 75166",,Ash,Available | Now,259990,,,,,,Savings Shown,"$259,990 | 267990 | Save: | $8,000 | Open | House | Tuesday - Saturday 11AM -5PM | Sunday 12PM - 5PM | 345 Millwood Lane | Lavon, TX 75166 | 3 | Beds | 2 | Baths | 1,237 | SQ FT | Available Date: | Now | Community | Nicholson Ranch | Floor Plan | Ash | View Detail | As low as | $1,961",
2026-09-05,Trophy Signature Homes,DFW,https://trophysignaturehomes.com/homes/dallas-ft-worth,https://trophysignaturehomes.com/homes/dallas-ft-worth/princeton/lowry-trails/2714-baynes-place,bedd3b7f27cef8c7c4,Lowry Trails,"2714 Baynes Place Princeton, TX 75407",,Birch,Available | Now,259990,,,,,,Savings Shown,"$259,990 | 262990 | Save: | $3,000 | 2714 Baynes Place | Princeton, TX 75407 | 3 | Beds | 2 | Baths | 1,335 | SQ FT | Available Date: | Now | Community | Lowry Trails | Floor Plan | Birch | View Detail | As low as | $2,057",
2026-09-05,Trophy Signature Homes,DFW,https://trophysignaturehomes.com/homes/dallas-ft-worth,https://trophysignaturehomes.com/homes/dallas-ft-worth/farmersville/lakehaven/4200-zoe-lane,f7a4aee6f6ba8e95b0,Lakehaven,"4200 Zoe Lane Farmersville, TX 75442",,Birch,Est Completion | October 2026,239990,,,,,,,"$239,990 | 4200 Zoe Lane | Farmersville, TX 75442 | 3 | Beds | 2 | Baths | 1,335 | SQ FT | Est Completion Date: | October 2026 | Community | Lakehaven | Floor Plan | Birch | View Detail | As low as | $1,961",
2026-09-05,Trophy Signature Homes,DFW,https://trophysignaturehomes.com/homes/dallas-ft-worth,https://trophysignaturehomes.com/homes/dallas-ft-worth/princeton/lowry-trails/2707-baynes-place,6452638360f27245b7,Lowry Trails,"2707 Baynes Place Princeton, TX 75407",,Birch,Available | Now,259990,,,,,,Savings Shown,"$259,990 | 262990 | Save: | $3,000 | Open | House | Friday 11AM- 3PM | Saturday & Sunday 11AM - 3PM | 2707 Baynes Place | Princeton, TX 75407 | 3 | Beds | 2 | Baths | 1,335 | SQ FT | Available Date: | Now | Community | Lowry Trails | Floor Plan | Birch | View Detail | As low as | $2,156",
2026-09-05,Trophy Signature Homes,DFW,https://trophysignaturehomes.com/homes/dallas-ft-worth,https://trophysignaturehomes.com/homes/dallas-ft-worth/mckinney/eastridge/707-knox-river-drive,d528b96bbb0b659db4,Eastridge,"707 Knox River Drive McKinney, TX 75071",,Birch,Available | Now,274990,,,,,,Savings Shown,"$274,990 | 277990 | Save: | $3,000 | Open | House | Saturday & Sunday 1PM - 3PM | 707 Knox River Drive | McKinney, TX 75071 | 3 | Beds | 2 | Baths | 1,335 | SQ FT | Available Date: | Now | Community | Eastridge | Floor Plan | Birch | View Detail | As low as | $2,252",
2026-09-05,Trophy Signature Homes,DFW,https://trophysignaturehomes.com/homes/dallas-ft-worth,https://trophysignaturehomes.com/homes/dallas-ft-worth/lavon/nicholson-ranch/341-millwood-road,16d5af2f9af94d7d21,Nicholson Ranch,"341 Millwood Road Lavon, TX 75166",,Birch,Available | Now,264990,,,,,,Savings Shown,"$264,990 | 272990 | Save: | $8,000 | Open | House | Tuesday - Saturday 11AM -5PM | Sunday 12PM - 5PM | 341 Millwood Road | Lavon, TX 75166 | 3 | Beds | 2 | Baths | 1,335 | SQ FT | Available Date: | Now | Community | Nicholson Ranch | Floor Plan | Birch | View Detail | As low as | $2,129",
2026-09-05,Trophy Signature Homes,DFW,https://trophysignaturehomes.com/homes/dallas-ft-worth,https://trophysignaturehomes.com/homes/dallas-ft-worth/mckinney/southridge/516-green-gables-drive,8251a252a3789d553c,Southridge,"516 Green Gables Drive McKinney, TX 75071",,Birch,Available | Now,270990,,,,,,,"$270,990 | 516 Green Gables Drive | McKinney, TX 75071 | 3 | Beds | 2 | Baths | 1,335 | SQ FT | Available Date: | Now | Community | Southridge | Floor Plan | Birch | View Detail | As low as | $2,471",
2026-09-05,Trophy Signature Homes,DFW,https://trophysignaturehomes.com/homes/dallas-ft-worth,https://trophysignaturehomes.com/homes/dallas-ft-worth/forney/devonshire/1331-capecastle-lane,495f7acf8354def775,Devonshire,"1331 Capecastle Lane Forney, TX 75126",,Cedar,Est Completion | September 2026,286990,,,,,,,"$286,990 | 1331 Capecastle Lane | Forney, TX 75126 | 3 | Beds | 2 | Baths | 1,503 | SQ FT | Est Completion Date: | September 2026 | Community | Devonshire | Floor Plan | Cedar | View Detail | As low as | $2,034",
2026-09-05,Trophy Signature Homes,DFW,https://trophysignaturehomes.com/homes/dallas-ft-worth,https://trophysignaturehomes.com/homes/dallas-ft-worth/princeton/lowry-trails/2710-baynes-place,3d95ce4260954904ac,Lowry Trails,"2710 Baynes Place Princeton, TX 75407",,Cedar,Available | Now,269990,,,,,,Savings Shown,"$269,990 | 272990 | Save: | $3,000 | Open | House | Friday 11AM- 3PM | Saturday & Sunday 11AM - 3PM | 2710 Baynes Place | Princeton, TX 75407 | 3 | Beds | 2 | Baths | 1,503 | SQ FT | Available Date: | Now | Community | Lowry Trails | Floor Plan | Cedar | View Detail | As low as | $2,041",
2026-09-05,Trophy Signature Homes,DFW,https://trophysignaturehomes.com/homes/dallas-ft-worth,https://trophysignaturehomes.com/homes/dallas-ft-worth/princeton/lowry-trails/2812-auburn-court,f31e541a160a875573,Lowry Trails,"2812 Auburn Court Princeton, TX 75407",,Cedar,Available | Now,270900,,,,,,Savings Shown,"$270,900 | 272990 | Save: | $2,090 | 2812 Auburn Court | Princeton, TX 75407 | 3 | Beds | 2 | Baths | 1,503 | SQ FT | Available Date: | Now | Community | Lowry Trails | Floor Plan | Cedar | View Detail | As low as | $2,422",
2026-09-05,Trophy Signature Homes,DFW,https://trophysignaturehomes.com/homes/dallas-ft-worth,https://trophysignaturehomes.com/homes/dallas-ft-worth/lavon/elevon/1214-honey-falls-lane,e69e916f93fdae76ff,Elevon,"1214 Honey Falls Lane Lavon, TX 75166",,Cedar,Est Completion | November 2026,294990,,,,,,,"$294,990 | 1214 Honey Falls Lane | Lavon, TX 75166 | 3 | Beds | 2 | Baths | 1,503 | SQ FT | Est Completion Date: | November 2026 | Community | Elevon | Floor Plan | Cedar | View Detail | As low as | $2,140",
2026-09-05,Trophy Signature Homes,DFW,https://trophysignaturehomes.com/homes/dallas-ft-worth,https://trophysignaturehomes.com/homes/dallas-ft-worth/farmersville/lakehaven/4202-zoe-lane,8ab536e8a61b249dfd,Lakehaven,"4202 Zoe Lane Farmersville, TX 75442",,Cedar,Est Completion | October 2026,249990,,,,,,,"$249,990 | 4202 Zoe Lane | Farmersville, TX 75442 | 3 | Beds | 2 | Baths | 1,504 | SQ FT | Est Completion Date: | October 2026 | Community | Lakehaven | Floor Plan | Cedar | View Detail | As low as | $2,335",
2026-09-05,Trophy Signature Homes,DFW,https://trophysignaturehomes.com/homes/dallas-ft-worth,https://trophysignaturehomes.com/homes/dallas-ft-worth/lavon/nicholson-ranch/357-millwood-road,d1cd32fb1c3812636d,Nicholson Ranch,"357 Millwood Road Lavon, TX 75166",,Cedar,Available | Now,274990,,,,,,Savings Shown,"$274,990 | 282990 | Save: | $8,000 | Open | House | Tuesday - Saturday 11AM -5PM | Sunday 12PM - 5PM | 357 Millwood Road | Lavon, TX 75166 | 3 | Beds | 2 | Baths | 1,504 | SQ FT | Available Date: | Now | Community | Nicholson Ranch | Floor Plan | Cedar | View Detail | As low as | $2,205",
2026-09-05,Trophy Signature Homes,DFW,https://trophysignaturehomes.com/homes/dallas-ft-worth,https://trophysignaturehomes.com/homes/dallas-ft-worth/mckinney/southridge/528-green-gables-drive,aea103a2e4c0e5b212,Southridge,"528 Green Gables Drive McKinney, TX 75071",,Cedar,Est Completion | September 2026,280990,,,,,,,"$280,990 | 528 Green Gables Drive | McKinney, TX 75071 | 3 | Beds | 2 | Baths | 1,504 | SQ FT | Est Completion Date: | September 2026 | Community | Southridge | Floor Plan | Cedar | View Detail | As low as | $2,283",
2026-09-05,Trophy Signature Homes,DFW,https://trophysignaturehomes.com/homes/dallas-ft-worth,https://trophysignaturehomes.com/homes/dallas-ft-worth/princeton/windmore/1120-sundog-drive,60a2daebd0df2bf043,Windmore,"1120 Sundog Drive Princeton, TX 75407",,Hadley,Available | Now,285990,,,,,,Savings Shown,"$285,990 | 295990 | Save: | $10,000 | 1120 Sundog Drive | Princeton, TX 75407 | 3 | Beds | 2 | Baths | 1,628 | SQ FT | Available Date: | Now | Community | Windmore | Floor Plan | Hadley | View Detail | As low as | $2,600",
2026-09-05,Trophy Signature Homes,DFW,https://trophysignaturehomes.com/homes/dallas-ft-worth,https://trophysignaturehomes.com/homes/dallas-ft-worth/gunter/sunset-ranch/3112-paisley-drive,6a7e062e69c30c8a89,Sunset Ranch,"3112 Paisley Drive Gunter, TX 75058",,Hadley,Est Completion | October 2026,299990,,,,,,,"$299,990 | 3112 Paisley Drive | Gunter, TX 75058 | 3 | Beds | 2 | Baths | 1,628 | SQ FT | Est Completion Date: | October 2026 | Community | Sunset Ranch | Floor Plan | Hadley | View Detail | As low as | $2,265",
2026-09-05,Trophy Signature Homes,DFW,https://trophysignaturehomes.com/homes/dallas-ft-worth,https://trophysignaturehomes.com/homes/dallas-ft-worth/farmersville/lakehaven/4211-waco-drive,453b9c0dca3c5ed45b,Lakehaven,"4211 Waco Drive Farmersville, TX 75442",,Hadley,Est Completion | October 2026,264990,,,,,,,"$264,990 | 4211 Waco Drive | Farmersville, TX 75442 | 3 | Beds | 2 | Baths | 1,628 | SQ FT | Est Completion Date: | October 2026 | Community | Lakehaven | Floor Plan | Hadley | View Detail | As low as | $2,330",
2026-09-05,Trophy Signature Homes,DFW,https://trophysignaturehomes.com/homes/dallas-ft-worth,https://trophysignaturehomes.com/homes/dallas-ft-worth/alvarado/lone-oak/1505-wild-plum-way,f30a2dbe5db9287302,Lone Oak,"1505 Wild Plum Way Alvarado, TX 76009",,Hadley,Est Completion | October 2026,279990,,,,,,,"$279,990 | 1505 Wild Plum Way | Alvarado, TX 76009 | 3 | Beds | 2 | Baths | 1,646 | SQ FT | Est Completion Date: | October 2026 | Community | Lone Oak | Floor Plan | Hadley | View Detail | As low as | $2,330",
2026-09-05,Trophy Signature Homes,DFW,https://trophysignaturehomes.com/homes/dallas-ft-worth,https://trophysignaturehomes.com/homes/dallas-ft-worth/alvarado/lone-oak/1512-wild-plum-way,2fce9ce1e932d525e7,Lone Oak,"1512 Wild Plum Way Alvarado, TX 76009",,Hadley,Est Completion | October 2026,279990,,,,,,,"$279,990 | 1512 Wild Plum Way | Alvarado, TX 76009 | 3 | Beds | 2 | Baths | 1,646 | SQ FT | Est Completion Date: | October 2026 | Community | Lone Oak | Floor Plan | Hadley | View Detail | As low as | $2,342",
2026-09-05,Trophy Signature Homes,DFW,https://trophysignaturehomes.com/homes/dallas-ft-worth,https://trophysignaturehomes.com/homes/dallas-ft-worth/seagoville/stonehaven/2012-homestretch-drive,c0dd19939021a0e5f3,Stonehaven,"2012 Homestretch Drive Seagoville, TX 75159",,Hadley,Est Completion | November 2026,286990,,,,,,,"$286,990 | 2012 Homestretch Drive | Seagoville, TX 75159 | 3 | Beds | 2 | Baths | 1,646 | SQ FT | Est Completion Date: | November 2026 | Community | Stonehaven | Floor Plan | Hadley | View Detail | As low as | $2,342",
2026-09-05,Trophy Signature Homes,DFW,https://trophysignaturehomes.com/homes/dallas-ft-worth,https://trophysignaturehomes.com/homes/dallas-ft-worth/seagoville/stonehaven/2030-homestretch-drive,e78be5d03f61dd4262,Stonehaven,"2030 Homestretch Drive Seagoville, TX 75159",,Hadley,Est Completion | November 2026,286990,,,,,,,"$286,990 | 2030 Homestretch Drive | Seagoville, TX 75159 | 3 | Beds | 2 | Baths | 1,646 | SQ FT | Est Completion Date: | November 2026 | Community | Stonehaven | Floor Plan | Hadley | View Detail | As low as | $2,417",
2026-09-05,Trophy Signature Homes,DFW,https://trophysignaturehomes.com/homes/dallas-ft-worth,https://trophysignaturehomes.com/homes/dallas-ft-worth/lavon/nicholson-ranch/376-millwood-road,3c949b3c5fd7f11d72,Nicholson Ranch,"376 Millwood Road Lavon, TX 75166",,Pecan II,Available | Now,284990,,,,,,,"$284,990 | 376 Millwood Road | Lavon, TX 75166 | 3 | Beds | 2 | Baths | 1,657 | SQ FT | Available Date: | Now | Community | Nicholson Ranch | Floor Plan | Pecan II | View Detail | As low as | $2,108",
2026-09-05,Trophy Signature Homes,DFW,https://trophysignaturehomes.com/homes/dallas-ft-worth,https://trophysignaturehomes.com/homes/dallas-ft-worth/princeton/lowry-trails/2717-baynes-place,0be8f359cbe2ce3e02,Lowry Trails,"2717 Baynes Place Princeton, TX 75407",,Pecan II,Available | Now,279990,,,,,,Savings Shown,"$279,990 | 282990 | Save: | $3,000 | Open | House | Friday 11AM- 3PM | Saturday & Sunday 11AM - 3PM | 2717 Baynes Place | Princeton, TX 75407 | 3 | Beds | 2 | Baths | 1,657 | SQ FT | Available Date: | Now | Community | Lowry Trails | Floor Plan | Pecan II | View Detail | As low as | $2,455",
2026-09-05,Trophy Signature Homes,DFW,https://trophysignaturehomes.com/homes/dallas-ft-worth,https://trophysignaturehomes.com/homes/dallas-ft-worth/aubrey/belmont/8357-kingfisher-road,dda6224173a5870f7a,Belmont,"8357 Kingfisher Road Aubrey, TX 76227",,Pecan II,Available | Now,294990,,,,,,,"$294,990 | 8357 Kingfisher Road | Aubrey, TX 76227 | 3 | Beds | 2 | Baths | 1,657 | SQ FT | Available Date: | Now | Community | Belmont | Floor Plan | Pecan II | View Detail | As low as | $2,455",
2026-09-05,Trophy Signature Homes,DFW,https://trophysignaturehomes.com/homes/dallas-ft-worth,https://trophysignaturehomes.com/homes/dallas-ft-worth/aubrey/belmont/8352-kingfisher-road,3a990a6e9e35932c6e,Belmont,"8352 Kingfisher Road Aubrey, TX 76227",,Pecan II,Available | Now,294990,,,,,,,"$294,990 | 8352 Kingfisher Road | Aubrey, TX 76227 | 3 | Beds | 2 | Baths | 1,657 | SQ FT | Available Date: | Now | Community | Belmont | Floor Plan | Pecan II | View Detail | As low as | $2,350",
2026-09-05,Trophy Signature Homes,DFW,https://trophysignaturehomes.com/homes/dallas-ft-worth,https://trophysignaturehomes.com/homes/dallas-ft-worth/mckinney/eastridge/709-knox-river-drive,93e7a7c1659e2f2585,Eastridge,"709 Knox River Drive McKinney, TX 75071",,Pecan II,Available | Now,300490,,,,,,Savings Shown,"$300,490 | 303490 | Save: | $3,000 | Open | House | Saturday & Sunday 1PM - 3PM | 709 Knox River Drive | McKinney, TX 75071 | 3 | Beds | 2 | Baths | 1,657 | SQ FT | Available Date: | Now | Community | Eastridge | Floor Plan | Pecan II | View Detail | As low as | $2,108",
2026-09-05,Trophy Signature Homes,DFW,https://trophysignaturehomes.com/homes/dallas-ft-worth,https://trophysignaturehomes.com/homes/dallas-ft-worth/princeton/lowry-trails/2706-baynes-place,9de51838722fbba443,Lowry Trails,"2706 Baynes Place Princeton, TX 75407",,Pecan II,Available | Now,279990,,,,,,,"$279,990 | 2706 Baynes Place | Princeton, TX 75407 | 3 | Beds | 2 | Baths | 1,657 | SQ FT | Available Date: | Now | Community | Lowry Trails | Floor Plan | Pecan II | View Detail | As low as | $2,439",
2026-09-05,Trophy Signature Homes,DFW,https://trophysignaturehomes.com/homes/dallas-ft-worth,https://trophysignaturehomes.com/homes/dallas-ft-worth/aubrey/belmont/8336-coastal-lane,c857120606cdfa8c21,Belmont,"8336 Coastal Lane Aubrey, TX 76227",,Pecan II,Available | Now,292990,314990.0,,,,,Price Cut | Savings Shown,"$292,990 | $314,990 | Save: | $22,000 | 8336 Coastal Lane | Aubrey, TX 76227 | 3 | Beds | 2 | Baths | 1,659 | SQ FT | Available Date: | Now | Community | Belmont | Floor Plan | Pecan II | View Detail | As low as | $2,417",
2026-09-05,Trophy Signature Homes,DFW,https://trophysignaturehomes.com/homes/dallas-ft-worth,https://trophysignaturehomes.com/homes/dallas-ft-worth/lavon/nicholson-ranch/361-millwood-road,16129aa3b0549c6d5d,Nicholson Ranch,"361 Millwood Road Lavon, TX 75166",,Pecan II,Available | Now,284990,,,,,,Savings Shown,"$284,990 | 289990 | Save: | $5,000 | 361 Millwood Road | Lavon, TX 75166 | 3 | Beds | 2 | Baths | 1,662 | SQ FT | Available Date: | Now | Community | Nicholson Ranch | Floor Plan | Pecan II | View Detail | As low as | $2,351",
2026-09-05,Trophy Signature Homes,DFW,https://trophysignaturehomes.com/homes/dallas-ft-worth,https://trophysignaturehomes.com/homes/dallas-ft-worth/mckinney/southridge/523-green-gables-drive,86aadcfd9372bcdc32,Southridge,"523 Green Gables Drive McKinney, TX 75071",,Cypress,Available | Now,299990,,,,,,Savings Shown,"$299,990 | 306990 | Save: | $7,000 | 523 Green Gables Drive | McKinney, TX 75071 | 4 | Beds | 3 | Baths | 1,703 | SQ FT | Available Date: | Now | Community | Southridge | Floor Plan | Cypress | View Detail | As low as | $2,500",
2026-09-05,Trophy Signature Homes,DFW,https://trophysignaturehomes.com/homes/dallas-ft-worth,https://trophysignaturehomes.com/homes/dallas-ft-worth/lavon/nicholson-ranch/123-longhorn-lane,efcf2cc6a0e6f1ffa9,Nicholson Ranch,"123 Longhorn Lane Lavon, TX 75166",,Cypress,Available | Now,294990,,,,,,,"$294,990 | 123 Longhorn Lane | Lavon, TX 75166 | 4 | Beds | 3 | Baths | 1,703 | SQ FT | Available Date: | Now | Community | Nicholson Ranch | Floor Plan | Cypress | View Detail | As low as | $2,536",
2026-09-05,Trophy Signature Homes,DFW,https://trophysignaturehomes.com/homes/dallas-ft-worth,https://trophysignaturehomes.com/homes/dallas-ft-worth/aubrey/belmont/8344-kingfisher-road,8b9516da6e5a2e4688,Belmont,"8344 Kingfisher Road Aubrey, TX 76227",,Cypress,Available | Now,304990,,,,,,,"$304,990 | 8344 Kingfisher Road | Aubrey, TX 76227 | 4 | Beds | 3 | Baths | 1,703 | SQ FT | Available Date: | Now | Community | Belmont | Floor Plan | Cypress | View Detail | As low as | $2,240",
2026-09-05,Trophy Signature Homes,DFW,https://trophysignaturehomes.com/homes/dallas-ft-worth,https://trophysignaturehomes.com/homes/dallas-ft-worth/princeton/lowry-trails/2809-auburn-court,31d65f42776402b387,Lowry Trails,"2809 Auburn Court Princeton, TX 75407",,Cypress,Available | Now,297990,,,,,,,"$297,990 | 2809 Auburn Court | Princeton, TX 75407 | 4 | Beds | 3 | Baths | 1,703 | SQ FT | Available Date: | Now | Community | Lowry Trails | Floor Plan | Cypress | View Detail | As low as | $2,422",
2026-09-05,Trophy Signature Homes,DFW,https://trophysignaturehomes.com/homes/dallas-ft-worth,https://trophysignaturehomes.com/homes/dallas-ft-worth/mckinney/eastridge/804-knox-river-drive,2c09e7827bbc7b3b16,Eastridge,"804 Knox River Drive McKinney, TX 75071",,Cypress,Available | Now,309990,,,,,,,"$309,990 | Open | House | Saturday & Sunday 1PM - 3PM | 804 Knox River Drive | McKinney, TX 75071 | 4 | Beds | 3 | Baths | 1,703 | SQ FT | Available Date: | Now | Community | Eastridge | Floor Plan | Cypress | View Detail | As low as | $2,351",
2026-09-05,Trophy Signature Homes,DFW,https://trophysignaturehomes.com/homes/dallas-ft-worth,https://trophysignaturehomes.com/homes/dallas-ft-worth/mckinney/southridge/3704-valwood-drive,f360b0cb22cf4921f4,Southridge,"3704 Valwood Drive McKinney, TX 75071",,Cypress,Est Completion | October 2026,299990,,,,,,,"$299,990 | 3704 Valwood Drive | McKinney, TX 75071 | 4 | Beds | 3 | Baths | 1,703 | SQ FT | Est Completion Date: | October 2026 | Community | Southridge | Floor Plan | Cypress | View Detail | As low as | $2,541",
2026-09-05,Trophy Signature Homes,DFW,https://trophysignaturehomes.com/homes/dallas-ft-worth,https://trophysignaturehomes.com/homes/dallas-ft-worth/seagoville/stonehaven/1942-paddock-lane,55bcaead3747a88b28,Stonehaven,"1942 Paddock Lane Seagoville, TX 75159",,Turquoise,Est Completion | October 2026,311990,,,,,,,"$311,990 | 1942 Paddock Lane | Seagoville, TX 75159 | 3 | Beds | 2 | Baths | 1,768 | SQ FT | Est Completion Date: | October 2026 | Community | Stonehaven | Floor Plan | Turquoise | Stonehaven | View Detail | As low as | $2,652",
2026-09-05,Trophy Signature Homes,DFW,https://trophysignaturehomes.com/homes/dallas-ft-worth,https://trophysignaturehomes.com/homes/dallas-ft-worth/lavon/elevon/908-lost-holly-lane,945d00987363422c6e,Elevon,"908 Lost Holly Lane Lavon, TX 75166",,Turquoise,Available | Now,324990,,,,,,Savings Shown,"$324,990 | 329990 | Save: | $5,000 | 908 Lost Holly Lane | Lavon, TX 75166 | 3 | Beds | 2 | Baths | 1,790 | SQ FT | Available Date: | Now | Community | Elevon | Floor Plan | Turquoise | Elevon | View Detail | As low as | $2,635",
2026-09-05,Trophy Signature Homes,DFW,https://trophysignaturehomes.com/homes/dallas-ft-worth,https://trophysignaturehomes.com/homes/dallas-ft-worth/forney/devonshire/1884-balfour-bend,5e41e9f171487f3217,Devonshire,"1884 Balfour Bend Forney, TX 75126",,Harper,Available | Now,306490,,,,,,Savings Shown,"$306,490 | 314490 | Save: | $8,000 | Open | House | Wednesday & Friday 11AM - 4PM | Saturday & Sunday 11AM - 4PM | 1884 Balfour Bend | Forney, TX 75126 | 4 | Beds | 2 | Baths | 1,791 | SQ FT | Available Date: | Now | Community | Devonshire | Floor Plan | Harper | View Detail | As low as | $2,307",
2026-09-05,Trophy Signature Homes,DFW,https://trophysignaturehomes.com/homes/dallas-ft-worth,https://trophysignaturehomes.com/homes/dallas-ft-worth/farmersville/lakehaven/4105-fork-drive,5e0b90645354c68193,Lakehaven,"4105 Fork Drive Farmersville, TX 75442",,Harper,Est Completion | October 2026,269990,,,,,,,"$269,990 | 4105 Fork Drive | Farmersville, TX 75442 | 4 | Beds | 2 | Baths | 1,791 | SQ FT | Est Completion Date: | October 2026 | Community | Lakehaven | Floor Plan | Harper | View Detail | As low as | $2,383",
2026-09-05,Trophy Signature Homes,DFW,https://trophysignaturehomes.com/homes/dallas-ft-worth,https://trophysignaturehomes.com/homes/dallas-ft-worth/princeton/windmore/2301-warm-glow-way,7893128b42639b9f72,Windmore,"2301 Warm Glow Way Princeton, TX 75407",,Harper,Est Completion | September 2026,298990,,,,,,Savings Shown,"$298,990 | 305990 | Save: | $7,000 | 2301 Warm Glow Way | Princeton, TX 75407 | 4 | Beds | 2 | Baths | 1,791 | SQ FT | Est Completion Date: | September 2026 | Community | Windmore | Floor Plan | Harper | View Detail | As low as | $2,476",
2026-09-05,Trophy Signature Homes,DFW,https://trophysignaturehomes.com/homes/dallas-ft-worth,https://trophysignaturehomes.com/homes/dallas-ft-worth/lavon/trails-of-lavon/729-sierra-ridge,cb2b5e7c45971f027e,Trails of Lavon,"729 Sierra Ridge Lavon, TX 75166",,Harper,Available | Now,314990,,,,,,,"$314,990 | 729 Sierra Ridge | Lavon, TX 75166 | 4 | Beds | 2 | Baths | 1,791 | SQ FT | Available Date: | Now | Community | Trails of Lavon | Floor Plan | Harper | View Detail | As low as | $2,476",
2026-09-05,Trophy Signature Homes,DFW,https://trophysignaturehomes.com/homes/dallas-ft-worth,https://trophysignaturehomes.com/homes/dallas-ft-worth/lavon/trails-of-lavon/1246-wolfsbane-drive,864e344f6dc50f97fb,Trails of Lavon,"1246 Wolfsbane Drive Lavon, TX 75166",,Harper,Est Completion | September 2026,314990,,,,,,,"$314,990 | 1246 Wolfsbane Drive | Lavon, TX 75166 | 4 | Beds | 2 | Baths | 1,791 | SQ FT | Est Completion Date: | September 2026 | Community | Trails of Lavon | Floor Plan | Harper | View Detail | As low as | $2,664",
2026-09-05,Trophy Signature Homes,DFW,https://trophysignaturehomes.com/homes/dallas-ft-worth,https://trophysignaturehomes.com/homes/dallas-ft-worth/forney/devonshire/1868-balfour-bend,5a6afe980345e65e50,Devonshire,"1868 Balfour Bend Forney, TX 75126",,Emmy II,Available | Now,309990,,,,,,Savings Shown,"$309,990 | 316490 | Save: | $6,500 | Open | House | Wednesday & Friday 11AM - 4PM | Saturday & Sunday 11AM - 4PM | 1868 Balfour Bend | Forney, TX 75126 | 4 | Beds | 2 | Baths | 1,800 | SQ FT | Available Date: | Now | Community | Devonshire | Floor Plan | Emmy II | View Detail | As low as | $2,450",
2026-09-05,Trophy Signature Homes,DFW,https://trophysignaturehomes.com/homes/dallas-ft-worth,https://trophysignaturehomes.com/homes/dallas-ft-worth/mckinney/southridge/204-whitlow-drive,38b1f1979832691979,Southridge,"204 Whitlow Drive McKinney, TX 75071",,Emmy II,Available | Now,312990,,,,,,Savings Shown,"$312,990 | 314990 | Save: | $2,000 | 204 Whitlow Drive | McKinney, TX 75071 | 4 | Beds | 2 | Baths | 1,800 | SQ FT | Available Date: | Now | Community | Southridge | Floor Plan | Emmy II | View Detail | As low as | $2,854",
2026-09-05,Trophy Signature Homes,DFW,https://trophysignaturehomes.com/homes/dallas-ft-worth,https://trophysignaturehomes.com/homes/dallas-ft-worth/gunter/sunset-ranch/3204-azalea-lane,1f3016613358825284,Sunset Ranch,"3204 Azalea Lane Gunter, TX 75058",,Emmy II,Available | Now,329990,,,,,,,"$329,990 | Open | House | Tuesday & Thursday 12PM - 2PM | Saturday & Sunday 1PM - 3PM | 3204 Azalea Lane | Gunter, TX 75058 | 4 | Beds | 2 | Baths | 1,800 | SQ FT | Available Date: | Now | Community | Sunset Ranch | Floor Plan | Emmy II | View Detail | As low as | $2,771",
2026-09-05,Trophy Signature Homes,DFW,https://trophysignaturehomes.com/homes/dallas-ft-worth,https://trophysignaturehomes.com/homes/dallas-ft-worth/crowley/tesoro-at-chisholm-trail-ranch/6648-valley-lake-lane,2332988f929eb86b31,Tesoro at Chisholm Trail Ranch,"6648 Valley Lake Lane Crowley, TX 76123",,Emmy II,Available | Now,332990,,,,,,,"$332,990 | Open | House | Saturday & Sunday 1PM - 3PM | 6648 Valley Lake Lane | Crowley, TX 76123 | 4 | Beds | 2 | Baths | 1,800 | SQ FT | Available Date: | Now | Community | Tesoro at Chisholm Trail Ranch | Floor Plan | Emmy II | CP | View Detail | As low as | $2,667",
2026-09-05,Trophy Signature Homes,DFW,https://trophysignaturehomes.com/homes/dallas-ft-worth,https://trophysignaturehomes.com/homes/dallas-ft-worth/haslet/madero/1348-companero-street,15d98a462d44511d95,Madero,"1348 Companero Street Haslet, TX 76052",,Emmy II,Available | Now,334990,,,,,,,"$334,990 | 1348 Companero Street | Haslet, TX 76052 | 4 | Beds | 2 | Baths | 1,800 | SQ FT | Available Date: | Now | Community | Madero | Floor Plan | Emmy II | View Detail | As low as | $2,760",
2026-09-05,Trophy Signature Homes,DFW,https://trophysignaturehomes.com/homes/dallas-ft-worth,https://trophysignaturehomes.com/homes/dallas-ft-worth/fort-worth/cibolo-hills-west/10645-dillion-street,35c2588faec8148a25,Cibolo Hills West,"10645 Dillion Street Fort Worth, TX 76179",,Emmy II,Est Completion | September 2026,330990,,,,,,,"$330,990 | 10645 Dillion Street | Fort Worth, TX 76179 | 4 | Beds | 2 | Baths | 1,800 | SQ FT | Est Completion Date: | September 2026 | Community | Cibolo Hills West | Floor Plan | Emmy II | View Detail | As low as | $2,520",
2026-09-05,Trophy Signature Homes,DFW,https://trophysignaturehomes.com/homes/dallas-ft-worth,https://trophysignaturehomes.com/homes/dallas-ft-worth/mckinney/eastridge/707-edgehurst-drive,1b577d1cedc4a8e708,Eastridge,"707 Edgehurst Drive McKinney, TX 75071",,Emmy II,Est Completion | September 2026,322990,,,,,,,"$322,990 | 707 Edgehurst Drive | McKinney, TX 75071 | 4 | Beds | 2 | Baths | 1,800 | SQ FT | Est Completion Date: | September 2026 | Community | Eastridge | Floor Plan | Emmy II | View Detail | As low as | $2,452",
2026-09-05,Trophy Signature Homes,DFW,https://trophysignaturehomes.com/homes/dallas-ft-worth,https://trophysignaturehomes.com/homes/dallas-ft-worth/alvarado/lone-oak/1504-wild-plum-way,b4de2a2b318debb19b,Lone Oak,"1504 Wild Plum Way Alvarado, TX 76009",,Harper,Est Completion | October 2026,294990,,,,,,,"$294,990 | 1504 Wild Plum Way | Alvarado, TX 76009 | 4 | Beds | 2 | Baths | 1,809 | SQ FT | Est Completion Date: | October 2026 | Community | Lone Oak | Floor Plan | Harper | View Detail | As low as | $2,452",
2026-09-05,Trophy Signature Homes,DFW,https://trophysignaturehomes.com/homes/dallas-ft-worth,https://trophysignaturehomes.com/homes/dallas-ft-worth/alvarado/lone-oak/1513-wild-plum-way,15e6a3215251a88df7,Lone Oak,"1513 Wild Plum Way Alvarado, TX 76009",,Harper,Est Completion | October 2026,294990,,,,,,,"$294,990 | 1513 Wild Plum Way | Alvarado, TX 76009 | 4 | Beds | 2 | Baths | 1,809 | SQ FT | Est Completion Date: | October 2026 | Community | Lone Oak | Floor Plan | Harper | View Detail | As low as | $2,452",
2026-09-05,Trophy Signature Homes,DFW,https://trophysignaturehomes.com/homes/dallas-ft-worth,https://trophysignaturehomes.com/homes/dallas-ft-worth/alvarado/lone-oak/1520-wild-plum-way,e6c3e39bf5156c77ff,Lone Oak,"1520 Wild Plum Way Alvarado, TX 76009",,Harper,Est Completion | October 2026,294990,,,,,,,"$294,990 | 1520 Wild Plum Way | Alvarado, TX 76009 | 4 | Beds | 2 | Baths | 1,809 | SQ FT | Est Completion Date: | October 2026 | Community | Lone Oak | Floor Plan | Harper | View Detail | As low as | $2,413",
2026-09-05,Trophy Signature Homes,DFW,https://trophysignaturehomes.com/homes/dallas-ft-worth,https://trophysignaturehomes.com/homes/dallas-ft-worth/seagoville/stonehaven/2024-homestretch-drive,c4e92420f41aa822de,Stonehaven,"2024 Homestretch Drive Seagoville, TX 75159",,Harper,Est Completion | November 2026,295990,,,,,,,"$295,990 | 2024 Homestretch Drive | Seagoville, TX 75159 | 4 | Beds | 2 | Baths | 1,809 | SQ FT | Est Completion Date: | November 2026 | Community | Stonehaven | Floor Plan | Harper | View Detail | As low as | $3,196",
2026-09-05,Trophy Signature Homes,DFW,https://trophysignaturehomes.com/homes/dallas-ft-worth,https://trophysignaturehomes.com/homes/dallas-ft-worth/aledo/morningstar/732-brightstar-drive,db6596e5adace9bc35,Morningstar,"732 Brightstar Drive Aledo, TX 76008",,Emmy II,Available | Now,369990,,,,,,Savings Shown,"$369,990 | 375990 | Save: | $6,000 | 732 Brightstar Drive | Aledo, TX 76008 | 4 | Beds | 2 | Baths | 1,818 | SQ FT | Available Date: | Now | Community | Morningstar | Floor Plan | Emmy II | View Detail | As low as | $2,599",
2026-09-05,Trophy Signature Homes,DFW,https://trophysignaturehomes.com/homes/dallas-ft-worth,https://trophysignaturehomes.com/homes/dallas-ft-worth/lavon/elevon/233-bright-alcove-court,4cc633541acf41f762,Elevon,"233 Bright Alcove Court Lavon, TX 75166",,Emmy II,Available | Now,317990,,,,,,Savings Shown,"$317,990 | 332990 | Save: | $15,000 | 233 Bright Alcove Court | Lavon, TX 75166 | 4 | Beds | 2 | Baths | 1,818 | SQ FT | Available Date: | Now | Community | Elevon | Floor Plan | Emmy II | CP | View Detail | As low as | $3,217",
2026-09-05,Trophy Signature Homes,DFW,https://trophysignaturehomes.com/homes/dallas-ft-worth,https://trophysignaturehomes.com/homes/dallas-ft-worth/aledo/morningstar/15121-ram-rock-drive,d08a3533e0274fd86f,Morningstar,"15121 Ram Rock Drive Aledo, TX 76008",,Emmy II,Available | Now,372490,,,,,,,"$372,490 | 15121 Ram Rock Drive | Aledo, TX 76008 | 4 | Beds | 2 | Baths | 1,818 | SQ FT | Available Date: | Now | Community | Morningstar | Floor Plan | Emmy II | View Detail | As low as | $2,691",
2026-09-05,Trophy Signature Homes,DFW,https://trophysignaturehomes.com/homes/dallas-ft-worth,https://trophysignaturehomes.com/homes/dallas-ft-worth/lavon/elevon/299-bright-alcove-court,7ca1dee312d0379087,Elevon,"299 Bright Alcove Court Lavon, TX 75166",,Quartz,Available | Now,329990,,,,,,Savings Shown,"$329,990 | 351990 | Save: | $22,000 | Open | House | Tuesday & Thursday 12PM - 4PM | Saturday & Sunday 12PM - 4PM | 299 Bright Alcove Court | Lavon, TX 75166 | 4 | Beds | 2 | Baths | 1,866 | SQ FT | Available Date: | Now | Community | Elevon | Floor Plan | Quartz | Elevon | View Detail | As low as | $2,622",
2026-09-05,Trophy Signature Homes,DFW,https://trophysignaturehomes.com/homes/dallas-ft-worth,https://trophysignaturehomes.com/homes/dallas-ft-worth/forney/devonshire/1326-capecastle-lane,5a3d4079da0dfa6d92,Devonshire,"1326 Capecastle Lane Forney, TX 75126",,Quartz,Available | Now,304990,,,,,,,"$304,990 | Open | House | Wednesday & Friday 11AM - 4PM | Saturday & Sunday 11AM - 4PM | 1326 Capecastle Lane | Forney, TX 75126 | 4 | Beds | 2 | Baths | 1,866 | SQ FT | Available Date: | Now | Community | Devonshire | Floor Plan | Quartz | Devonshire | View Detail | As low as | $2,845",
2026-09-05,Trophy Signature Homes,DFW,https://trophysignaturehomes.com/homes/dallas-ft-worth,https://trophysignaturehomes.com/homes/dallas-ft-worth/lavon/elevon/293-hope-orchards-drive,2e5affadf9d60d4fd9,Elevon,"293 Hope Orchards Drive Lavon, TX 75166",,Diamond,Available | Now,349990,,,,,,Savings Shown,"$349,990 | 354990 | Save: | $5,000 | 293 Hope Orchards Drive | Lavon, TX 75166 | 3 | Beds | 2 | Baths | 1,889 | SQ FT | Available Date: | Now | Community | Elevon | Floor Plan | Diamond | Elevon | View Detail | As low as | $2,722",
2026-09-05,Trophy Signature Homes,DFW,https://trophysignaturehomes.com/homes/dallas-ft-worth,https://trophysignaturehomes.com/homes/dallas-ft-worth/aubrey/belmont/7620-kingfisher-road,4b17b3068bfa0e0229,Belmont,"7620 Kingfisher Road Aubrey, TX 76227",,Harrison,Available | Now,327990,364990.0,,,,,Price Cut | Savings Shown,"$327,990 | $364,990 | Save: | $37,000 | Open | House | Tuesday 12PM - 2PM | Saturday & Sunday 1PM - 3PM | 7620 Kingfisher Road | Aubrey, TX 76227 | 3 | Beds | 2 | Baths | 1,965 | SQ FT | Available Date: | Now | Community | Belmont | Floor Plan | Harrison | View Detail | As low as | $2,779",
2026-09-05,Trophy Signature Homes,DFW,https://trophysignaturehomes.com/homes/dallas-ft-worth,https://trophysignaturehomes.com/homes/dallas-ft-worth/aubrey/belmont/2225-magenta-lane,a4a3f778c1b8e33c0c,Belmont,"2225 Magenta Lane Aubrey, TX 76227",,Harrison,Available | Now,334990,356990.0,,,,,Price Cut | Savings Shown,"$334,990 | $356,990 | Save: | $22,000 | 2225 Magenta Lane | Aubrey, TX 76227 | 3 | Beds | 2 | Baths | 1,965 | SQ FT | Available Date: | Now | Community | Belmont | Floor Plan | Harrison | View Detail | As low as | $2,763",
2026-09-05,Trophy Signature Homes,DFW,https://trophysignaturehomes.com/homes/dallas-ft-worth,https://trophysignaturehomes.com/homes/dallas-ft-worth/aubrey/belmont/7720-kingfisher-road,d41b833ce80acc0d7c,Belmont,"7720 Kingfisher Road Aubrey, TX 76227",,Harrison,Available | Now,332990,,,,,,,"$332,990 | 7720 Kingfisher Road | Aubrey, TX 76227 | 3 | Beds | 2 | Baths | 1,965 | SQ FT | Available Date: | Now | Community | Belmont | Floor Plan | Harrison | View Detail | As low as | $2,527",
2026-09-05,Trophy Signature Homes,DFW,https://trophysignaturehomes.com/homes/dallas-ft-worth,https://trophysignaturehomes.com/homes/dallas-ft-worth/mckinney/southridge/201-fairlawn-drive,218eaa8a34e571ded3,Southridge,"201 Fairlawn Drive McKinney, TX 75071",,Heisman,Available | Now,322990,,,,,,Savings Shown,"$322,990 | 322990 | Save: | $0 | 201 Fairlawn Drive | McKinney, TX 75071 | 3 | Beds | 2 | Baths | 1,975 | SQ FT | Available Date: | Now | Community | Southridge | Floor Plan | Heisman | View Detail | As low as | $2,748",
2026-09-05,Trophy Signature Homes,DFW,https://trophysignaturehomes.com/homes/dallas-ft-worth,https://trophysignaturehomes.com/homes/dallas-ft-worth/forney/devonshire/1870-balfour-bend,c39f9176937a3f8498,Devonshire,"1870 Balfour Bend Forney, TX 75126",,Heisman,Available | Now,319990,,,,,,Savings Shown,"$319,990 | 326490 | Save: | $6,500 | 1870 Balfour Bend | Forney, TX 75126 | 3 | Beds | 2 | Baths | 1,975 | SQ FT | Available Date: | Now | Community | Devonshire | Floor Plan | Heisman | View Detail | As low as | $2,552",
2026-09-05,Trophy Signature Homes,DFW,https://trophysignaturehomes.com/homes/dallas-ft-worth,https://trophysignaturehomes.com/homes/dallas-ft-worth/lavon/trails-of-lavon/769-sierra-ridge,f6c7a50086fda3e635,Trails of Lavon,"769 Sierra Ridge Lavon, TX 75166",,Harrison,Available | Now,324990,,,,,,,"$324,990 | 769 Sierra Ridge | Lavon, TX 75166 | 3 | Beds | 2 | Baths | 1,975 | SQ FT | Available Date: | Now | Community | Trails of Lavon | Floor Plan | Harrison | View Detail | As low as | $2,390",
2026-09-05,Trophy Signature Homes,DFW,https://trophysignaturehomes.com/homes/dallas-ft-worth,https://trophysignaturehomes.com/homes/dallas-ft-worth/farmersville/lakehaven/4004-somerville-drive,439e67a25f583e4bd2,Lakehaven,"4004 Somerville Drive Farmersville, TX 75442",,Harrison,Available | Now,279990,,,,,,,"$279,990 | 4004 Somerville Drive | Farmersville, TX 75442 | 3 | Beds | 2 | Baths | 1,975 | SQ FT | Available Date: | Now | Community | Lakehaven | Floor Plan | Harrison | View Detail | As low as | $2,748",
2026-09-05,Trophy Signature Homes,DFW,https://trophysignaturehomes.com/homes/dallas-ft-worth,https://trophysignaturehomes.com/homes/dallas-ft-worth/forney/devonshire/1864-balfour-bend,2a8dd9d552895262a5,Devonshire,"1864 Balfour Bend Forney, TX 75126",,Heisman,Available | Now,319990,,,,,,Savings Shown,"$319,990 | 326490 | Save: | $6,500 | Open | House | Wednesday & Friday 11AM - 4PM | Saturday & Sunday 11AM - 4PM | 1864 Balfour Bend | Forney, TX 75126 | 3 | Beds | 2 | Baths | 1,975 | SQ FT | Available Date: | Now | Community | Devonshire | Floor Plan | Heisman | View Detail | As low as | $2,533",
2026-09-05,Trophy Signature Homes,DFW,https://trophysignaturehomes.com/homes/dallas-ft-worth,https://trophysignaturehomes.com/homes/dallas-ft-worth/alvarado/lone-oak/1520-mahogany-avenue,ee6790349c0d46b269,Lone Oak,"1520 Mahogany Avenue Alvarado, TX 76009",,Harrison,Available | Now,304990,,,,,,,"$304,990 | 1520 Mahogany Avenue | Alvarado, TX 76009 | 3 | Beds | 2 | Baths | 1,975 | SQ FT | Available Date: | Now | Community | Lone Oak | Floor Plan | Harrison | View Detail | As low as | $2,793",
2026-09-05,Trophy Signature Homes,DFW,https://trophysignaturehomes.com/homes/dallas-ft-worth,https://trophysignaturehomes.com/homes/dallas-ft-worth/fort-worth/cibolo-hills-west/10516-colonial-heights-lane,7e2479ea0ee140fcbb,Cibolo Hills West,"10516 Colonial Heights Lane Fort Worth, TX 76179",,Heisman,Available | Now,334990,,,,,,,"$334,990 | 10516 Colonial Heights Lane | Fort Worth, TX 76179 | 3 | Beds | 2 | Baths | 1,975 | SQ FT | Available Date: | Now | Community | Cibolo Hills West | Floor Plan | Heisman | View Detail | As low as | $2,390",
2026-09-05,Trophy Signature Homes,DFW,https://trophysignaturehomes.com/homes/dallas-ft-worth,https://trophysignaturehomes.com/homes/dallas-ft-worth/farmersville/lakehaven/4213-waco-drive,c0f86b02408eb82ab3,Lakehaven,"4213 Waco Drive Farmersville, TX 75442",,Harrison,Est Completion | October 2026,279990,,,,,,,"$279,990 | 4213 Waco Drive | Farmersville, TX 75442 | 3 | Beds | 2 | Baths | 1,975 | SQ FT | Est Completion Date: | October 2026 | Community | Lakehaven | Floor Plan | Harrison | View Detail | As low as | $2,437",
2026-09-05,Trophy Signature Homes,DFW,https://trophysignaturehomes.com/homes/dallas-ft-worth,https://trophysignaturehomes.com/homes/dallas-ft-worth/princeton/windmore/1117-sundog-drive,ebe123e4c08664adab,Windmore,"1117 Sundog Drive Princeton, TX 75407",,Harrison,Est Completion | September 2026,305990,,,,,,Savings Shown,"$305,990 | 315990 | Save: | $10,000 | 1117 Sundog Drive | Princeton, TX 75407 | 3 | Beds | 2 | Baths | 1,975 | SQ FT | Est Completion Date: | September 2026 | Community | Windmore | Floor Plan | Harrison | View Detail | As low as | $2,745",
2026-09-05,Trophy Signature Homes,DFW,https://trophysignaturehomes.com/homes/dallas-ft-worth,https://trophysignaturehomes.com/homes/dallas-ft-worth/haslet/madero/1353-companero-street,d16494e1ee784a6363,Madero,"1353 Companero Street Haslet, TX 76052",,Heisman,Available | Now,344990,,,,,,,"$344,990 | Open | House | Monday - Friday 11AM - 4PM | Saturday & Sunday 11AM - 4PM | 1353 Companero Street | Haslet, TX 76052 | 3 | Beds | 2 | Baths | 1,975 | SQ FT | Available Date: | Now | Community | Madero | Floor Plan | Heisman | View Detail | As low as | $2,676",
2026-09-05,Trophy Signature Homes,DFW,https://trophysignaturehomes.com/homes/dallas-ft-worth,https://trophysignaturehomes.com/homes/dallas-ft-worth/lavon/elevon/237-bright-alcove-court,6572e6f62b90d00ba4,Elevon,"237 Bright Alcove Court Lavon, TX 75166",,Heisman,Available | Now,327990,,,,,,Savings Shown,"$327,990 | 339990 | Save: | $12,000 | 237 Bright Alcove Court | Lavon, TX 75166 | 3 | Beds | 2 | Baths | 1,975 | SQ FT | Available Date: | Now | Community | Elevon | Floor Plan | Heisman | Elevon | View Detail | As low as | $2,866",
2026-09-05,Trophy Signature Homes,DFW,https://trophysignaturehomes.com/homes/dallas-ft-worth,https://trophysignaturehomes.com/homes/dallas-ft-worth/fort-worth/cibolo-hills-west/10648-dillion-street,86ac89482ed30b1b8f,Cibolo Hills West,"10648 Dillion Street Fort Worth, TX 76179",,Heisman,Est Completion | September 2026,343990,,,,,,,"$343,990 | 10648 Dillion Street | Fort Worth, TX 76179 | 3 | Beds | 2 | Baths | 1,975 | SQ FT | Est Completion Date: | September 2026 | Community | Cibolo Hills West | Floor Plan | Heisman | View Detail | As low as | $3,192",
2026-09-05,Trophy Signature Homes,DFW,https://trophysignaturehomes.com/homes/dallas-ft-worth,https://trophysignaturehomes.com/homes/dallas-ft-worth/fort-worth/ventana/10609-blakely-creek-road,1228fff07634e701fe,Ventana,"10609 Blakely Creek Road Fort Worth, TX 76126",,Heisman,Est Completion | November 2026,390990,,,,,,,"$390,990 | 10609 Blakely Creek Road | Fort Worth, TX 76126 | 3 | Beds | 2 | Baths | 1,975 | SQ FT | Est Completion Date: | November 2026 | Community | Ventana | Floor Plan | Heisman | Ventana | View Detail | As low as | $2,745",
2026-09-05,Trophy Signature Homes,DFW,https://trophysignaturehomes.com/homes/dallas-ft-worth,https://trophysignaturehomes.com/homes/dallas-ft-worth/haslet/madero/1325-companero-street,e760d6b32349af8caa,Madero,"1325 Companero Street Haslet, TX 76052",,Heisman,Est Completion | September 2026,344990,,,,,,,"$344,990 | 1325 Companero Street | Haslet, TX 76052 | 3 | Beds | 2 | Baths | 1,975 | SQ FT | Est Completion Date: | September 2026 | Community | Madero | Floor Plan | Heisman | View Detail | As low as | $2,981",
2026-09-05,Trophy Signature Homes,DFW,https://trophysignaturehomes.com/homes/dallas-ft-worth,https://trophysignaturehomes.com/homes/dallas-ft-worth/gunter/sunset-ranch/3209-azalea-lane,2ce2881544b68c4624,Sunset Ranch,"3209 Azalea Lane Gunter, TX 75058",,Heisman,Available | Now,344990,,,,,,,"$344,990 | 3209 Azalea Lane | Gunter, TX 75058 | 3 | Beds | 2 | Baths | 1,975 | SQ FT | Available Date: | Now | Community | Sunset Ranch | Floor Plan | Heisman | View Detail | As low as | $3,322",
2026-09-05,Trophy Signature Homes,DFW,https://trophysignaturehomes.com/homes/dallas-ft-worth,https://trophysignaturehomes.com/homes/dallas-ft-worth/aledo/morningstar/15109-ram-rock-drive,7211fd60ea805c6ab4,Morningstar,"15109 Ram Rock Drive Aledo, TX 76008",,Heisman,Est Completion | September 2026,384990,,,,,,,"$384,990 | 15109 Ram Rock Drive | Aledo, TX 76008 | 3 | Beds | 2 | Baths | 1,975 | SQ FT | Est Completion Date: | September 2026 | Community | Morningstar | Floor Plan | Heisman | View Detail | As low as | $2,542",
2026-09-05,Trophy Signature Homes,DFW,https://trophysignaturehomes.com/homes/dallas-ft-worth,https://trophysignaturehomes.com/homes/dallas-ft-worth/mckinney/southridge/3506-brompton-drive,b0bde1ca48fd3f5ab1,Southridge,"3506 Brompton Drive McKinney, TX 75071",,Heisman,Available | Now,324990,,,,,,,"$324,990 | 3506 Brompton Drive | McKinney, TX 75071 | 3 | Beds | 2 | Baths | 1,975 | SQ FT | Available Date: | Now | Community | Southridge | Floor Plan | Heisman | View Detail | As low as | $2,501",
2026-09-05,Trophy Signature Homes,DFW,https://trophysignaturehomes.com/homes/dallas-ft-worth,https://trophysignaturehomes.com/homes/dallas-ft-worth/seagoville/stonehaven/2020-homestretch-drive,1cf6d2c9a5b8fce48f,Stonehaven,"2020 Homestretch Drive Seagoville, TX 75159",,Harrison,Est Completion | November 2026,306990,,,,,,,"$306,990 | 2020 Homestretch Drive | Seagoville, TX 75159 | 3 | Beds | 2 | Baths | 1,986 | SQ FT | Est Completion Date: | November 2026 | Community | Stonehaven | Floor Plan | Harrison | Stonehaven | View Detail | As low as | $2,614",
2026-09-05,Trophy Signature Homes,DFW,https://trophysignaturehomes.com/homes/dallas-ft-worth,https://trophysignaturehomes.com/homes/dallas-ft-worth/lavon/elevon/201-bright-alcove-court,5005dea5c8d32a464e,Elevon,"201 Bright Alcove Court Lavon, TX 75166",,Heisman,Available | Now,319990,,,,,,Savings Shown,"$319,990 | 342990 | Save: | $23,000 | Open | House | Tuesday & Thursday 12PM - 4PM | Saturday & Sunday 12PM - 4PM | 201 Bright Alcove Court | Lavon, TX 75166 | 3 | Beds | 2 | Baths | 2,002 | SQ FT | Available Date: | Now | Community | Elevon | Floor Plan | Heisman | Elevon | View Detail | As low as | $3,154",
2026-09-05,Trophy Signature Homes,DFW,https://trophysignaturehomes.com/homes/dallas-ft-worth,https://trophysignaturehomes.com/homes/dallas-ft-worth/aledo/morningstar/761-lyft-lane,405e6691a30320c191,Morningstar,"761 Lyft Lane Aledo, TX 76008",,Heisman,Available | Now,364990,393490.0,,,,,Price Cut | Savings Shown,"$364,990 | $393,490 | Save: | $28,500 | Open | House | Thursday 12PM - 2PM | Saturday & Sunday 1PM - 3PM | 761 Lyft Lane | Aledo, TX 76008 | 3 | Beds | 2 | Baths | 2,002 | SQ FT | Available Date: | Now | Community | Morningstar | Floor Plan | Heisman | View Detail | As low as | $2,667",
2026-09-05,Trophy Signature Homes,DFW,https://trophysignaturehomes.com/homes/dallas-ft-worth,https://trophysignaturehomes.com/homes/dallas-ft-worth/dallas-ft-worth/terra-vella/15020-leighton-creek-court,6d1f062c227eca5be6,Terra Vella,"15020 Leighton Creek Court Fort Worth, TX 76052",,Magnolia,Est Completion | September 2026,339990,,,,,,,"$339,990 | 15020 Leighton Creek Court | Fort Worth, TX 76052 | 4 | Beds | 2 | .5 | Baths | 2,068 | SQ FT | Est Completion Date: | September 2026 | Community | Terra Vella | Floor Plan | Magnolia | View Detail | As low as | $2,328",
2026-09-05,Trophy Signature Homes,DFW,https://trophysignaturehomes.com/homes/dallas-ft-worth,https://trophysignaturehomes.com/homes/dallas-ft-worth/princeton/lowry-trails/2713-delevan-drive,5e7fe32607f1d54b09,Lowry Trails,"2713 Delevan Drive Princeton, TX 75407",,Magnolia,Est Completion | September 2026,309990,,,,,,,"$309,990 | 2713 Delevan Drive | Princeton, TX 75407 | 4 | Beds | 2 | .5 | Baths | 2,068 | SQ FT | Est Completion Date: | September 2026 | Community | Lowry Trails | Floor Plan | Magnolia | View Detail | As low as | $2,432",
2026-09-05,Trophy Signature Homes,DFW,https://trophysignaturehomes.com/homes/dallas-ft-worth,https://trophysignaturehomes.com/homes/dallas-ft-worth/farmersville/lakehaven/4204-zoe-lane,7d80a43edc1187fc0e,Lakehaven,"4204 Zoe Lane Farmersville, TX 75442",,Magnolia,Est Completion | October 2026,284990,,,,,,,"$284,990 | 4204 Zoe Lane | Farmersville, TX 75442 | 4 | Beds | 2 | .5 | Baths | 2,068 | SQ FT | Est Completion Date: | October 2026 | Community | Lakehaven | Floor Plan | Magnolia | View Detail | As low as | $2,328",
2026-09-05,Trophy Signature Homes,DFW,https://trophysignaturehomes.com/homes/dallas-ft-worth,https://trophysignaturehomes.com/homes/dallas-ft-worth/princeton/lowry-trails/2706-delevan-drive,c755ffae2ffb116b6d,Lowry Trails,"2706 Delevan Drive Princeton, TX 75407",,Magnolia,Est Completion | October 2026,309990,,,,,,,"$309,990 | 2706 Delevan Drive | Princeton, TX 75407 | 4 | Beds | 2 | .5 | Baths | 2,068 | SQ FT | Est Completion Date: | October 2026 | Community | Lowry Trails | Floor Plan | Magnolia | View Detail | As low as | $2,657",
2026-09-05,Trophy Signature Homes,DFW,https://trophysignaturehomes.com/homes/dallas-ft-worth,https://trophysignaturehomes.com/homes/dallas-ft-worth/aubrey/belmont/8348-kingfisher-road,856281cc8b92018be2,Belmont,"8348 Kingfisher Road Aubrey, TX 76227",,Magnolia,Available | Now,319990,,,,,,,"$319,990 | 8348 Kingfisher Road | Aubrey, TX 76227 | 4 | Beds | 2 | .5 | Baths | 2,082 | SQ FT | Available Date: | Now | Community | Belmont | Floor Plan | Magnolia | View Detail | As low as | $2,644",
2026-09-05,Trophy Signature Homes,DFW,https://trophysignaturehomes.com/homes/dallas-ft-worth,https://trophysignaturehomes.com/homes/dallas-ft-worth/dallas-ft-worth/terra-vella/845-rockcloud-drive,1faeec65350f83ae5f,Terra Vella,"845 Rockcloud Drive Fort Worth, TX 76052",,Magnolia,Available | Now,336990,,,,,,,"$336,990 | Open | House | Saturday & Sunday 1PM - 5PM | 845 Rockcloud Drive | Fort Worth, TX 76052 | 4 | Beds | 2 | .5 | Baths | 2,084 | SQ FT | Available Date: | Now | Community | Terra Vella | Floor Plan | Magnolia | View Detail | As low as | $2,676",
2026-09-05,Trophy Signature Homes,DFW,https://trophysignaturehomes.com/homes/dallas-ft-worth,https://trophysignaturehomes.com/homes/dallas-ft-worth/lavon/elevon/916-lost-holly-lane,beb357176859cc27ea,Elevon,"916 Lost Holly Lane Lavon, TX 75166",,Magnolia,Available | Now,327990,,,,,,,"$327,990 | 916 Lost Holly Lane | Lavon, TX 75166 | 4 | Beds | 2 | .5 | Baths | 2,087 | SQ FT | Available Date: | Now | Community | Elevon | Floor Plan | Magnolia | View Detail | As low as | $2,552",
2026-09-05,Trophy Signature Homes,DFW,https://trophysignaturehomes.com/homes/dallas-ft-worth,https://trophysignaturehomes.com/homes/dallas-ft-worth/princeton/windmore/2210-wind-river-drive,d11f6686689ef1c424,Windmore,"2210 Wind River Drive Princeton, TX 75407",,Hayden,Available | Now,320990,,,,,,Savings Shown,"$320,990 | 330990 | Save: | $10,000 | Open | House | Tuesday & Thursday 12PM - 2PM | Saturday & Sunday 1PM - 3PM | 2210 Wind River Drive | Princeton, TX 75407 | 4 | Beds | 3 | Baths | 2,111 | SQ FT | Available Date: | Now | Community | Windmore | Floor Plan | Hayden | View Detail | As low as | $2,929",
2026-09-05,Trophy Signature Homes,DFW,https://trophysignaturehomes.com/homes/dallas-ft-worth,https://trophysignaturehomes.com/homes/dallas-ft-worth/aubrey/belmont/2229-magenta-lane,e415cf6e13ee78308d,Belmont,"2229 Magenta Lane Aubrey, TX 76227",,Hayden,Available | Now,353490,,,,,,Savings Shown,"$353,490 | 373490 | Save: | $20,000 | Open | House | Tuesday 12PM - 2PM | Saturday & Sunday 1PM - 3PM | 2229 Magenta Lane | Aubrey, TX 76227 | 4 | Beds | 3 | Baths | 2,111 | SQ FT | Available Date: | Now | Community | Belmont | Floor Plan | Hayden | View Detail | As low as | $2,900",
2026-09-05,Trophy Signature Homes,DFW,https://trophysignaturehomes.com/homes/dallas-ft-worth,https://trophysignaturehomes.com/homes/dallas-ft-worth/aubrey/belmont/7824-kingfisher-road,fe3a16cf2a69fab498,Belmont,"7824 Kingfisher Road Aubrey, TX 76227",,Hayden,Available | Now,349990,,,,,,,"$349,990 | 7824 Kingfisher Road | Aubrey, TX 76227 | 4 | Beds | 3 | Baths | 2,111 | SQ FT | Available Date: | Now | Community | Belmont | Floor Plan | Hayden | View Detail | As low as | $2,598",
2026-09-05,Trophy Signature Homes,DFW,https://trophysignaturehomes.com/homes/dallas-ft-worth,https://trophysignaturehomes.com/homes/dallas-ft-worth/farmersville/lakehaven/4008-austin-drive,c4293d6619204cf383,Lakehaven,"4008 Austin Drive Farmersville, TX 75442",,Oscar,Available | Now,304990,,,,,,Savings Shown,"$304,990 | 327490 | Save: | $22,500 | Open | House | Tuesday 12PM - 4PM | Saturday & Sunday 1PM - 5PM | 4008 Austin Drive | Farmersville, TX 75442 | 4 | Beds | 3 | Baths | 2,131 | SQ FT | Available Date: | Now | Community | Lakehaven | Floor Plan | Oscar | Lakehaven | View Detail | As low as | $2,722",
2026-09-05,Trophy Signature Homes,DFW,https://trophysignaturehomes.com/homes/dallas-ft-worth,https://trophysignaturehomes.com/homes/dallas-ft-worth/lavon/trails-of-lavon/934-olive-drive,3fc0428ca3fcd1b9de,Trails of Lavon,"934 Olive Drive Lavon, TX 75166",,Oscar,Available | Now,346990,,,,,,Savings Shown,"$346,990 | 349990 | Save: | $3,000 | Tuesday & Thursday 12-2 and Saturday & Sunday 1-3 | Open | House | Tuesday - Saturday 11AM - 4PM | Sunday 1PM - 5PM | 934 Olive Drive | Lavon, TX 75166 | 4 | Beds | 3 | Baths | 2,131 | SQ FT | Available Date: | Now | Community | Trails of Lavon | Floor Plan | Oscar | View Detail | As low as | $2,688",
2026-09-05,Trophy Signature Homes,DFW,https://trophysignaturehomes.com/homes/dallas-ft-worth,https://trophysignaturehomes.com/homes/dallas-ft-worth/mckinney/eastridge/715-summerberry-drive,e04e9a98c654cd8d77,Eastridge,"715 Summerberry Drive McKinney, TX 75071",,Oscar,Available | Now,344990,,,,,,Savings Shown,"$344,990 | 356990 | Save: | $12,000 | 715 Summerberry Drive | McKinney, TX 75071 | 4 | Beds | 3 | Baths | 2,131 | SQ FT | Available Date: | Now | Community | Eastridge | Floor Plan | Oscar | View Detail | As low as | $2,874",
2026-09-05,Trophy Signature Homes,DFW,https://trophysignaturehomes.com/homes/dallas-ft-worth,https://trophysignaturehomes.com/homes/dallas-ft-worth/lavon/nicholson-ranch/1125-del-rio-drive,13eed1a9024a5d8c06,Nicholson Ranch,"1125 Del Rio Drive Lavon, TX 75166",,Oscar,Available | Now,339990,,,,,,Savings Shown,"$339,990 | 349990 | Save: | $10,000 | Open | House | Tuesday - Saturday 11AM -5PM | Sunday 12PM - 5PM | 1125 Del Rio Drive | Lavon, TX 75166 | 4 | Beds | 3 | Baths | 2,131 | SQ FT | Available Date: | Now | Community | Nicholson Ranch | Floor Plan | Oscar | View Detail | As low as | $2,958",
2026-09-05,Trophy Signature Homes,DFW,https://trophysignaturehomes.com/homes/dallas-ft-worth,https://trophysignaturehomes.com/homes/dallas-ft-worth/forney/devonshire/1858-balfour-bend,54b54cc3e0480f5bfb,Devonshire,"1858 Balfour Bend Forney, TX 75126",,Oscar,Available | Now,344990,,,,,,Savings Shown,"$344,990 | 349490 | Save: | $4,500 | 1858 Balfour Bend | Forney, TX 75126 | 4 | Beds | 3 | Baths | 2,131 | SQ FT | Available Date: | Now | Community | Devonshire | Floor Plan | Oscar | Devonshire | View Detail | As low as | $2,756",
2026-09-05,Trophy Signature Homes,DFW,https://trophysignaturehomes.com/homes/dallas-ft-worth,https://trophysignaturehomes.com/homes/dallas-ft-worth/mckinney/eastridge/714-summerberry-drive,afa61eebef29f76cac,Eastridge,"714 Summerberry Drive McKinney, TX 75071",,Oscar,Available | Now,353990,,,,,,Savings Shown,"$353,990 | 356990 | Save: | $3,000 | 714 Summerberry Drive | McKinney, TX 75071 | 4 | Beds | 3 | Baths | 2,131 | SQ FT | Available Date: | Now | Community | Eastridge | Floor Plan | Oscar | View Detail | As low as | $2,974",
2026-09-05,Trophy Signature Homes,DFW,https://trophysignaturehomes.com/homes/dallas-ft-worth,https://trophysignaturehomes.com/homes/dallas-ft-worth/crowley/tesoro-at-chisholm-trail-ranch/6604-dusty-ridge-road,64914b73d476cc863c,Tesoro at Chisholm Trail Ranch,"6604 Dusty Ridge Road Crowley, TX 76036",,Oscar,Available | Now,357990,,,,,,,"$357,990 | 6604 Dusty Ridge Road | Crowley, TX 76036 | 4 | Beds | 3 | Baths | 2,131 | SQ FT | Available Date: | Now | Community | Tesoro at Chisholm Trail Ranch | Floor Plan | Oscar | View Detail | As low as | $2,964",
2026-09-05,Trophy Signature Homes,DFW,https://trophysignaturehomes.com/homes/dallas-ft-worth,https://trophysignaturehomes.com/homes/dallas-ft-worth/fort-worth/cibolo-hills-west/10512-colonial-heights-lane,141d541dc2dadc8ce3,Cibolo Hills West,"10512 Colonial Heights Lane Fort Worth, TX 76179",,Oscar,Available | Now,355990,,,,,,,"$355,990 | Open | House | Saturday & Sunday 1PM - 3PM | 10512 Colonial Heights Lane | Fort Worth, TX 76179 | 4 | Beds | 3 | Baths | 2,131 | SQ FT | Available Date: | Now | Community | Cibolo Hills West | Floor Plan | Oscar | View Detail | As low as | $2,542",
2026-09-05,Trophy Signature Homes,DFW,https://trophysignaturehomes.com/homes/dallas-ft-worth,https://trophysignaturehomes.com/homes/dallas-ft-worth/mckinney/southridge/3603-belfort-drive,d93134dc222f8b5c3c,Southridge,"3603 Belfort Drive McKinney, TX 75071",,Oscar,Available | Now,324990,,,,,,Savings Shown,"$324,990 | 337990 | Save: | $13,000 | 3603 Belfort Drive | McKinney, TX 75071 | 4 | Beds | 3 | Baths | 2,131 | SQ FT | Available Date: | Now | Community | Southridge | Floor Plan | Oscar | View Detail | As low as | $3,234",
2026-09-05,Trophy Signature Homes,DFW,https://trophysignaturehomes.com/homes/dallas-ft-worth,https://trophysignaturehomes.com/homes/dallas-ft-worth/gunter/sunset-ranch/3207-linden-lane,c65b7380d00b3c5d91,Sunset Ranch,"3207 Linden Lane Gunter, TX 75058",,Oscar,Available | Now,374990,,,,,,,"$374,990 | Open | House | Tuesday & Thursday 12PM - 2PM | Saturday & Sunday 1PM - 3PM | 3207 Linden Lane | Gunter, TX 75058 | 4 | Beds | 3 | Baths | 2,131 | SQ FT | Available Date: | Now | Community | Sunset Ranch | Floor Plan | Oscar | 3-Car Garage | View Detail | As low as | $3,065",
2026-09-05,Trophy Signature Homes,DFW,https://trophysignaturehomes.com/homes/dallas-ft-worth,https://trophysignaturehomes.com/homes/dallas-ft-worth/gunter/sunset-ranch/3203-azalea-lane,56b60934c78b3fb461,Sunset Ranch,"3203 Azalea Lane Gunter, TX 75058",,Oscar,Available | Now,354990,,,,,,,"$354,990 | 3203 Azalea Lane | Gunter, TX 75058 | 4 | Beds | 3 | Baths | 2,131 | SQ FT | Available Date: | Now | Community | Sunset Ranch | Floor Plan | Oscar | View Detail | As low as | $2,909",
2026-09-05,Trophy Signature Homes,DFW,https://trophysignaturehomes.com/homes/dallas-ft-worth,https://trophysignaturehomes.com/homes/dallas-ft-worth/crowley/tesoro-at-chisholm-trail-ranch/6665-valley-lake-lane,4ce8324ebe0cd8b36e,Tesoro at Chisholm Trail Ranch,"6665 Valley Lake Lane Crowley, TX 76036",,Oscar,Available | Now,349990,,,,,,Savings Shown,"$349,990 | 357990 | Save: | $8,000 | Open | House | Saturday & Sunday 1PM - 3PM | 6665 Valley Lake Lane | Crowley, TX 76036 | 4 | Beds | 3 | Baths | 2,131 | SQ FT | Available Date: | Now | Community | Tesoro at Chisholm Trail Ranch | Floor Plan | Oscar | View Detail | As low as | $2,974",
2026-09-05,Trophy Signature Homes,DFW,https://trophysignaturehomes.com/homes/dallas-ft-worth,https://trophysignaturehomes.com/homes/dallas-ft-worth/crowley/tesoro-at-chisholm-trail-ranch/6652-valley-lake-lane,e378944e116dafbac5,Tesoro at Chisholm Trail Ranch,"6652 Valley Lake Lane Crowley, TX 76036",,Oscar,Available | Now,357990,,,,,,,"$357,990 | 6652 Valley Lake Lane | Crowley, TX 76036 | 4 | Beds | 2 | Baths | 2,131 | SQ FT | Available Date: | Now | Community | Tesoro at Chisholm Trail Ranch | Floor Plan | Oscar | View Detail | As low as | $2,823",
2026-09-05,Trophy Signature Homes,DFW,https://trophysignaturehomes.com/homes/dallas-ft-worth,https://trophysignaturehomes.com/homes/dallas-ft-worth/haslet/madero/1421-companero-street,7d273ceaa91f4d8430,Madero,"1421 Companero Street Haslet, TX 76052",,Oscar,Available | Now,354990,,,,,,Savings Shown,"$354,990 | 359990 | Save: | $5,000 | 1421 Companero Street | Haslet, TX 76052 | 4 | Beds | 3 | Baths | 2,131 | SQ FT | Available Date: | Now | Community | Madero | Floor Plan | Oscar | View Detail | As low as | $3,005",
2026-09-05,Trophy Signature Homes,DFW,https://trophysignaturehomes.com/homes/dallas-ft-worth,https://trophysignaturehomes.com/homes/dallas-ft-worth/fort-worth/cibolo-hills-west/10532-colonial-heights-lane,87fe2e1c0ae1b6161a,Cibolo Hills West,"10532 Colonial Heights Lane Fort Worth, TX 76179",,Oscar,Available | Now,360990,,,,,,,"$360,990 | Open | House | Saturday & Sunday 1PM - 3PM | 10532 Colonial Heights Lane | Fort Worth, TX 76179 | 4 | Beds | 3 | Baths | 2,131 | SQ FT | Available Date: | Now | Community | Cibolo Hills West | Floor Plan | Oscar | View Detail | As low as | $2,964",
2026-09-05,Trophy Signature Homes,DFW,https://trophysignaturehomes.com/homes/dallas-ft-worth,https://trophysignaturehomes.com/homes/dallas-ft-worth/fort-worth/cibolo-hills-west/10653-dillon-street,f9a432e92fd25b888a,Cibolo Hills West,"10653 Dillon Street Fort Worth, TX 76179",,Oscar,Est Completion | September 2026,355990,,,,,,,"$355,990 | 10653 Dillon Street | Fort Worth, TX 76179 | 4 | Beds | 3 | Baths | 2,131 | SQ FT | Est Completion Date: | September 2026 | Community | Cibolo Hills West | Floor Plan | Oscar | View Detail | As low as | $3,312",
2026-09-05,Trophy Signature Homes,DFW,https://trophysignaturehomes.com/homes/dallas-ft-worth,https://trophysignaturehomes.com/homes/dallas-ft-worth/fort-worth/ventana/10608-blakely-creek-road,7a3bb6272999e2b0d4,Ventana,"10608 Blakely Creek Road Fort Worth, TX 76126",,Oscar,Est Completion | November 2026,405990,,,,,,,"$405,990 | 10608 Blakely Creek Road | Fort Worth, TX 76126 | 4 | Beds | 3 | Baths | 2,131 | SQ FT | Est Completion Date: | November 2026 | Community | Ventana | Floor Plan | Oscar | Ventana | View Detail | As low as | $3,192",
2026-09-05,Trophy Signature Homes,DFW,https://trophysignaturehomes.com/homes/dallas-ft-worth,https://trophysignaturehomes.com/homes/dallas-ft-worth/gunter/sunset-ranch/3211-azalea-lane,00187d7dfcc875bf52,Sunset Ranch,"3211 Azalea Lane Gunter, TX 75058",,Oscar,Available | Now,369990,,,,,,,"$369,990 | 3211 Azalea Lane | Gunter, TX 75058 | 4 | Beds | 3 | Baths | 2,131 | SQ FT | Available Date: | Now | Community | Sunset Ranch | Floor Plan | Oscar | 3-Car Garage | View Detail | As low as | $2,688",
2026-09-05,Trophy Signature Homes,DFW,https://trophysignaturehomes.com/homes/dallas-ft-worth,https://trophysignaturehomes.com/homes/dallas-ft-worth/mckinney/eastridge/719-summerberry-drive,8b26beaf0b2a15a223,Eastridge,"719 Summerberry Drive McKinney, TX 75071",,Oscar,Available | Now,344990,,,,,,Savings Shown,"$344,990 | 353990 | Save: | $9,000 | Open | House | Saturday & Sunday 1PM - 3PM | 719 Summerberry Drive | McKinney, TX 75071 | 4 | Beds | 3 | Baths | 2,131 | SQ FT | Available Date: | Now | Community | Eastridge | Floor Plan | Oscar | View Detail | As low as | $2,937",
2026-09-05,Trophy Signature Homes,DFW,https://trophysignaturehomes.com/homes/dallas-ft-worth,https://trophysignaturehomes.com/homes/dallas-ft-worth/lavon/trails-of-lavon/324-yellowstar-lane,19b48f94f8795db891,Trails of Lavon,"324 Yellowstar Lane Lavon, TX 75166",,Oscar,Available | Now,374990,,,,,,,"$374,990 | 324 Yellowstar Lane | Lavon, TX 75166 | 4 | Beds | 3 | Baths | 2,131 | SQ FT | Available Date: | Now | Community | Trails of Lavon | Floor Plan | Oscar | 3-Car Garage | View Detail | As low as | $2,906",
2026-09-05,Trophy Signature Homes,DFW,https://trophysignaturehomes.com/homes/dallas-ft-worth,https://trophysignaturehomes.com/homes/dallas-ft-worth/princeton/windmore/2110-sunshining-road,6200b385fdb0abd6be,Windmore,"2110 Sunshining Road Princeton, TX 75407",,Oscar,Available | Now,366990,,,,,,Savings Shown,"$366,990 | 369990 | Save: | $3,000 | 2110 Sunshining Road | Princeton, TX 75407 | 4 | Beds | 3 | Baths | 2,131 | SQ FT | Available Date: | Now | Community | Windmore | Floor Plan | Oscar | Windmore | View Detail | As low as | $2,886",
2026-09-05,Trophy Signature Homes,DFW,https://trophysignaturehomes.com/homes/dallas-ft-worth,https://trophysignaturehomes.com/homes/dallas-ft-worth/haslet/madero/1401-companero-street,8317d70e5a02e86511,Madero,"1401 Companero Street Haslet, TX 76052",,Oscar,Available | Now,362990,,,,,,,"$362,990 | 1401 Companero Street | Haslet, TX 76052 | 4 | Beds | 3 | Baths | 2,131 | SQ FT | Available Date: | Now | Community | Madero | Floor Plan | Oscar | View Detail | As low as | $2,862",
2026-09-05,Trophy Signature Homes,DFW,https://trophysignaturehomes.com/homes/dallas-ft-worth,https://trophysignaturehomes.com/homes/dallas-ft-worth/haslet/madero/1352-companero-street,16e56512416f49053f,Madero,"1352 Companero Street Haslet, TX 76052",,Oscar,Available | Now,359990,,,,,,,"$359,990 | 1352 Companero Street | Haslet, TX 76052 | 4 | Beds | 3 | Baths | 2,131 | SQ FT | Available Date: | Now | Community | Madero | Floor Plan | Oscar | View Detail | As low as | $2,542",
2026-09-05,Trophy Signature Homes,DFW,https://trophysignaturehomes.com/homes/dallas-ft-worth,https://trophysignaturehomes.com/homes/dallas-ft-worth/mckinney/southridge/115-fairlawn-drive,8933f52df238526901,Southridge,"115 Fairlawn Drive McKinney, TX 75071",,Oscar,Available | Now,324990,,,,,,Savings Shown,"$324,990 | 337990 | Save: | $13,000 | 115 Fairlawn Drive | McKinney, TX 75071 | 4 | Beds | 3 | Baths | 2,131 | SQ FT | Available Date: | Now | Community | Southridge | Floor Plan | Oscar | View Detail | As low as | $2,886",
2026-09-05,Trophy Signature Homes,DFW,https://trophysignaturehomes.com/homes/dallas-ft-worth,https://trophysignaturehomes.com/homes/dallas-ft-worth/forney/devonshire/1886-balfour-bend,fe11c0e7fd33464249,Devonshire,"1886 Balfour Bend Forney, TX 75126",,Hayden,Available | Now,336490,,,,,,Savings Shown,"$336,490 | 344490 | Save: | $8,000 | Open | House | Wednesday & Friday 11AM - 4PM | Saturday & Sunday 11AM - 4PM | 1886 Balfour Bend | Forney, TX 75126 | 4 | Beds | 3 | Baths | 2,132 | SQ FT | Available Date: | Now | Community | Devonshire | Floor Plan | Hayden | View Detail | As low as | $2,620",
2026-09-05,Trophy Signature Homes,DFW,https://trophysignaturehomes.com/homes/dallas-ft-worth,https://trophysignaturehomes.com/homes/dallas-ft-worth/seagoville/stonehaven/2013-chariot-court,30b024d57917c34d05,Stonehaven,"2013 Chariot Court Seagoville, TX 75159",,Hayden,Est Completion | October 2026,321990,,,,,,,"$321,990 | 2013 Chariot Court | Seagoville, TX 75159 | 4 | Beds | 3 | Baths | 2,132 | SQ FT | Est Completion Date: | October 2026 | Community | Stonehaven | Floor Plan | Hayden | View Detail | As low as | $2,631",
2026-09-05,Trophy Signature Homes,DFW,https://trophysignaturehomes.com/homes/dallas-ft-worth,https://trophysignaturehomes.com/homes/dallas-ft-worth/alvarado/lone-oak/1500-wild-plum-way,10ecc3630cacb6d656,Lone Oak,"1500 Wild Plum Way Alvarado, TX 76009",,Hayden,Est Completion | October 2026,316990,,,,,,,"$316,990 | 1500 Wild Plum Way | Alvarado, TX 76009 | 4 | Beds | 3 | Baths | 2,132 | SQ FT | Est Completion Date: | October 2026 | Community | Lone Oak | Floor Plan | Hayden | View Detail | As low as | $2,620",
2026-09-05,Trophy Signature Homes,DFW,https://trophysignaturehomes.com/homes/dallas-ft-worth,https://trophysignaturehomes.com/homes/dallas-ft-worth/seagoville/stonehaven/1934-paddock-lane,2f513a84d6ed29df72,Stonehaven,"1934 Paddock Lane Seagoville, TX 75159",,Hayden,Est Completion | October 2026,321990,,,,,,,"$321,990 | 1934 Paddock Lane | Seagoville, TX 75159 | 4 | Beds | 3 | Baths | 2,132 | SQ FT | Est Completion Date: | October 2026 | Community | Stonehaven | Floor Plan | Hayden | View Detail | As low as | $2,614",
2026-09-05,Trophy Signature Homes,DFW,https://trophysignaturehomes.com/homes/dallas-ft-worth,https://trophysignaturehomes.com/homes/dallas-ft-worth/alvarado/lone-oak/1509-wild-plum-way,c6b97cd48bff479d87,Lone Oak,"1509 Wild Plum Way Alvarado, TX 76009",,Hayden,Est Completion | October 2026,314990,,,,,,,"$314,990 | 1509 Wild Plum Way | Alvarado, TX 76009 | 4 | Beds | 3 | Baths | 2,132 | SQ FT | Est Completion Date: | October 2026 | Community | Lone Oak | Floor Plan | Hayden | View Detail | As low as | $2,614",
2026-09-05,Trophy Signature Homes,DFW,https://trophysignaturehomes.com/homes/dallas-ft-worth,https://trophysignaturehomes.com/homes/dallas-ft-worth/alvarado/lone-oak/1521-wild-plum-way,80d33687b103bd98fb,Lone Oak,"1521 Wild Plum Way Alvarado, TX 76009",,Hayden,Est Completion | November 2026,314990,,,,,,,"$314,990 | 1521 Wild Plum Way | Alvarado, TX 76009 | 4 | Beds | 3 | Baths | 2,132 | SQ FT | Est Completion Date: | November 2026 | Community | Lone Oak | Floor Plan | Hayden | View Detail | As low as | $2,620",
2026-09-05,Trophy Signature Homes,DFW,https://trophysignaturehomes.com/homes/dallas-ft-worth,https://trophysignaturehomes.com/homes/dallas-ft-worth/seagoville/stonehaven/1939-paddock-lane,7abc11378930a14e27,Stonehaven,"1939 Paddock Lane Seagoville, TX 75159",,Hayden,Est Completion | October 2026,321990,,,,,,,"$321,990 | 1939 Paddock Lane | Seagoville, TX 75159 | 4 | Beds | 3 | Baths | 2,132 | SQ FT | Est Completion Date: | October 2026 | Community | Stonehaven | Floor Plan | Hayden | View Detail | As low as | $2,729",
2026-09-05,Trophy Signature Homes,DFW,https://trophysignaturehomes.com/homes/dallas-ft-worth,https://trophysignaturehomes.com/homes/dallas-ft-worth/lavon/elevon/209-bright-alcove-court,8fea586d4831a2898d,Elevon,"209 Bright Alcove Court Lavon, TX 75166",,Oscar,Available | Now,334990,,,,,,Savings Shown,"$334,990 | 357990 | Save: | $23,000 | 209 Bright Alcove Court | Lavon, TX 75166 | 4 | Beds | 3 | Baths | 2,152 | SQ FT | Available Date: | Now | Community | Elevon | Floor Plan | Oscar | View Detail | As low as | $3,042",
2026-09-05,Trophy Signature Homes,DFW,https://trophysignaturehomes.com/homes/dallas-ft-worth,https://trophysignaturehomes.com/homes/dallas-ft-worth/forney/devonshire/1116-nora-lane,6409a97879f725b469,Devonshire,"1116 Nora Lane Forney, TX 75126",,Oscar,Available | Now,354990,,,,,,Savings Shown,"$354,990 | 360490 | Save: | $5,500 | 1116 Nora Lane | Forney, TX 75126 | 4 | Beds | 3 | Baths | 2,152 | SQ FT | Available Date: | Now | Community | Devonshire | Floor Plan | Oscar | Devonshire | View Detail | As low as | $2,897",
2026-09-05,Trophy Signature Homes,DFW,https://trophysignaturehomes.com/homes/dallas-ft-worth,https://trophysignaturehomes.com/homes/dallas-ft-worth/waxahachie/dove-hollow/457-hocking-hills-drive,b70a0789de1b6b348f,Dove Hollow,"457 Hocking Hills Drive Waxahachie, TX 75165",,Oscar,Available | Now,364990,,,,,,,"$364,990 | 457 Hocking Hills Drive | Waxahachie, TX 75165 | 4 | Beds | 3 | Baths | 2,152 | SQ FT | Available Date: | Now | Community | Dove Hollow | Floor Plan | Oscar | Dove Hollow | View Detail | As low as | $2,784",
2026-09-05,Trophy Signature Homes,DFW,https://trophysignaturehomes.com/homes/dallas-ft-worth,https://trophysignaturehomes.com/homes/dallas-ft-worth/haslet/madero/1457-companero-street,321d53687844d8afd5,Madero,"1457 Companero Street Haslet, TX 76052",,Oscar,Available | Now,349990,372490.0,,,,,Price Cut | Savings Shown,"$349,990 | $372,490 | Save: | $22,500 | Open | House | Monday - Friday 11AM - 4PM | Saturday & Sunday 11AM - 4PM | 1457 Companero Street | Haslet, TX 76052 | 4 | Beds | 3 | Baths | 2,185 | SQ FT | Available Date: | Now | Community | Madero | Floor Plan | Oscar | View Detail | As low as | $2,627",
2026-09-05,Trophy Signature Homes,DFW,https://trophysignaturehomes.com/homes/dallas-ft-worth,https://trophysignaturehomes.com/homes/dallas-ft-worth/mckinney/southridge/522-green-gables-drive,707df24455152b56a2,Southridge,"522 Green Gables Drive McKinney, TX 75071",,Oak II,Available | Now,335990,,,,,,,"$335,990 | 522 Green Gables Drive | McKinney, TX 75071 | 4 | Beds | 2 | .5 | Baths | 2,308 | SQ FT | Available Date: | Now | Community | Southridge | Floor Plan | Oak II | View Detail | As low as | $2,474",
2026-09-05,Trophy Signature Homes,DFW,https://trophysignaturehomes.com/homes/dallas-ft-worth,https://trophysignaturehomes.com/homes/dallas-ft-worth/princeton/lowry-trails/2808-auburn-court,c357f4bbf9f9f637e7,Lowry Trails,"2808 Auburn Court Princeton, TX 75407",,Oak II,Available | Now,329990,,,,,,,"$329,990 | 2808 Auburn Court | Princeton, TX 75407 | 4 | Beds | 2 | .5 | Baths | 2,308 | SQ FT | Available Date: | Now | Community | Lowry Trails | Floor Plan | Oak II | View Detail | As low as | $2,737",
2026-09-05,Trophy Signature Homes,DFW,https://trophysignaturehomes.com/homes/dallas-ft-worth,https://trophysignaturehomes.com/homes/dallas-ft-worth/mckinney/eastridge/815-knox-river-drive,a138e72d0bfa1014a6,Eastridge,"815 Knox River Drive McKinney, TX 75071",,Oak II,Est Completion | October 2026,351490,,,,,,,"$351,490 | 815 Knox River Drive | McKinney, TX 75071 | 4 | Beds | 2 | .5 | Baths | 2,308 | SQ FT | Est Completion Date: | October 2026 | Community | Eastridge | Floor Plan | Oak II | View Detail | As low as | $2,474",
2026-09-05,Trophy Signature Homes,DFW,https://trophysignaturehomes.com/homes/dallas-ft-worth,https://trophysignaturehomes.com/homes/dallas-ft-worth/princeton/lowry-trails/2715-delevan-drive,2dfd0422ea3a69d6a9,Lowry Trails,"2715 Delevan Drive Princeton, TX 75407",,Oak II,Est Completion | September 2026,329990,,,,,,,"$329,990 | 2715 Delevan Drive | Princeton, TX 75407 | 4 | Beds | 2 | .5 | Baths | 2,308 | SQ FT | Est Completion Date: | September 2026 | Community | Lowry Trails | Floor Plan | Oak II | View Detail | As low as | $2,708",
2026-09-05,Trophy Signature Homes,DFW,https://trophysignaturehomes.com/homes/dallas-ft-worth,https://trophysignaturehomes.com/homes/dallas-ft-worth/lavon/nicholson-ranch/321-millwood-road,bc80e502977ec4a5c4,Nicholson Ranch,"321 Millwood Road Lavon, TX 75166",,Mesquite,Available | Now,319990,,,,,,Savings Shown,"$319,990 | 340490 | Save: | $20,500 | 321 Millwood Road | Lavon, TX 75166 | 4 | Beds | 2 | .5 | Baths | 2,311 | SQ FT | Available Date: | Now | Community | Nicholson Ranch | Floor Plan | Mesquite | View Detail | As low as | $2,627",
2026-09-05,Trophy Signature Homes,DFW,https://trophysignaturehomes.com/homes/dallas-ft-worth,https://trophysignaturehomes.com/homes/dallas-ft-worth/mckinney/southridge/3610-valwood-drive,985ca5b76626fdb1d7,Southridge,"3610 Valwood Drive McKinney, TX 75071",,Mesquite,Est Completion | October 2026,335990,,,,,,,"$335,990 | 3610 Valwood Drive | McKinney, TX 75071 | 4 | Beds | 2 | .5 | Baths | 2,311 | SQ FT | Est Completion Date: | October 2026 | Community | Southridge | Floor Plan | Mesquite | View Detail | As low as | $2,629",
2026-09-05,Trophy Signature Homes,DFW,https://trophysignaturehomes.com/homes/dallas-ft-worth,https://trophysignaturehomes.com/homes/dallas-ft-worth/lavon/trails-of-lavon/1221-wolfsbane-drive,f03dd964907889104f,Trails of Lavon,"1221 Wolfsbane Drive Lavon, TX 75166",,Oak II,Available | Now,334990,,,,,,Savings Shown,"$334,990 | 337990 | Save: | $3,000 | Tuesday & Thursday 12-2 and Saturday & Sunday 1-3 | Open | House | Tuesday - Saturday 11AM - 4PM | Sunday 1PM - 5PM | 1221 Wolfsbane Drive | Lavon, TX 75166 | 4 | Beds | 2 | .5 | Baths | 2,318 | SQ FT | Available Date: | Now | Community | Trails of Lavon | Floor Plan | Oak II | Trails of Lavon | View Detail | As low as | $2,725",
2026-09-05,Trophy Signature Homes,DFW,https://trophysignaturehomes.com/homes/dallas-ft-worth,https://trophysignaturehomes.com/homes/dallas-ft-worth/lavon/elevon/284-bright-alcove-court,6ad12fef78d3198777,Elevon,"284 Bright Alcove Court Lavon, TX 75166",,Oak II,Available | Now,334490,,,,,,Savings Shown,"$334,490 | 342490 | Save: | $8,000 | 284 Bright Alcove Court | Lavon, TX 75166 | 4 | Beds | 2 | .5 | Baths | 2,318 | SQ FT | Available Date: | Now | Community | Elevon | Floor Plan | Oak II | View Detail | As low as | $2,819",
2026-09-05,Trophy Signature Homes,DFW,https://trophysignaturehomes.com/homes/dallas-ft-worth,https://trophysignaturehomes.com/homes/dallas-ft-worth/aubrey/belmont/8340-kingfisher-road,632da37a387bad9ac7,Belmont,"8340 Kingfisher Road Aubrey, TX 76227",,Oak II,Available | Now,339990,,,,,,,"$339,990 | 8340 Kingfisher Road | Aubrey, TX 76227 | 4 | Beds | 2 | .5 | Baths | 2,327 | SQ FT | Available Date: | Now | Community | Belmont | Floor Plan | Oak II | View Detail | As low as | $2,708",
2026-09-05,Trophy Signature Homes,DFW,https://trophysignaturehomes.com/homes/dallas-ft-worth,https://trophysignaturehomes.com/homes/dallas-ft-worth/lavon/nicholson-ranch/332-millwood-road,94e3809d41b0ad2e1a,Nicholson Ranch,"332 Millwood Road Lavon, TX 75166",,Mesquite,Available | Now,319990,,,,,,Savings Shown,"$319,990 | 337990 | Save: | $18,000 | Open | House | Tuesday - Saturday 11AM -5PM | Sunday 12PM - 5PM | 332 Millwood Road | Lavon, TX 75166 | 4 | Beds | 2 | .5 | Baths | 2,328 | SQ FT | Available Date: | Now | Community | Nicholson Ranch | Floor Plan | Mesquite | View Detail | As low as | $2,474",
2026-09-05,Trophy Signature Homes,DFW,https://trophysignaturehomes.com/homes/dallas-ft-worth,https://trophysignaturehomes.com/homes/dallas-ft-worth/princeton/lowry-trails/2804-auburn-court,2c242edba2a3f24bb2,Lowry Trails,"2804 Auburn Court Princeton, TX 75407",,Mesquite,Est Completion | September 2026,329990,,,,,,,"$329,990 | 2804 Auburn Court | Princeton, TX 75407 | 4 | Beds | 2 | .5 | Baths | 2,328 | SQ FT | Est Completion Date: | September 2026 | Community | Lowry Trails | Floor Plan | Mesquite | View Detail | As low as | $2,695",
2026-09-05,Trophy Signature Homes,DFW,https://trophysignaturehomes.com/homes/dallas-ft-worth,https://trophysignaturehomes.com/homes/dallas-ft-worth/mckinney/eastridge/811-knox-river-drive,e62aa5010330fe6f7b,Eastridge,"811 Knox River Drive McKinney, TX 75071",,Mesquite,Est Completion | October 2026,345990,,,,,,,"$345,990 | 811 Knox River Drive | McKinney, TX 75071 | 4 | Beds | 2 | .5 | Baths | 2,328 | SQ FT | Est Completion Date: | October 2026 | Community | Eastridge | Floor Plan | Mesquite | View Detail | As low as | $3,006",
2026-09-05,Trophy Signature Homes,DFW,https://trophysignaturehomes.com/homes/dallas-ft-worth,https://trophysignaturehomes.com/homes/dallas-ft-worth/aubrey/belmont/7624-kingfisher-road,4c3f652eecd2235bf2,Belmont,"7624 Kingfisher Road Aubrey, TX 76227",,Haylee,Available | Now,362990,389990.0,,,,,Price Cut | Savings Shown,"$362,990 | $389,990 | Save: | $27,000 | Open | House | Tuesday 12PM - 2PM | Saturday & Sunday 1PM - 3PM | 7624 Kingfisher Road | Aubrey, TX 76227 | 4 | Beds | 3 | Baths | 2,426 | SQ FT | Available Date: | Now | Community | Belmont | Floor Plan | Haylee | View Detail | As low as | $2,664",
2026-09-05,Trophy Signature Homes,DFW,https://trophysignaturehomes.com/homes/dallas-ft-worth,https://trophysignaturehomes.com/homes/dallas-ft-worth/farmersville/lakehaven/3915-somerville-drive,3f82679ae014dd3be3,Lakehaven,"3915 Somerville Drive Farmersville, TX 75442",,Haylee,Available | Now,312990,,,,,,Savings Shown,"$312,990 | 324990 | Save: | $12,000 | Open | House | Tuesday 12PM - 4PM | Saturday & Sunday 1PM - 5PM | 3915 Somerville Drive | Farmersville, TX 75442 | 4 | Beds | 3 | Baths | 2,426 | SQ FT | Available Date: | Now | Community | Lakehaven | Floor Plan | Haylee | View Detail | As low as | $2,810",
2026-09-05,Trophy Signature Homes,DFW,https://trophysignaturehomes.com/homes/dallas-ft-worth,https://trophysignaturehomes.com/homes/dallas-ft-worth/lavon/trails-of-lavon/748-jasmine-lane,76bf713cf9b11dfee2,Trails of Lavon,"748 Jasmine Lane Lavon, TX 75166",,Haylee,Available | Now,358490,,,,,,,"$358,490 | Tuesday & Thursday 12-2 and Saturday & Sunday 1-3 | Open | House | Tuesday - Saturday 11AM - 4PM | Sunday 1PM - 5PM | 748 Jasmine Lane | Lavon, TX 75166 | 4 | Beds | 3 | Baths | 2,426 | SQ FT | Available Date: | Now | Community | Trails of Lavon | Floor Plan | Haylee | View Detail | As low as | $2,821",
2026-09-05,Trophy Signature Homes,DFW,https://trophysignaturehomes.com/homes/dallas-ft-worth,https://trophysignaturehomes.com/homes/dallas-ft-worth/lavon/trails-of-lavon/761-sierra-ridge,4da516c5ea4c7e4dd7,Trails of Lavon,"761 Sierra Ridge Lavon, TX 75166",,Haylee,Available | Now,359990,,,,,,,"$359,990 | 761 Sierra Ridge | Lavon, TX 75166 | 4 | Beds | 3 | Baths | 2,426 | SQ FT | Available Date: | Now | Community | Trails of Lavon | Floor Plan | Haylee | View Detail | As low as | $2,914",
2026-09-05,Trophy Signature Homes,DFW,https://trophysignaturehomes.com/homes/dallas-ft-worth,https://trophysignaturehomes.com/homes/dallas-ft-worth/dallas-ft-worth/terra-vella/857-rockcloud-drive,7fb9299d761c8713b7,Terra Vella,"857 Rockcloud Drive Fort Worth, TX 76052",,Haylee,Available | Now,371990,,,,,,,"$371,990 | 857 Rockcloud Drive | Fort Worth, TX 76052 | 4 | Beds | 3 | Baths | 2,444 | SQ FT | Available Date: | Now | Community | Terra Vella | Floor Plan | Haylee | View Detail | As low as | $3,142",
2026-09-05,Trophy Signature Homes,DFW,https://trophysignaturehomes.com/homes/dallas-ft-worth,https://trophysignaturehomes.com/homes/dallas-ft-worth/forney/devonshire/2208-willowbank-drive,1bf9bf3fa4d6c24c35,Devonshire,"2208 Willowbank Drive Forney, TX 75126",,Stanley II,Est Completion | October 2026,366990,,,,,,,"$366,990 | 2208 Willowbank Drive | Forney, TX 75126 | 4 | Beds | 3 | Baths | 2,444 | SQ FT | Est Completion Date: | October 2026 | Community | Devonshire | Floor Plan | Stanley II | View Detail | As low as | $3,128",
2026-09-05,Trophy Signature Homes,DFW,https://trophysignaturehomes.com/homes/dallas-ft-worth,https://trophysignaturehomes.com/homes/dallas-ft-worth/waxahachie/dove-hollow/477-hocking-hills-drive,024f988c5516196f98,Dove Hollow,"477 Hocking Hills Drive Waxahachie, TX 75165",,Stanley II,Available | Now,394490,,,,,,Savings Shown,"$394,490 | 397490 | Save: | $3,000 | Open | House | Friday 2PM - 4PM | Saturday & Sunday 1PM - 3PM | 477 Hocking Hills Drive | Waxahachie, TX 75165 | 4 | Beds | 3 | Baths | 2,444 | SQ FT | Available Date: | Now | Community | Dove Hollow | Floor Plan | Stanley II | Dove Hollow | View Detail | As low as | $3,116",
2026-09-05,Trophy Signature Homes,DFW,https://trophysignaturehomes.com/homes/dallas-ft-worth,https://trophysignaturehomes.com/homes/dallas-ft-worth/waxahachie/dove-hollow/465-hocking-hills-drive,11b38983356ada4ea9,Dove Hollow,"465 Hocking Hills Drive Waxahachie, TX 75165",,Stanley II,Available | Now,392990,,,,,,Savings Shown,"$392,990 | 394990 | Save: | $2,000 | 465 Hocking Hills Drive | Waxahachie, TX 75165 | 4 | Beds | 3 | Baths | 2,444 | SQ FT | Available Date: | Now | Community | Dove Hollow | Floor Plan | Stanley II | Dove Hollow | View Detail | As low as | $3,125",
2026-09-05,Trophy Signature Homes,DFW,https://trophysignaturehomes.com/homes/dallas-ft-worth,https://trophysignaturehomes.com/homes/dallas-ft-worth/forney/devonshire/1133-nora-lane,112a44d1cd96af3327,Devonshire,"1133 Nora Lane Forney, TX 75126",,Stanley II,Est Completion | November 2026,364990,,,,,,,"$364,990 | 1133 Nora Lane | Forney, TX 75126 | 4 | Beds | 3 | Baths | 2,444 | SQ FT | Est Completion Date: | November 2026 | Community | Devonshire | Floor Plan | Stanley II | View Detail | As low as | $2,756",
2026-09-05,Trophy Signature Homes,DFW,https://trophysignaturehomes.com/homes/dallas-ft-worth,https://trophysignaturehomes.com/homes/dallas-ft-worth/alvarado/lone-oak/1517-wild-plum-way,505d74525ada945283,Lone Oak,"1517 Wild Plum Way Alvarado, TX 76009",,Haylee,Est Completion | October 2026,332490,,,,,,,"$332,490 | 1517 Wild Plum Way | Alvarado, TX 76009 | 4 | Beds | 3 | Baths | 2,444 | SQ FT | Est Completion Date: | October 2026 | Community | Lone Oak | Floor Plan | Haylee | View Detail | As low as | $3,046",
2026-09-05,Trophy Signature Homes,DFW,https://trophysignaturehomes.com/homes/dallas-ft-worth,https://trophysignaturehomes.com/homes/dallas-ft-worth/aubrey/belmont/7712-kingfisher-road,381617bafc720b7ffa,Belmont,"7712 Kingfisher Road Aubrey, TX 76227",,Haylee,Available | Now,367990,389990.0,,,,,Price Cut | Savings Shown,"$367,990 | $389,990 | Save: | $22,000 | 7712 Kingfisher Road | Aubrey, TX 76227 | 4 | Beds | 3 | Baths | 2,447 | SQ FT | Available Date: | Now | Community | Belmont | Floor Plan | Haylee | View Detail | As low as | $3,106",
2026-09-05,Trophy Signature Homes,DFW,https://trophysignaturehomes.com/homes/dallas-ft-worth,https://trophysignaturehomes.com/homes/dallas-ft-worth/lavon/trails-of-lavon/337-yellowstar-lane,ab9ef7111cd254eec0,Trails of Lavon,"337 Yellowstar Lane Lavon, TX 75166",,Stanley II,Available | Now,396990,,,,,,Savings Shown,"$396,990 | 399990 | Save: | $3,000 | Tuesday & Thursday 12-2 and Saturday & Sunday 1-3 | Open | House | Tuesday - Saturday 11AM - 4PM | Sunday 1PM - 5PM | 337 Yellowstar Lane | Lavon, TX 75166 | 4 | Beds | 3 | Baths | 2,447 | SQ FT | Available Date: | Now | Community | Trails of Lavon | Floor Plan | Stanley II | 3-Car Garage | View Detail | As low as | $2,944",
2026-09-05,Trophy Signature Homes,DFW,https://trophysignaturehomes.com/homes/dallas-ft-worth,https://trophysignaturehomes.com/homes/dallas-ft-worth/lavon/elevon/911-sleepy-landing-drive,c222be68931d8fe6a4,Elevon,"911 Sleepy Landing Drive Lavon, TX 75166",,Stanley II,Available | Now,362990,,,,,,Savings Shown,"$362,990 | 379990 | Save: | $17,000 | Open | House | Tuesday & Thursday 12PM - 4PM | Saturday & Sunday 12PM - 4PM | 911 Sleepy Landing Drive | Lavon, TX 75166 | 4 | Beds | 3 | Baths | 2,447 | SQ FT | Available Date: | Now | Community | Elevon | Floor Plan | Stanley II | View Detail | As low as | $3,019",
2026-09-05,Trophy Signature Homes,DFW,https://trophysignaturehomes.com/homes/dallas-ft-worth,https://trophysignaturehomes.com/homes/dallas-ft-worth/haslet/madero/1433-companero-street,31a061bd0f40c2afc4,Madero,"1433 Companero Street Haslet, TX 76052",,Stanley II,Available | Now,379990,,,,,,Savings Shown,"$379,990 | 394990 | Save: | $15,000 | Open | House | Monday - Friday 11AM - 4PM | Saturday & Sunday 11AM - 4PM | 1433 Companero Street | Haslet, TX 76052 | 4 | Beds | 3 | Baths | 2,447 | SQ FT | Available Date: | Now | Community | Madero | Floor Plan | Stanley II | View Detail | As low as | $3,081",
2026-09-05,Trophy Signature Homes,DFW,https://trophysignaturehomes.com/homes/dallas-ft-worth,https://trophysignaturehomes.com/homes/dallas-ft-worth/lavon/nicholson-ranch/1120-del-rio-drive,7b8288c9b8ba93ab93,Nicholson Ranch,"1120 Del Rio Drive Lavon, TX 75166",,Stanley II,Available | Now,364990,,,,,,,"$364,990 | 1120 Del Rio Drive | Lavon, TX 75166 | 4 | Beds | 3 | Baths | 2,447 | SQ FT | Available Date: | Now | Community | Nicholson Ranch | Floor Plan | Stanley II | View Detail | As low as | $3,167",
2026-09-05,Trophy Signature Homes,DFW,https://trophysignaturehomes.com/homes/dallas-ft-worth,https://trophysignaturehomes.com/homes/dallas-ft-worth/fort-worth/cibolo-hills-west/10520-colonial-heights-lane,2b333cb83a842154c4,Cibolo Hills West,"10520 Colonial Heights Lane Fort Worth, TX 76179",,Stanley II,Available | Now,380990,,,,,,,"$380,990 | Open | House | Saturday & Sunday 1PM - 3PM | 10520 Colonial Heights Lane | Fort Worth, TX 76179 | 4 | Beds | 3 | Baths | 2,447 | SQ FT | Available Date: | Now | Community | Cibolo Hills West | Floor Plan | Stanley II | View Detail | As low as | $3,212",
2026-09-05,Trophy Signature Homes,DFW,https://trophysignaturehomes.com/homes/dallas-ft-worth,https://trophysignaturehomes.com/homes/dallas-ft-worth/fort-worth/cibolo-hills-west/10640-dillon-street,da89b860eb7aa90f5f,Cibolo Hills West,"10640 Dillon Street Fort Worth, TX 76179",,Stanley II,Available | Now,386490,,,,,,,"$386,490 | 10640 Dillon Street | Fort Worth, TX 76179 | 4 | Beds | 3 | Baths | 2,447 | SQ FT | Available Date: | Now | Community | Cibolo Hills West | Floor Plan | Stanley II | View Detail | As low as | $3,429",
2026-09-05,Trophy Signature Homes,DFW,https://trophysignaturehomes.com/homes/dallas-ft-worth,https://trophysignaturehomes.com/homes/dallas-ft-worth/gunter/sunset-ranch/3214-azalea-lane,a61f50fa0285a7fd8b,Sunset Ranch,"3214 Azalea Lane Gunter, TX 75058",,Stanley II,Available | Now,397990,,,,,,,"$397,990 | 3214 Azalea Lane | Gunter, TX 75058 | 4 | Beds | 3 | Baths | 2,447 | SQ FT | Available Date: | Now | Community | Sunset Ranch | Floor Plan | Stanley II | 3-Car Garage | View Detail | As low as | $3,058",
2026-09-05,Trophy Signature Homes,DFW,https://trophysignaturehomes.com/homes/dallas-ft-worth,https://trophysignaturehomes.com/homes/dallas-ft-worth/haslet/madero/1349-companero-street,6f4a2bd2b4c7200f4b,Madero,"1349 Companero Street Haslet, TX 76052",,Stanley II,Available | Now,384990,,,,,,,"$384,990 | 1349 Companero Street | Haslet, TX 76052 | 4 | Beds | 3 | Baths | 2,447 | SQ FT | Available Date: | Now | Community | Madero | Floor Plan | Stanley II | View Detail | As low as | $3,058",
2026-09-05,Trophy Signature Homes,DFW,https://trophysignaturehomes.com/homes/dallas-ft-worth,https://trophysignaturehomes.com/homes/dallas-ft-worth/haslet/madero/1412-companero-street,ca3814b82c4caf3552,Madero,"1412 Companero Street Haslet, TX 76052",,Stanley II,Available | Now,384990,,,,,,,"$384,990 | 1412 Companero Street | Haslet, TX 76052 | 4 | Beds | 3 | Baths | 2,447 | SQ FT | Available Date: | Now | Community | Madero | Floor Plan | Stanley II | View Detail | As low as | $3,006",
2026-09-05,Trophy Signature Homes,DFW,https://trophysignaturehomes.com/homes/dallas-ft-worth,https://trophysignaturehomes.com/homes/dallas-ft-worth/princeton/windmore/2104-sunshining-road,24e0b5739b81dbc893,Windmore,"2104 Sunshining Road Princeton, TX 75407",,Stanley II,Available | Now,379990,,,,,,Savings Shown,"$379,990 | 404990 | Save: | $25,000 | Open | House | Tuesday & Thursday 12PM - 2PM | Saturday & Sunday 1PM - 3PM | 2104 Sunshining Road | Princeton, TX 75407 | 4 | Beds | 3 | Baths | 2,448 | SQ FT | Available Date: | Now | Community | Windmore | Floor Plan | Stanley II | Windmore | View Detail | As low as | $2,614",
2026-09-05,Trophy Signature Homes,DFW,https://trophysignaturehomes.com/homes/dallas-ft-worth,https://trophysignaturehomes.com/homes/dallas-ft-worth/alvarado/lone-oak/905-mossy-oak-drive,455b1d645f6c78d2c0,Lone Oak,"905 Mossy Oak Drive Alvarado, TX 76009",,Haylee,Available | Now,314990,,,,,,Savings Shown,"$314,990 | 331990 | Save: | $17,000 | Open | House | Thursday 12PM - 2PM | Saturday & Sunday 1PM - 3PM | 905 Mossy Oak Drive | Alvarado, TX 76009 | 4 | Beds | 3 | Baths | 2,448 | SQ FT | Available Date: | Now | Community | Lone Oak | Floor Plan | Haylee | View Detail | As low as | $3,092",
2026-09-05,Trophy Signature Homes,DFW,https://trophysignaturehomes.com/homes/dallas-ft-worth,https://trophysignaturehomes.com/homes/dallas-ft-worth/waxahachie/dove-hollow/492-hocking-hills-drive,d6ab2ac00d675f0b77,Dove Hollow,"492 Hocking Hills Drive Waxahachie, TX 75165",,Stanley II,Available | Now,389990,,,,,,Savings Shown,"$389,990 | 399990 | Save: | $10,000 | 492 Hocking Hills Drive | Waxahachie, TX 75165 | 4 | Beds | 3 | Baths | 2,448 | SQ FT | Available Date: | Now | Community | Dove Hollow | Floor Plan | Stanley II | Dove Hollow | View Detail | As low as | $3,321",
2026-09-05,Trophy Signature Homes,DFW,https://trophysignaturehomes.com/homes/dallas-ft-worth,https://trophysignaturehomes.com/homes/dallas-ft-worth/lavon/elevon/1243-treasure-woods-lane,ce6fd88b46fee7e817,Elevon,"1243 Treasure Woods Lane Lavon, TX 75166",,Stanley II,Available | Now,411990,,,,,,,"$411,990 | 1243 Treasure Woods Lane | Lavon, TX 75166 | 4 | Beds | 3 | Baths | 2,448 | SQ FT | Available Date: | Now | Community | Elevon | Floor Plan | Stanley II | Elevon 60's | View Detail | As low as | $3,062",
2026-09-05,Trophy Signature Homes,DFW,https://trophysignaturehomes.com/homes/dallas-ft-worth,https://trophysignaturehomes.com/homes/dallas-ft-worth/aubrey/belmont/2233-magenta-lane,edf28d6c1ff0b2caf0,Belmont,"2233 Magenta Lane Aubrey, TX 76227",,Haylee,Available | Now,369990,,,,,,,"$369,990 | 2233 Magenta Lane | Aubrey, TX 76227 | 4 | Beds | 3 | Baths | 2,448 | SQ FT | Available Date: | Now | Community | Belmont | Floor Plan | Haylee | View Detail | As low as | $2,740",
2026-09-05,Trophy Signature Homes,DFW,https://trophysignaturehomes.com/homes/dallas-ft-worth,https://trophysignaturehomes.com/homes/dallas-ft-worth/seagoville/stonehaven/1908-kentucky-trail,34892642a687938bf2,Stonehaven,"1908 Kentucky Trail Seagoville, TX 75159",,Haylee,Available | Now,336990,,,,,,Savings Shown,"$336,990 | 344990 | Save: | $8,000 | Open | House | Tuesday & Thursday 12PM - 2PM | Saturday & Sunday 1PM - 3PM | 1908 Kentucky Trail | Seagoville, TX 75159 | 4 | Beds | 3 | Baths | 2,448 | SQ FT | Available Date: | Now | Community | Stonehaven | Floor Plan | Haylee | View Detail | As low as | $2,964",
2026-09-05,Trophy Signature Homes,DFW,https://trophysignaturehomes.com/homes/dallas-ft-worth,https://trophysignaturehomes.com/homes/dallas-ft-worth/dallas-ft-worth/terra-vella/15028-leighton-creek-court,c1a495ce8b07636653,Terra Vella,"15028 Leighton Creek Court Fort Worth, TX 76052",,Haylee,Est Completion | September 2026,378490,,,,,,,"$378,490 | 15028 Leighton Creek Court | Fort Worth, TX 76052 | 4 | Beds | 3 | Baths | 2,448 | SQ FT | Est Completion Date: | September 2026 | Community | Terra Vella | Floor Plan | Haylee | View Detail | As low as | $3,277",
2026-09-05,Trophy Signature Homes,DFW,https://trophysignaturehomes.com/homes/dallas-ft-worth,https://trophysignaturehomes.com/homes/dallas-ft-worth/gunter/sunset-ranch/3202-azalea-lane,67cf36105152dcb407,Sunset Ranch,"3202 Azalea Lane Gunter, TX 75058",,Stanley II,Available | Now,379990,,,,,,,"$379,990 | 3202 Azalea Lane | Gunter, TX 75058 | 4 | Beds | 3 | Baths | 2,448 | SQ FT | Available Date: | Now | Community | Sunset Ranch | Floor Plan | Stanley II | View Detail | As low as | $3,112",
2026-09-05,Trophy Signature Homes,DFW,https://trophysignaturehomes.com/homes/dallas-ft-worth,https://trophysignaturehomes.com/homes/dallas-ft-worth/crowley/tesoro-at-chisholm-trail-ranch/6644-valley-lake-lane,43445adcac824a7bbd,Tesoro at Chisholm Trail Ranch,"6644 Valley Lake Lane Crowley, TX 76036",,Stanley II,Available | Now,374990,,,,,,Savings Shown,"$374,990 | 380490 | Save: | $5,500 | Open | House | Saturday & Sunday 1PM - 3PM | 6644 Valley Lake Lane | Crowley, TX 76036 | 4 | Beds | 3 | Baths | 2,448 | SQ FT | Available Date: | Now | Community | Tesoro at Chisholm Trail Ranch | Floor Plan | Stanley II | View Detail | As low as | $2,706",
2026-09-05,Trophy Signature Homes,DFW,https://trophysignaturehomes.com/homes/dallas-ft-worth,https://trophysignaturehomes.com/homes/dallas-ft-worth/princeton/windmore/1125-sundog-drive,7cfe59e2a060132591,Windmore,"1125 Sundog Drive Princeton, TX 75407",,Haylee,Available | Now,340990,,,,,,Savings Shown,"$340,990 | 350990 | Save: | $10,000 | 1125 Sundog Drive | Princeton, TX 75407 | 4 | Beds | 3 | Baths | 2,448 | SQ FT | Available Date: | Now | Community | Windmore | Floor Plan | Haylee | View Detail | As low as | $2,872",
2026-09-05,Trophy Signature Homes,DFW,https://trophysignaturehomes.com/homes/dallas-ft-worth,https://trophysignaturehomes.com/homes/dallas-ft-worth/mckinney/southridge/3515-copperwood-drive,3394f563d799226c24,Southridge,"3515 Copperwood Drive McKinney, TX 75071",,Stanley II,Est Completion | November 2026,367990,,,,,,,"$367,990 | 3515 Copperwood Drive | McKinney, TX 75071 | 4 | Beds | 3 | Baths | 2,448 | SQ FT | Est Completion Date: | November 2026 | Community | Southridge | Floor Plan | Stanley II | View Detail | As low as | $3,616",
2026-09-05,Trophy Signature Homes,DFW,https://trophysignaturehomes.com/homes/dallas-ft-worth,https://trophysignaturehomes.com/homes/dallas-ft-worth/aledo/morningstar/733-lyft-lane,47f5139bed4fcd537e,Morningstar,"733 Lyft Lane Aledo, TX 76008",,Stanley II,Available | Now,419990,,,,,,Savings Shown,"$419,990 | 439990 | Save: | $20,000 | Open | House | Thursday 12PM - 2PM | Saturday & Sunday 1PM - 3PM | 733 Lyft Lane | Aledo, TX 76008 | 4 | Beds | 3 | Baths | 2,466 | SQ FT | Available Date: | Now | Community | Morningstar | Floor Plan | Stanley II | View Detail | As low as | $2,937",
2026-09-05,Trophy Signature Homes,DFW,https://trophysignaturehomes.com/homes/dallas-ft-worth,https://trophysignaturehomes.com/homes/dallas-ft-worth/dallas-ft-worth/terra-vella/881-rockcloud-drive,088ef69c2172469bc0,Terra Vella,"881 Rockcloud Drive Fort Worth, TX 76052",,Haylee,Available | Now,374990,,,,,,,"$374,990 | 881 Rockcloud Drive | Fort Worth, TX 76052 | 4 | Beds | 3 | Baths | 2,466 | SQ FT | Available Date: | Now | Community | Terra Vella | Floor Plan | Haylee | View Detail | As low as | $2,760",
2026-09-05,Trophy Signature Homes,DFW,https://trophysignaturehomes.com/homes/dallas-ft-worth,https://trophysignaturehomes.com/homes/dallas-ft-worth/alvarado/lone-oak/1504-mahogany-avenue,01680a8b735207a467,Lone Oak,"1504 Mahogany Avenue Alvarado, TX 76009",,Haylee,Est Completion | September 2026,332990,,,,,,,"$332,990 | 1504 Mahogany Avenue | Alvarado, TX 76009 | 4 | Beds | 3 | Baths | 2,466 | SQ FT | Est Completion Date: | September 2026 | Community | Lone Oak | Floor Plan | Haylee | View Detail | As low as | $3,954",
2026-09-05,Trophy Signature Homes,DFW,https://trophysignaturehomes.com/homes/dallas-ft-worth,https://trophysignaturehomes.com/homes/dallas-ft-worth/mckinney/painted-tree/4704-starlight-drive,eeb1a34c2c87d8f718,Painted Tree,"4704 Starlight Drive Mckinney, TX 75071",,Stanley II,Available | Now,509990,,,,,,Savings Shown,"$509,990 | 524990 | Save: | $15,000 | 4704 Starlight Drive | Mckinney, TX 75071 | 4 | Beds | 3 | Baths | 2,466 | SQ FT | Available Date: | Now | Community | Painted Tree | Floor Plan | Stanley II | Painted Tree | View Detail | As low as | $2,773",
2026-09-05,Trophy Signature Homes,DFW,https://trophysignaturehomes.com/homes/dallas-ft-worth,https://trophysignaturehomes.com/homes/dallas-ft-worth/alvarado/lone-oak/1501-wild-plum-way,86210cb3e84dd33041,Lone Oak,"1501 Wild Plum Way Alvarado, TX 76009",,Haylee,Est Completion | October 2026,334490,,,,,,,"$334,490 | 1501 Wild Plum Way | Alvarado, TX 76009 | 4 | Beds | 3 | Baths | 2,466 | SQ FT | Est Completion Date: | October 2026 | Community | Lone Oak | Floor Plan | Haylee | View Detail | As low as | $3,954",
2026-09-05,Trophy Signature Homes,DFW,https://trophysignaturehomes.com/homes/dallas-ft-worth,https://trophysignaturehomes.com/homes/dallas-ft-worth/mckinney/painted-tree/4720-starlight-drive,9b5c7ea4c65389868b,Painted Tree,"4720 Starlight Drive Mckinney, TX 75071",,Stanley II,Available | Now,509990,,,,,,Savings Shown,"$509,990 | 524990 | Save: | $15,000 | 4720 Starlight Drive | Mckinney, TX 75071 | 4 | Beds | 3 | Baths | 2,466 | SQ FT | Available Date: | Now | Community | Painted Tree | Floor Plan | Stanley II | Painted Tree | View Detail | As low as | $2,736",
2026-09-05,Trophy Signature Homes,DFW,https://trophysignaturehomes.com/homes/dallas-ft-worth,https://trophysignaturehomes.com/homes/dallas-ft-worth/alvarado/lone-oak/1508-wild-plum-way,28dbb7e04599a3c028,Lone Oak,"1508 Wild Plum Way Alvarado, TX 76009",,Haylee,Est Completion | October 2026,329990,,,,,,,"$329,990 | 1508 Wild Plum Way | Alvarado, TX 76009 | 4 | Beds | 3 | Baths | 2,466 | SQ FT | Est Completion Date: | October 2026 | Community | Lone Oak | Floor Plan | Haylee | View Detail | As low as | $3,784",
2026-09-05,Trophy Signature Homes,DFW,https://trophysignaturehomes.com/homes/dallas-ft-worth,https://trophysignaturehomes.com/homes/dallas-ft-worth/aledo/morningstar/737-brightstar-drive,3b10bd14bc2b3bb394,Morningstar,"737 Brightstar Drive Aledo, TX 76008",,Stanley II,Available | Now,439990,,,,,,,"$439,990 | 737 Brightstar Drive | Aledo, TX 76008 | 4 | Beds | 3 | Baths | 2,466 | SQ FT | Available Date: | Now | Community | Morningstar | Floor Plan | Stanley II | View Detail | As low as | $3,131",
2026-09-05,Trophy Signature Homes,DFW,https://trophysignaturehomes.com/homes/dallas-ft-worth,https://trophysignaturehomes.com/homes/dallas-ft-worth/waxahachie/dove-hollow/460-hocking-hills-drive,26b31508eec714a9fe,Dove Hollow,"460 Hocking Hills Drive Waxahachie, TX 75165",,Stanley II,Available | Now,394990,,,,,,,"$394,990 | 460 Hocking Hills Drive | Waxahachie, TX 75165 | 4 | Beds | 3 | Baths | 2,466 | SQ FT | Available Date: | Now | Community | Dove Hollow | Floor Plan | Stanley II | Dove Hollow | View Detail | As low as | $2,957",
2026-09-05,Trophy Signature Homes,DFW,https://trophysignaturehomes.com/homes/dallas-ft-worth,https://trophysignaturehomes.com/homes/dallas-ft-worth/aubrey/belmont/8360-kingfisher-road,5cdb618137171ef218,Belmont,"8360 Kingfisher Road Aubrey, TX 76227",,Willow,Available | Now,356990,,,,,,Savings Shown,"$356,990 | 376990 | Save: | $20,000 | Open | House | Tuesday 12PM - 2PM | Saturday & Sunday 1PM - 3PM | 8360 Kingfisher Road | Aubrey, TX 76227 | 4 | Beds | 3 | .5 | Baths | 2,536 | SQ FT | Available Date: | Now | Community | Belmont | Floor Plan | Willow | View Detail | As low as | $2,764",
2026-09-05,Trophy Signature Homes,DFW,https://trophysignaturehomes.com/homes/dallas-ft-worth,https://trophysignaturehomes.com/homes/dallas-ft-worth/farmersville/lakehaven/4107-zoe-lane,b64ec16c14de55b6e3,Lakehaven,"4107 Zoe Lane Farmersville, TX 75442",,Willow,Available | Now,324990,,,,,,,"$324,990 | 4107 Zoe Lane | Farmersville, TX 75442 | 4 | Beds | 3 | .5 | Baths | 2,536 | SQ FT | Available Date: | Now | Community | Lakehaven | Floor Plan | Willow | View Detail | As low as | $2,941",
2026-09-05,Trophy Signature Homes,DFW,https://trophysignaturehomes.com/homes/dallas-ft-worth,https://trophysignaturehomes.com/homes/dallas-ft-worth/aubrey/belmont/8349-kingfisher-road,14499aaf941bb1188c,Belmont,"8349 Kingfisher Road Aubrey, TX 76227",,Willow,Available | Now,354990,,,,,,,"$354,990 | 8349 Kingfisher Road | Aubrey, TX 76227 | 4 | Beds | 3 | .5 | Baths | 2,536 | SQ FT | Available Date: | Now | Community | Belmont | Floor Plan | Willow | View Detail | As low as | $2,621",
2026-09-05,Trophy Signature Homes,DFW,https://trophysignaturehomes.com/homes/dallas-ft-worth,https://trophysignaturehomes.com/homes/dallas-ft-worth/princeton/lowry-trails/2712-delevan-drive,4d9a61655acb544301,Lowry Trails,"2712 Delevan Drive Princeton, TX 75407",,Willow,Est Completion | October 2026,349990,,,,,,,"$349,990 | 2712 Delevan Drive | Princeton, TX 75407 | 4 | Beds | 3 | .5 | Baths | 2,536 | SQ FT | Est Completion Date: | October 2026 | Community | Lowry Trails | Floor Plan | Willow | View Detail | As low as | $2,916",
2026-09-05,Trophy Signature Homes,DFW,https://trophysignaturehomes.com/homes/dallas-ft-worth,https://trophysignaturehomes.com/homes/dallas-ft-worth/forney/devonshire/1865-balfour-bend,e1d66f31c41395841f,Devonshire,"1865 Balfour Bend Forney, TX 75126",,Willow,Available | Now,339990,,,,,,Savings Shown,"$339,990 | 349990 | Save: | $10,000 | Open | House | Wednesday & Friday 11AM - 4PM | Saturday & Sunday 11AM - 4PM | 1865 Balfour Bend | Forney, TX 75126 | 4 | Beds | 3 | .5 | Baths | 2,537 | SQ FT | Available Date: | Now | Community | Devonshire | Floor Plan | Willow | View Detail | As low as | $2,847",
2026-09-05,Trophy Signature Homes,DFW,https://trophysignaturehomes.com/homes/dallas-ft-worth,https://trophysignaturehomes.com/homes/dallas-ft-worth/mckinney/eastridge/714-knox-river-drive,e642a55d15c1099e03,Eastridge,"714 Knox River Drive McKinney, TX 75071",,Willow,Available | Now,365990,,,,,,Savings Shown,"$365,990 | 369990 | Save: | $4,000 | Open | House | Saturday & Sunday 1PM - 3PM | 714 Knox River Drive | McKinney, TX 75071 | 4 | Beds | 3 | .5 | Baths | 2,537 | SQ FT | Available Date: | Now | Community | Eastridge | Floor Plan | Willow | View Detail | As low as | $2,621",
2026-09-05,Trophy Signature Homes,DFW,https://trophysignaturehomes.com/homes/dallas-ft-worth,https://trophysignaturehomes.com/homes/dallas-ft-worth/princeton/lowry-trails/2806-auburn-court,eaae4a9c74342b49f6,Lowry Trails,"2806 Auburn Court Princeton, TX 75407",,Willow,Est Completion | September 2026,349990,,,,,,,"$349,990 | 2806 Auburn Court | Princeton, TX 75407 | 4 | Beds | 3 | .5 | Baths | 2,537 | SQ FT | Est Completion Date: | September 2026 | Community | Lowry Trails | Floor Plan | Willow | View Detail | As low as | $2,799",
2026-09-05,Trophy Signature Homes,DFW,https://trophysignaturehomes.com/homes/dallas-ft-worth,https://trophysignaturehomes.com/homes/dallas-ft-worth/mckinney/southridge/3608-valwood-drive,28e8cf3d778f78675d,Southridge,"3608 Valwood Drive McKinney, TX 75071",,Willow,Est Completion | November 2026,358490,,,,,,,"$358,490 | 3608 Valwood Drive | McKinney, TX 75071 | 4 | Beds | 3 | .5 | Baths | 2,537 | SQ FT | Est Completion Date: | November 2026 | Community | Southridge | Floor Plan | Willow | View Detail | As low as | $2,823",
2026-09-05,Trophy Signature Homes,DFW,https://trophysignaturehomes.com/homes/dallas-ft-worth,https://trophysignaturehomes.com/homes/dallas-ft-worth/seagoville/stonehaven/1941-paddock-lane,8316776e1df0e34ca3,Stonehaven,"1941 Paddock Lane Seagoville, TX 75159",,Willow,Est Completion | October 2026,347490,,,,,,,"$347,490 | 1941 Paddock Lane | Seagoville, TX 75159 | 4 | Beds | 3 | .5 | Baths | 2,558 | SQ FT | Est Completion Date: | October 2026 | Community | Stonehaven | Floor Plan | Willow | View Detail | As low as | $2,923",
2026-09-05,Trophy Signature Homes,DFW,https://trophysignaturehomes.com/homes/dallas-ft-worth,https://trophysignaturehomes.com/homes/dallas-ft-worth/seagoville/stonehaven/2015-homestretch-drive,142094d1390c2ef021,Stonehaven,"2015 Homestretch Drive Seagoville, TX 75159",,Willow,Est Completion | October 2026,359990,,,,,,,"$359,990 | 2015 Homestretch Drive | Seagoville, TX 75159 | 4 | Beds | 3 | .5 | Baths | 2,558 | SQ FT | Est Completion Date: | October 2026 | Community | Stonehaven | Floor Plan | Willow | View Detail | As low as | $3,305",
2026-09-05,Trophy Signature Homes,DFW,https://trophysignaturehomes.com/homes/dallas-ft-worth,https://trophysignaturehomes.com/homes/dallas-ft-worth/farmersville/lakehaven/4012-austin-drive,5c12563f0c91033e9a,Lakehaven,"4012 Austin Drive Farmersville, TX 75442",,Gilmour II,Available | Now,389990,,,,,,Savings Shown,"$389,990 | 404990 | Save: | $15,000 | Open | House | Tuesday 12PM - 4PM | Saturday & Sunday 1PM - 5PM | 4012 Austin Drive | Farmersville, TX 75442 | 4 | Beds | 3 | Baths | 2,653 | SQ FT | Available Date: | Now | Community | Lakehaven | Floor Plan | Gilmour II | View Detail | As low as | $3,603",
2026-09-05,Trophy Signature Homes,DFW,https://trophysignaturehomes.com/homes/dallas-ft-worth,https://trophysignaturehomes.com/homes/dallas-ft-worth/forney/devonshire/1138-nora-lane,53728e4b7bc28fc933,Devonshire,"1138 Nora Lane Forney, TX 75126",,Gilmour II,Available | Now,421990,,,,,,Savings Shown,"$421,990 | 427490 | Save: | $5,500 | 1138 Nora Lane | Forney, TX 75126 | 4 | Beds | 3 | Baths | 2,653 | SQ FT | Available Date: | Now | Community | Devonshire | Floor Plan | Gilmour II | View Detail | As low as | $3,575",
2026-09-05,Trophy Signature Homes,DFW,https://trophysignaturehomes.com/homes/dallas-ft-worth,https://trophysignaturehomes.com/homes/dallas-ft-worth/lavon/elevon/1255-treasure-woods-lane,a28846f6ae05b4faed,Elevon,"1255 Treasure Woods Lane Lavon, TX 75166",,Gilmour II,Available | Now,444990,,,,,,,"$444,990 | 1255 Treasure Woods Lane | Lavon, TX 75166 | 4 | Beds | 3 | Baths | 2,653 | SQ FT | Available Date: | Now | Community | Elevon | Floor Plan | Gilmour II | View Detail | As low as | $3,649",
2026-09-05,Trophy Signature Homes,DFW,https://trophysignaturehomes.com/homes/dallas-ft-worth,https://trophysignaturehomes.com/homes/dallas-ft-worth/forney/devonshire/1212-bonchester-lane,a3b5eeb353d8294cf1,Devonshire,"1212 Bonchester Lane Forney, TX 75126",,Gilmour II,Est Completion | November 2026,427490,,,,,,,"$427,490 | 1212 Bonchester Lane | Forney, TX 75126 | 4 | Beds | 3 | Baths | 2,653 | SQ FT | Est Completion Date: | November 2026 | Community | Devonshire | Floor Plan | Gilmour II | View Detail | As low as | $3,270",
2026-09-05,Trophy Signature Homes,DFW,https://trophysignaturehomes.com/homes/dallas-ft-worth,https://trophysignaturehomes.com/homes/dallas-ft-worth/mckinney/southridge/3706-copperwood-drive,df343a3be44df40f8c,Southridge,"3706 Copperwood Drive McKinney, TX 75071",,Gilmour II,Available | Now,419990,,,,,,Savings Shown,"$419,990 | 424990 | Save: | $5,000 | 3706 Copperwood Drive | McKinney, TX 75071 | 4 | Beds | 3 | Baths | 2,653 | SQ FT | Available Date: | Now | Community | Southridge | Floor Plan | Gilmour II | View Detail | As low as | $3,208",
2026-09-05,Trophy Signature Homes,DFW,https://trophysignaturehomes.com/homes/dallas-ft-worth,https://trophysignaturehomes.com/homes/dallas-ft-worth/aubrey/belmont/7628-kingfisher-road,8e25578b921547235b,Belmont,"7628 Kingfisher Road Aubrey, TX 76227",,Holden,Available | Now,387990,409990.0,,,,,Price Cut | Savings Shown,"$387,990 | $409,990 | Save: | $22,000 | Open | House | Tuesday 12PM - 2PM | Saturday & Sunday 1PM - 3PM | 7628 Kingfisher Road | Aubrey, TX 76227 | 5 | Beds | 3 | Baths | 2,660 | SQ FT | Available Date: | Now | Community | Belmont | Floor Plan | Holden | View Detail | As low as | $3,117",
2026-09-05,Trophy Signature Homes,DFW,https://trophysignaturehomes.com/homes/dallas-ft-worth,https://trophysignaturehomes.com/homes/dallas-ft-worth/mckinney/southridge/3710-copperwood-drive,1937fc5ac0bf2a95f7,Southridge,"3710 Copperwood Drive McKinney, TX 75071",,Gilmour II,Available | Now,399990,,,,,,Savings Shown,"$399,990 | 444990 | Save: | $45,000 | 3710 Copperwood Drive | McKinney, TX 75071 | 4 | Beds | 3 | Baths | 2,667 | SQ FT | Available Date: | Now | Community | Southridge | Floor Plan | Gilmour II | View Detail | As low as | $3,615",
2026-09-05,Trophy Signature Homes,DFW,https://trophysignaturehomes.com/homes/dallas-ft-worth,https://trophysignaturehomes.com/homes/dallas-ft-worth/gunter/sunset-ranch/3206-azalea-lane,6686707b6bc0b08636,Sunset Ranch,"3206 Azalea Lane Gunter, TX 75058",,Gilmour II,Available | Now,419990,,,,,,,"$419,990 | 3206 Azalea Lane | Gunter, TX 75058 | 4 | Beds | 3 | Baths | 2,667 | SQ FT | Available Date: | Now | Community | Sunset Ranch | Floor Plan | Gilmour II | View Detail | As low as | $3,445",
2026-09-05,Trophy Signature Homes,DFW,https://trophysignaturehomes.com/homes/dallas-ft-worth,https://trophysignaturehomes.com/homes/dallas-ft-worth/princeton/windmore/2116-sunshining-road,ee665f4574c484319a,Windmore,"2116 Sunshining Road Princeton, TX 75407",,Gilmour II,Available | Now,436990,,,,,,Savings Shown,"$436,990 | 444990 | Save: | $8,000 | 2116 Sunshining Road | Princeton, TX 75407 | 4 | Beds | 3 | Baths | 2,667 | SQ FT | Available Date: | Now | Community | Windmore | Floor Plan | Gilmour II | View Detail | As low as | $3,350",
2026-09-05,Trophy Signature Homes,DFW,https://trophysignaturehomes.com/homes/dallas-ft-worth,https://trophysignaturehomes.com/homes/dallas-ft-worth/waxahachie/dove-hollow/480-hocking-hills-drive,943d499c94f0470797,Dove Hollow,"480 Hocking Hills Drive Waxahachie, TX 75165",,Masters,Available | Now,422990,,,,,,Savings Shown,"$422,990 | 425490 | Save: | $2,500 | 480 Hocking Hills Drive | Waxahachie, TX 75165 | 5 | Beds | 4 | Baths | 2,682 | SQ FT | Available Date: | Now | Community | Dove Hollow | Floor Plan | Masters | Dove Hollow | View Detail | As low as | $3,749",
2026-09-05,Trophy Signature Homes,DFW,https://trophysignaturehomes.com/homes/dallas-ft-worth,https://trophysignaturehomes.com/homes/dallas-ft-worth/fort-worth/ventana/10613-blakely-creek-road,ffa955257941f31a33,Ventana,"10613 Blakely Creek Road Fort Worth, TX 76126",,Masters,Est Completion | November 2026,460990,,,,,,,"$460,990 | 10613 Blakely Creek Road | Fort Worth, TX 76126 | 5 | Beds | 4 | Baths | 2,682 | SQ FT | Est Completion Date: | November 2026 | Community | Ventana | Floor Plan | Masters | Ventana | View Detail | As low as | $3,638",
2026-09-05,Trophy Signature Homes,DFW,https://trophysignaturehomes.com/homes/dallas-ft-worth,https://trophysignaturehomes.com/homes/dallas-ft-worth/waxahachie/dove-hollow/453-hocking-hills-drive,dc6d40b4fd477197bb,Dove Hollow,"453 Hocking Hills Drive Waxahachie, TX 75165",,Claret,Available | Now,459900,,,,,,Savings Shown,"$459,900 | 465900 | Save: | $6,000 | Open | House | Friday 2PM - 4PM | Saturday & Sunday 1PM - 3PM | 453 Hocking Hills Drive | Waxahachie, TX 75165 | 4 | Beds | 3 | Baths | 2,704 | SQ FT | Available Date: | Now | Community | Dove Hollow | Floor Plan | Claret | Dove Hollow | View Detail | As low as | $3,090",
2026-09-05,Trophy Signature Homes,DFW,https://trophysignaturehomes.com/homes/dallas-ft-worth,https://trophysignaturehomes.com/homes/dallas-ft-worth/lavon/trails-of-lavon/887-sunflower-road,cf665248711c841ce8,Trails of Lavon,"887 Sunflower Road Lavon, TX 75166",,Claret,Available | Now,394990,,,,,,,"$394,990 | 887 Sunflower Road | Lavon, TX 75166 | 4 | Beds | 3 | Baths | 2,704 | SQ FT | Available Date: | Now | Community | Trails of Lavon | Floor Plan | Claret | View Detail | As low as | $3,700",
2026-09-05,Trophy Signature Homes,DFW,https://trophysignaturehomes.com/homes/dallas-ft-worth,https://trophysignaturehomes.com/homes/dallas-ft-worth/aledo/morningstar/749-lyft-lane,2f23fb1575eb899b58,Morningstar,"749 Lyft Lane Aledo, TX 76008",,Claret,Available | Now,429990,459990.0,,,,,Price Cut | Savings Shown,"$429,990 | $459,990 | Save: | $30,000 | Open | House | Thursday 12PM - 2PM | Saturday & Sunday 1PM - 3PM | 749 Lyft Lane | Aledo, TX 76008 | 4 | Beds | 3 | Baths | 2,705 | SQ FT | Available Date: | Now | Community | Morningstar | Floor Plan | Claret | View Detail | As low as | $3,151",
2026-09-05,Trophy Signature Homes,DFW,https://trophysignaturehomes.com/homes/dallas-ft-worth,https://trophysignaturehomes.com/homes/dallas-ft-worth/mckinney/eastridge/807-poppleton-drive,380725f14862df16f9,Eastridge,"807 Poppleton Drive McKinney, TX 75071",,Claret,Available | Now,405990,,,,,,Savings Shown,"$405,990 | 407990 | Save: | $2,000 | 807 Poppleton Drive | McKinney, TX 75071 | 4 | Beds | 3 | Baths | 2,705 | SQ FT | Available Date: | Now | Community | Eastridge | Floor Plan | Claret | View Detail | As low as | $3,331",
2026-09-05,Trophy Signature Homes,DFW,https://trophysignaturehomes.com/homes/dallas-ft-worth,https://trophysignaturehomes.com/homes/dallas-ft-worth/mckinney/southridge/3701-copperwood-drive,c6c5e3f61c3b3661a3,Southridge,"3701 Copperwood Drive McKinney, TX 75071",,Claret,Est Completion | September 2026,427990,,,,,,,"$427,990 | 3701 Copperwood Drive | McKinney, TX 75071 | 4 | Beds | 3 | Baths | 2,705 | SQ FT | Est Completion Date: | September 2026 | Community | Southridge | Floor Plan | Claret | 3-Car Garage | View Detail | As low as | $4,257",
2026-09-05,Trophy Signature Homes,DFW,https://trophysignaturehomes.com/homes/dallas-ft-worth,https://trophysignaturehomes.com/homes/dallas-ft-worth/mckinney/painted-tree/4709-carina-road,abede0c735514403e3,Painted Tree,"4709 Carina Road Mckinney, TX 75071",,Claret,Available | Now,549990,,,,,,,"$549,990 | 4709 Carina Road | Mckinney, TX 75071 | 4 | Beds | 3 | Baths | 2,727 | SQ FT | Available Date: | Now | Community | Painted Tree | Floor Plan | Claret | View Detail | As low as | $3,489",
2026-09-05,Trophy Signature Homes,DFW,https://trophysignaturehomes.com/homes/dallas-ft-worth,https://trophysignaturehomes.com/homes/dallas-ft-worth/forney/devonshire/1866-balfour-bend,bd6d4a672013c640c4,Devonshire,"1866 Balfour Bend Forney, TX 75126",,Claret,Available | Now,408400,,,,,,Savings Shown,"$408,400 | 411400 | Save: | $3,000 | Open | House | Wednesday & Friday 11AM - 4PM | Saturday & Sunday 11AM - 4PM | 1866 Balfour Bend | Forney, TX 75126 | 4 | Beds | 3 | Baths | 2,728 | SQ FT | Available Date: | Now | Community | Devonshire | Floor Plan | Claret | Devonshire | View Detail | As low as | $3,160",
2026-09-05,Trophy Signature Homes,DFW,https://trophysignaturehomes.com/homes/dallas-ft-worth,https://trophysignaturehomes.com/homes/dallas-ft-worth/princeton/windmore/2107-heatwave-lane,8c92f416c561972bd0,Windmore,"2107 Heatwave Lane Princeton, TX 75407",,Claret,Available | Now,399990,437490.0,,,,,Price Cut | Savings Shown,"$399,990 | $437,490 | Save: | $37,500 | 2107 Heatwave Lane | Princeton, TX 75407 | 4 | Beds | 3 | Baths | 2,728 | SQ FT | Available Date: | Now | Community | Windmore | Floor Plan | Claret | Windmore | View Detail | As low as | $3,121",
2026-09-05,Trophy Signature Homes,DFW,https://trophysignaturehomes.com/homes/dallas-ft-worth,https://trophysignaturehomes.com/homes/dallas-ft-worth/mckinney/southridge/207-whitlow-drive,8fb773813aca95d04b,Southridge,"207 Whitlow Drive McKinney, TX 75071",,Claret,Available | Now,400490,,,,,,Savings Shown,"$400,490 | 402490 | Save: | $2,000 | 207 Whitlow Drive | McKinney, TX 75071 | 4 | Beds | 3 | Baths | 2,728 | SQ FT | Available Date: | Now | Community | Southridge | Floor Plan | Claret | View Detail | As low as | $3,189",
2026-09-05,Trophy Signature Homes,DFW,https://trophysignaturehomes.com/homes/dallas-ft-worth,https://trophysignaturehomes.com/homes/dallas-ft-worth/mckinney/eastridge/724-summerberry-drive,a82ee5cfe68e2d3a7b,Eastridge,"724 Summerberry Drive McKinney, TX 75071",,Claret,Available | Now,410990,,,,,,Savings Shown,"$410,990 | 421990 | Save: | $11,000 | Open | House | Saturday & Sunday 1PM - 3PM | 724 Summerberry Drive | McKinney, TX 75071 | 4 | Beds | 3 | Baths | 2,728 | SQ FT | Available Date: | Now | Community | Eastridge | Floor Plan | Claret | View Detail | As low as | $3,630",
2026-09-05,Trophy Signature Homes,DFW,https://trophysignaturehomes.com/homes/dallas-ft-worth,https://trophysignaturehomes.com/homes/dallas-ft-worth/fort-worth/ventana/10612-blakely-creek-road,ca21f8d96e79e008d8,Ventana,"10612 Blakely Creek Road Fort Worth, TX 76126",,Claret,Est Completion | November 2026,445990,,,,,,,"$445,990 | 10612 Blakely Creek Road | Fort Worth, TX 76126 | 4 | Beds | 3 | Baths | 2,728 | SQ FT | Est Completion Date: | November 2026 | Community | Ventana | Floor Plan | Claret | Ventana | View Detail | As low as | $3,826",
2026-09-05,Trophy Signature Homes,DFW,https://trophysignaturehomes.com/homes/dallas-ft-worth,https://trophysignaturehomes.com/homes/dallas-ft-worth/aledo/morningstar/744-brightstar-drive,4ebc7b5d94eb3495f2,Morningstar,"744 Brightstar Drive Aledo, TX 76008",,Claret,Available | Now,444990,,,,,,,"$444,990 | 744 Brightstar Drive | Aledo, TX 76008 | 4 | Beds | 3 | Baths | 2,728 | SQ FT | Available Date: | Now | Community | Morningstar | Floor Plan | Claret | View Detail | As low as | $3,573",
2026-09-05,Trophy Signature Homes,DFW,https://trophysignaturehomes.com/homes/dallas-ft-worth,https://trophysignaturehomes.com/homes/dallas-ft-worth/gunter/sunset-ranch/3207-azalea-lane,1142dd5029c22683dc,Sunset Ranch,"3207 Azalea Lane Gunter, TX 75058",,Claret,Available | Now,414990,,,,,,,"$414,990 | 3207 Azalea Lane | Gunter, TX 75058 | 4 | Beds | 3 | Baths | 2,728 | SQ FT | Available Date: | Now | Community | Sunset Ranch | Floor Plan | Claret | 3-Car Garage | View Detail | As low as | $3,133",
2026-09-05,Trophy Signature Homes,DFW,https://trophysignaturehomes.com/homes/dallas-ft-worth,https://trophysignaturehomes.com/homes/dallas-ft-worth/lavon/elevon/146-sunset-canyon-drive,a0af40d86478915705,Elevon,"146 Sunset Canyon Drive Lavon, TX 75166",,Claret,Est Completion | September 2026,387490,,,,,,,"$387,490 | 146 Sunset Canyon Drive | Lavon, TX 75166 | 4 | Beds | 3 | Baths | 2,728 | SQ FT | Est Completion Date: | September 2026 | Community | Elevon | Floor Plan | Claret | View Detail | As low as | $2,696",
2026-09-05,Trophy Signature Homes,DFW,https://trophysignaturehomes.com/homes/dallas-ft-worth,https://trophysignaturehomes.com/homes/dallas-ft-worth/alvarado/lone-oak/900-mossy-oak-drive,83956bee6282b588f1,Lone Oak,"900 Mossy Oak Drive Alvarado, TX 76009",,Holden,Available | Now,324990,366990.0,,,,,Price Cut | Savings Shown,"$324,990 | $366,990 | Save: | $42,000 | Open | House | Thursday 12PM - 2PM | Saturday & Sunday 1PM - 3PM | 900 Mossy Oak Drive | Alvarado, TX 76009 | 5 | Beds | 3 | Baths | 2,771 | SQ FT | Available Date: | Now | Community | Lone Oak | Floor Plan | Holden | View Detail | As low as | $3,208",
2026-09-05,Trophy Signature Homes,DFW,https://trophysignaturehomes.com/homes/dallas-ft-worth,https://trophysignaturehomes.com/homes/dallas-ft-worth/aubrey/belmont/7716-kingfisher-road,b118ccae22d7d6afb2,Belmont,"7716 Kingfisher Road Aubrey, TX 76227",,Holden,Available | Now,387990,409990.0,,,,,Price Cut | Savings Shown,"$387,990 | $409,990 | Save: | $22,000 | 7716 Kingfisher Road | Aubrey, TX 76227 | 5 | Beds | 3 | Baths | 2,771 | SQ FT | Available Date: | Now | Community | Belmont | Floor Plan | Holden | View Detail | As low as | $2,883",
2026-09-05,Trophy Signature Homes,DFW,https://trophysignaturehomes.com/homes/dallas-ft-worth,https://trophysignaturehomes.com/homes/dallas-ft-worth/princeton/windmore/904-windy-valley-road,70e0a4a2057b10b611,Windmore,"904 Windy Valley Road Princeton, TX 75407",,Holden,Available | Now,363990,,,,,,Savings Shown,"$363,990 | 373990 | Save: | $10,000 | Open | House | Tuesday & Thursday 12PM - 2PM | Saturday & Sunday 1PM - 3PM | 904 Windy Valley Road | Princeton, TX 75407 | 5 | Beds | 3 | Baths | 2,771 | SQ FT | Available Date: | Now | Community | Windmore | Floor Plan | Holden | View Detail | As low as | $3,091",
2026-09-05,Trophy Signature Homes,DFW,https://trophysignaturehomes.com/homes/dallas-ft-worth,https://trophysignaturehomes.com/homes/dallas-ft-worth/dallas-ft-worth/terra-vella/15008-leighton-creek-court,e833b9d89505397305,Terra Vella,"15008 Leighton Creek Court Fort Worth, TX 76052",,Holden,Est Completion | September 2026,394990,,,,,,,"$394,990 | 15008 Leighton Creek Court | Fort Worth, TX 76052 | 5 | Beds | 3 | Baths | 2,771 | SQ FT | Est Completion Date: | September 2026 | Community | Terra Vella | Floor Plan | Holden | View Detail | As low as | $2,764",
2026-09-05,Trophy Signature Homes,DFW,https://trophysignaturehomes.com/homes/dallas-ft-worth,https://trophysignaturehomes.com/homes/dallas-ft-worth/farmersville/lakehaven/3907-somerville-drive,17e50c499f2e48a3a3,Lakehaven,"3907 Somerville Drive Farmersville, TX 75442",,Holden,Available | Now,324990,,,,,,Savings Shown,"$324,990 | 345990 | Save: | $21,000 | 3907 Somerville Drive | Farmersville, TX 75442 | 5 | Beds | 3 | Baths | 2,780 | SQ FT | Available Date: | Now | Community | Lakehaven | Floor Plan | Holden | View Detail | As low as | $3,076",
2026-09-05,Trophy Signature Homes,DFW,https://trophysignaturehomes.com/homes/dallas-ft-worth,https://trophysignaturehomes.com/homes/dallas-ft-worth/dallas-ft-worth/terra-vella/829-rockcloud-drive,4f23670c54b8133032,Terra Vella,"829 Rockcloud Drive Fort Worth, TX 76052",,Holden,Available | Now,392990,,,,,,,"$392,990 | 829 Rockcloud Drive | Fort Worth, TX 76052 | 5 | Beds | 3 | Baths | 2,780 | SQ FT | Available Date: | Now | Community | Terra Vella | Floor Plan | Holden | View Detail | As low as | $2,847",
2026-09-05,Trophy Signature Homes,DFW,https://trophysignaturehomes.com/homes/dallas-ft-worth,https://trophysignaturehomes.com/homes/dallas-ft-worth/farmersville/lakehaven/4003-somerville-drive,a455b405eb6318d1b1,Lakehaven,"4003 Somerville Drive Farmersville, TX 75442",,Holden,Available | Now,334990,,,,,,,"$334,990 | 4003 Somerville Drive | Farmersville, TX 75442 | 5 | Beds | 3 | Baths | 2,780 | SQ FT | Available Date: | Now | Community | Lakehaven | Floor Plan | Holden | View Detail | As low as | $3,053",
2026-09-05,Trophy Signature Homes,DFW,https://trophysignaturehomes.com/homes/dallas-ft-worth,https://trophysignaturehomes.com/homes/dallas-ft-worth/dallas-ft-worth/terra-vella/15000-santoscoy-street,f9f91dd6cf9dfab01b,Terra Vella,"15000 Santoscoy Street Fort Worth, TX 76052",,Holden,Available | Now,389990,,,,,,Savings Shown,"$389,990 | 397490 | Save: | $7,500 | Open | House | Saturday & Sunday 1PM - 5PM | 15000 Santoscoy Street | Fort Worth, TX 76052 | 5 | Beds | 3 | Baths | 2,780 | SQ FT | Available Date: | Now | Community | Terra Vella | Floor Plan | Holden | View Detail | As low as | $2,937",
2026-09-05,Trophy Signature Homes,DFW,https://trophysignaturehomes.com/homes/dallas-ft-worth,https://trophysignaturehomes.com/homes/dallas-ft-worth/lavon/trails-of-lavon/851-sunflower-road,8c23c929d71e8409f3,Trails of Lavon,"851 Sunflower Road Lavon, TX 75166",,Holden,Available | Now,374990,,,,,,,"$374,990 | 851 Sunflower Road | Lavon, TX 75166 | 5 | Beds | 3 | Baths | 2,780 | SQ FT | Available Date: | Now | Community | Trails of Lavon | Floor Plan | Holden | View Detail | As low as | $2,875",
2026-09-05,Trophy Signature Homes,DFW,https://trophysignaturehomes.com/homes/dallas-ft-worth,https://trophysignaturehomes.com/homes/dallas-ft-worth/seagoville/stonehaven/1906-kentucky-trail,ccfe53552c40e54836,Stonehaven,"1906 Kentucky Trail Seagoville, TX 75159",,Holden,Available | Now,353990,,,,,,Savings Shown,"$353,990 | 363990 | Save: | $10,000 | Open | House | Tuesday & Thursday 12PM - 2PM | Saturday & Sunday 1PM - 3PM | 1906 Kentucky Trail | Seagoville, TX 75159 | 5 | Beds | 3 | Baths | 2,792 | SQ FT | Available Date: | Now | Community | Stonehaven | Floor Plan | Holden | View Detail | As low as | $2,817",
2026-09-05,Trophy Signature Homes,DFW,https://trophysignaturehomes.com/homes/dallas-ft-worth,https://trophysignaturehomes.com/homes/dallas-ft-worth/alvarado/lone-oak/1528-mahogany-avenue,9510cab827950aae19,Lone Oak,"1528 Mahogany Avenue Alvarado, TX 76009",,Holden,Available | Now,339990,,,,,,Savings Shown,"$339,990 | 344990 | Save: | $5,000 | Open | House | Thursday 12PM - 2PM | Saturday & Sunday 1PM - 3PM | 1528 Mahogany Avenue | Alvarado, TX 76009 | 5 | Beds | 3 | Baths | 2,793 | SQ FT | Available Date: | Now | Community | Lone Oak | Floor Plan | Holden | View Detail | As low as | $2,899",
2026-09-05,Trophy Signature Homes,DFW,https://trophysignaturehomes.com/homes/dallas-ft-worth,https://trophysignaturehomes.com/homes/dallas-ft-worth/seagoville/stonehaven/2017-chariot-court,28e973641fb16a1b5c,Stonehaven,"2017 Chariot Court Seagoville, TX 75159",,Holden,Est Completion | September 2026,356990,,,,,,,"$356,990 | 2017 Chariot Court | Seagoville, TX 75159 | 5 | Beds | 3 | Baths | 2,793 | SQ FT | Est Completion Date: | September 2026 | Community | Stonehaven | Floor Plan | Holden | View Detail | As low as | $2,819",
2026-09-05,Trophy Signature Homes,DFW,https://trophysignaturehomes.com/homes/dallas-ft-worth,https://trophysignaturehomes.com/homes/dallas-ft-worth/seagoville/stonehaven/2126-derby-drive,1e82d0ebbe0b4bdc61,Stonehaven,"2126 Derby Drive Seagoville, TX 75159",,Holden,Available | Now,346990,,,,,,Savings Shown,"$346,990 | 356990 | Save: | $10,000 | Open | House | Tuesday & Thursday 12PM - 2PM | Saturday & Sunday 1PM - 3PM | 2126 Derby Drive | Seagoville, TX 75159 | 5 | Beds | 3 | Baths | 2,801 | SQ FT | Available Date: | Now | Community | Stonehaven | Floor Plan | Holden | View Detail | As low as | $3,091",
2026-09-05,Trophy Signature Homes,DFW,https://trophysignaturehomes.com/homes/dallas-ft-worth,https://trophysignaturehomes.com/homes/dallas-ft-worth/dallas-ft-worth/terra-vella/869-rockcloud-drive,1d59cdada747f0ff23,Terra Vella,"869 Rockcloud Drive Fort Worth, TX 76052",,Holden,Available | Now,394990,,,,,,,"$394,990 | 869 Rockcloud Drive | Fort Worth, TX 76052 | 5 | Beds | 3 | Baths | 2,802 | SQ FT | Available Date: | Now | Community | Terra Vella | Floor Plan | Holden | View Detail | As low as | $3,330",
2026-09-05,Trophy Signature Homes,DFW,https://trophysignaturehomes.com/homes/dallas-ft-worth,https://trophysignaturehomes.com/homes/dallas-ft-worth/lavon/nicholson-ranch/1128-del-rio-drive,b80a070699e616883e,Nicholson Ranch,"1128 Del Rio Drive Lavon, TX 75166",,Masters,Available | Now,394990,,,,,,Savings Shown,"$394,990 | 404990 | Save: | $10,000 | 1128 Del Rio Drive | Lavon, TX 75166 | 5 | Beds | 4 | Baths | 2,937 | SQ FT | Available Date: | Now | Community | Nicholson Ranch | Floor Plan | Masters | View Detail | As low as | $3,356",
2026-09-05,Trophy Signature Homes,DFW,https://trophysignaturehomes.com/homes/dallas-ft-worth,https://trophysignaturehomes.com/homes/dallas-ft-worth/crowley/tesoro-at-chisholm-trail-ranch/6653-coyote-valley-trail,6c9f5af2b9a1640f77,Tesoro at Chisholm Trail Ranch,"6653 Coyote Valley Trail Crowley, TX 76036",,Masters,Available | Now,404990,,,,,,Savings Shown,"$404,990 | 412990 | Save: | $8,000 | Open | House | Saturday & Sunday 1PM - 3PM | 6653 Coyote Valley Trail | Crowley, TX 76036 | 5 | Beds | 4 | Baths | 2,937 | SQ FT | Available Date: | Now | Community | Tesoro at Chisholm Trail Ranch | Floor Plan | Masters | View Detail | As low as | $3,097",
2026-09-05,Trophy Signature Homes,DFW,https://trophysignaturehomes.com/homes/dallas-ft-worth,https://trophysignaturehomes.com/homes/dallas-ft-worth/farmersville/lakehaven/4001-somerville-drive,43a4932dced3c5898d,Lakehaven,"4001 Somerville Drive Farmersville, TX 75442",,Masters,Available | Now,364990,,,,,,,"$364,990 | 4001 Somerville Drive | Farmersville, TX 75442 | 5 | Beds | 4 | Baths | 2,937 | SQ FT | Available Date: | Now | Community | Lakehaven | Floor Plan | Masters | View Detail | As low as | $3,222",
2026-09-05,Trophy Signature Homes,DFW,https://trophysignaturehomes.com/homes/dallas-ft-worth,https://trophysignaturehomes.com/homes/dallas-ft-worth/farmersville/lakehaven/4014-austin-drive,2ef715800d23160557,Lakehaven,"4014 Austin Drive Farmersville, TX 75442",,Masters,Est Completion | September 2026,379990,,,,,,,"$379,990 | 4014 Austin Drive | Farmersville, TX 75442 | 5 | Beds | 4 | Baths | 2,937 | SQ FT | Est Completion Date: | September 2026 | Community | Lakehaven | Floor Plan | Masters | Lakehaven | View Detail | As low as | $3,436",
2026-09-05,Trophy Signature Homes,DFW,https://trophysignaturehomes.com/homes/dallas-ft-worth,https://trophysignaturehomes.com/homes/dallas-ft-worth/fort-worth/cibolo-hills-west/10644-dillon-street,ade8ade0ce82206b77,Cibolo Hills West,"10644 Dillon Street Fort Worth, TX 76179",,Masters,Est Completion | September 2026,413990,,,,,,,"$413,990 | 10644 Dillon Street | Fort Worth, TX 76179 | 5 | Beds | 4 | Baths | 2,937 | SQ FT | Est Completion Date: | September 2026 | Community | Cibolo Hills West | Floor Plan | Masters | View Detail | As low as | $3,331",
2026-09-05,Trophy Signature Homes,DFW,https://trophysignaturehomes.com/homes/dallas-ft-worth,https://trophysignaturehomes.com/homes/dallas-ft-worth/haslet/madero/1324-companero-street,25692b59795b909ad4,Madero,"1324 Companero Street Haslet, TX 76052",,Masters,Est Completion | September 2026,419990,,,,,,,"$419,990 | 1324 Companero Street | Haslet, TX 76052 | 5 | Beds | 4 | Baths | 2,937 | SQ FT | Est Completion Date: | September 2026 | Community | Madero | Floor Plan | Masters | View Detail | As low as | $3,678",
2026-09-05,Trophy Signature Homes,DFW,https://trophysignaturehomes.com/homes/dallas-ft-worth,https://trophysignaturehomes.com/homes/dallas-ft-worth/gunter/sunset-ranch/3208-azalea-lane,517586819d00ce0f73,Sunset Ranch,"3208 Azalea Lane Gunter, TX 75058",,Masters,Available | Now,427490,,,,,,,"$427,490 | 3208 Azalea Lane | Gunter, TX 75058 | 5 | Beds | 4 | Baths | 2,937 | SQ FT | Available Date: | Now | Community | Sunset Ranch | Floor Plan | Masters | 3-Car Garage | View Detail | As low as | $3,530",
2026-09-05,Trophy Signature Homes,DFW,https://trophysignaturehomes.com/homes/dallas-ft-worth,https://trophysignaturehomes.com/homes/dallas-ft-worth/gunter/sunset-ranch/3203-linden-lane,fcd4a16065b5392427,Sunset Ranch,"3203 Linden Lane Gunter, TX 75058",,Masters,Available | Now,409990,,,,,,,"$409,990 | Open | House | Tuesday & Thursday 12PM - 2PM | Saturday & Sunday 1PM - 3PM | 3203 Linden Lane | Gunter, TX 75058 | 5 | Beds | 4 | Baths | 2,938 | SQ FT | Available Date: | Now | Community | Sunset Ranch | Floor Plan | Masters | View Detail | As low as | $3,441",
2026-09-05,Trophy Signature Homes,DFW,https://trophysignaturehomes.com/homes/dallas-ft-worth,https://trophysignaturehomes.com/homes/dallas-ft-worth/crowley/tesoro-at-chisholm-trail-ranch/6624-dusty-ridge-road,a41cab3b6ebf9a38ba,Tesoro at Chisholm Trail Ranch,"6624 Dusty Ridge Road Crowley, TX 76036",,Masters,Available | Now,415490,,,,,,,"$415,490 | 6624 Dusty Ridge Road | Crowley, TX 76036 | 5 | Beds | 4 | Baths | 2,938 | SQ FT | Available Date: | Now | Community | Tesoro at Chisholm Trail Ranch | Floor Plan | Masters | View Detail | As low as | $3,193",
2026-09-05,Trophy Signature Homes,DFW,https://trophysignaturehomes.com/homes/dallas-ft-worth,https://trophysignaturehomes.com/homes/dallas-ft-worth/mckinney/southridge/3709-copperwood-drive,be3325c3ab8f7e4c46,Southridge,"3709 Copperwood Drive McKinney, TX 75071",,Masters,Available | Now,409990,,,,,,Savings Shown,"$409,990 | 435490 | Save: | $25,500 | 3709 Copperwood Drive | McKinney, TX 75071 | 5 | Beds | 4 | Baths | 2,948 | SQ FT | Available Date: | Now | Community | Southridge | Floor Plan | Masters | 3-Car Garage | View Detail | As low as | $3,370",
2026-09-05,Trophy Signature Homes,DFW,https://trophysignaturehomes.com/homes/dallas-ft-worth,https://trophysignaturehomes.com/homes/dallas-ft-worth/mckinney/southridge/3703-copperwood-drive,faf287d95ea578f2c9,Southridge,"3703 Copperwood Drive McKinney, TX 75071",,Masters,Available | Now,432990,,,,,,,"$432,990 | 3703 Copperwood Drive | McKinney, TX 75071 | 5 | Beds | 4 | Baths | 2,950 | SQ FT | Available Date: | Now | Community | Southridge | Floor Plan | Masters | 3-Car Garage | View Detail",
2026-09-05,Trophy Signature Homes,DFW,https://trophysignaturehomes.com/homes/dallas-ft-worth,https://trophysignaturehomes.com/homes/dallas-ft-worth/fort-worth/ventana/10600-blakely-creek-road,31113914344617426b,,"10600 Blakely Creek Road Fort Worth, TX 76126",,,,477490,,,,,,,"$477,490",
2026-09-05,Trophy Signature Homes,DFW,https://trophysignaturehomes.com/homes/dallas-ft-worth,https://trophysignaturehomes.com/homes/dallas-ft-worth/aledo/morningstar/717-brightstar-drive,1f55ae903de3d39643,Morningstar,"717 Brightstar Drive Aledo, TX 76008",,Masters,Available | Now,477490,,,,,,,"$477,490 | 717 Brightstar Drive | Aledo, TX 76008 | 5 | Beds | 4 | Baths | 2,953 | SQ FT | Available Date: | Now | Community | Morningstar | Floor Plan | Masters | View Detail | As low as | $3,002",
2026-09-05,Trophy Signature Homes,DFW,https://trophysignaturehomes.com/homes/dallas-ft-worth,https://trophysignaturehomes.com/homes/dallas-ft-worth/seagoville/stonehaven/2024-chariot-court,946060c33c473a9a4f,Stonehaven,"2024 Chariot Court Seagoville, TX 75159",,Masters,Est Completion | October 2026,369990,,,,,,,"$369,990 | 2024 Chariot Court | Seagoville, TX 75159 | 5 | Beds | 4 | Baths | 2,955 | SQ FT | Est Completion Date: | October 2026 | Community | Stonehaven | Floor Plan | Masters | Stonehaven | View Detail | As low as | $3,002",
2026-09-05,Trophy Signature Homes,DFW,https://trophysignaturehomes.com/homes/dallas-ft-worth,https://trophysignaturehomes.com/homes/dallas-ft-worth/seagoville/stonehaven/1932-paddock-lane,a6b855474ea7ea3858,Stonehaven,"1932 Paddock Lane Seagoville, TX 75159",,Masters,Est Completion | October 2026,369990,,,,,,,"$369,990 | 1932 Paddock Lane | Seagoville, TX 75159 | 5 | Beds | 4 | Baths | 2,955 | SQ FT | Est Completion Date: | October 2026 | Community | Stonehaven | Floor Plan | Masters | Stonehaven | View Detail | As low as | $3,327",
2026-09-05,Trophy Signature Homes,DFW,https://trophysignaturehomes.com/homes/dallas-ft-worth,https://trophysignaturehomes.com/homes/dallas-ft-worth/waxahachie/dove-hollow/452-hocking-hills-drive,a4696c352f36ad2a13,Dove Hollow,"452 Hocking Hills Drive Waxahachie, TX 75165",,Masters,Available | Now,419990,,,,,,,"$419,990 | 452 Hocking Hills Drive | Waxahachie, TX 75165 | 5 | Beds | 4 | Baths | 2,955 | SQ FT | Available Date: | Now | Community | Dove Hollow | Floor Plan | Masters | Dove Hollow | View Detail | As low as | $4,078",
2026-09-05,Trophy Signature Homes,DFW,https://trophysignaturehomes.com/homes/dallas-ft-worth,https://trophysignaturehomes.com/homes/dallas-ft-worth/aledo/morningstar/725-brightstar-drive,b418fe6dea29eac3c3,Morningstar,"725 Brightstar Drive Aledo, TX 76008",,Masters,Available | Now,474990,,,,,,,"$474,990 | 725 Brightstar Drive | Aledo, TX 76008 | 5 | Beds | 4 | Baths | 2,956 | SQ FT | Available Date: | Now | Community | Morningstar | Floor Plan | Masters | View Detail | As low as | $3,058",
2026-09-05,Trophy Signature Homes,DFW,https://trophysignaturehomes.com/homes/dallas-ft-worth,https://trophysignaturehomes.com/homes/dallas-ft-worth/seagoville/stonehaven/2013-homestretch-drive,ea518a9eac2fbb3304,Stonehaven,"2013 Homestretch Drive Seagoville, TX 75159",,Masters,Est Completion | November 2026,376990,,,,,,,"$376,990 | 2013 Homestretch Drive | Seagoville, TX 75159 | 5 | Beds | 4 | Baths | 2,956 | SQ FT | Est Completion Date: | November 2026 | Community | Stonehaven | Floor Plan | Masters | Stonehaven | View Detail | As low as | $3,530",
2026-09-05,Trophy Signature Homes,DFW,https://trophysignaturehomes.com/homes/dallas-ft-worth,https://trophysignaturehomes.com/homes/dallas-ft-worth/gunter/sunset-ranch/2112-rowan-drive,430d342dbbf74504a7,Sunset Ranch,"2112 Rowan Drive Gunter, TX 75058",,Masters,Available | Now,409990,434990.0,,,,,Price Cut | Savings Shown,"$409,990 | $434,990 | Save: | $25,000 | 2112 Rowan Drive | Gunter, TX 75058 | 5 | Beds | 4 | Baths | 2,968 | SQ FT | Available Date: | Now | Community | Sunset Ranch | Floor Plan | Masters | View Detail | As low as | $3,248",
2026-09-05,Trophy Signature Homes,DFW,https://trophysignaturehomes.com/homes/dallas-ft-worth,https://trophysignaturehomes.com/homes/dallas-ft-worth/lavon/trails-of-lavon/601-huckleberry-drive,1ae62d7650d8d8e20a,Trails of Lavon,"601 Huckleberry Drive Lavon, TX 75166",,Masters,Available | Now,415490,,,,,,,"$415,490 | 601 Huckleberry Drive | Lavon, TX 75166 | 5 | Beds | 4 | Baths | 2,968 | SQ FT | Available Date: | Now | Community | Trails of Lavon | Floor Plan | Masters | View Detail | As low as | $3,208",
2026-09-05,Trophy Signature Homes,DFW,https://trophysignaturehomes.com/homes/dallas-ft-worth,https://trophysignaturehomes.com/homes/dallas-ft-worth/mckinney/eastridge/805-poppleton-drive,6cd614e2c61bf3dc30,Eastridge,"805 Poppleton Drive McKinney, TX 75071",,Masters,Available | Now,413490,,,,,,Savings Shown,"$413,490 | 424490 | Save: | $11,000 | Open | House | Saturday & Sunday 1PM - 3PM | 805 Poppleton Drive | McKinney, TX 75071 | 5 | Beds | 4 | Baths | 2,978 | SQ FT | Available Date: | Now | Community | Eastridge | Floor Plan | Masters | View Detail | As low as | $3,086",
2026-09-05,Trophy Signature Homes,DFW,https://trophysignaturehomes.com/homes/dallas-ft-worth,https://trophysignaturehomes.com/homes/dallas-ft-worth/mckinney/southridge/111-fairlawn-drive,7349e34d726c28e31b,Southridge,"111 Fairlawn Drive McKinney, TX 75071",,Masters,Available | Now,395990,,,,,,,"$395,990 | Open | House | Thursday 12PM - 2PM | Saturday & Sunday 1PM - 3PM | 111 Fairlawn Drive | McKinney, TX 75071 | 5 | Beds | 4 | Baths | 2,978 | SQ FT | Available Date: | Now | Community | Southridge | Floor Plan | Masters | View Detail | As low as | $3,467",
2026-09-05,Trophy Signature Homes,DFW,https://trophysignaturehomes.com/homes/dallas-ft-worth,https://trophysignaturehomes.com/homes/dallas-ft-worth/waxahachie/dove-hollow/445-hocking-hills-drive,eed3f0f880e4efc78b,Dove Hollow,"445 Hocking Hills Drive Waxahachie, TX 75165",,Masters,Available | Now,437990,,,,,,,"$437,990 | 445 Hocking Hills Drive | Waxahachie, TX 75165 | 5 | Beds | 4 | Baths | 2,986 | SQ FT | Available Date: | Now | Community | Dove Hollow | Floor Plan | Masters | 3-Car Garage | View Detail | As low as | $3,391",
2026-09-05,Trophy Signature Homes,DFW,https://trophysignaturehomes.com/homes/dallas-ft-worth,https://trophysignaturehomes.com/homes/dallas-ft-worth/princeton/windmore/2117-sunshining-road,233957c06cbd7f00a0,Windmore,"2117 Sunshining Road Princeton, TX 75407",,Masters,Available | Now,429990,,,,,,Savings Shown,"$429,990 | 434990 | Save: | $5,000 | 2117 Sunshining Road | Princeton, TX 75407 | 5 | Beds | 4 | Baths | 2,996 | SQ FT | Available Date: | Now | Community | Windmore | Floor Plan | Masters | Windmore | View Detail | As low as | $3,519",
2026-09-05,Trophy Signature Homes,DFW,https://trophysignaturehomes.com/homes/dallas-ft-worth,https://trophysignaturehomes.com/homes/dallas-ft-worth/crowley/tesoro-at-chisholm-trail-ranch/6656-coyote-valley-trail,8a4c025afa17d6b723,Tesoro at Chisholm Trail Ranch,"6656 Coyote Valley Trail Crowley, TX 76036",,Winters,Available | Now,424990,,,,,,Savings Shown,"$424,990 | 429990 | Save: | $5,000 | Open | House | Saturday & Sunday 1PM - 3PM | 6656 Coyote Valley Trail | Crowley, TX 76036 | 5 | Beds | 3 | Baths | 3,116 | SQ FT | Available Date: | Now | Community | Tesoro at Chisholm Trail Ranch | Floor Plan | Winters | View Detail | As low as | $3,413",
2026-09-05,Trophy Signature Homes,DFW,https://trophysignaturehomes.com/homes/dallas-ft-worth,https://trophysignaturehomes.com/homes/dallas-ft-worth/lavon/nicholson-ranch/1121-del-rio-drive,50e60ff7a6a3d270a4,Nicholson Ranch,"1121 Del Rio Drive Lavon, TX 75166",,Winters,Available | Now,404990,,,,,,,"$404,990 | 1121 Del Rio Drive | Lavon, TX 75166 | 5 | Beds | 3 | Baths | 3,116 | SQ FT | Available Date: | Now | Community | Nicholson Ranch | Floor Plan | Winters | View Detail | As low as | $3,478",
2026-09-05,Trophy Signature Homes,DFW,https://trophysignaturehomes.com/homes/dallas-ft-worth,https://trophysignaturehomes.com/homes/dallas-ft-worth/crowley/tesoro-at-chisholm-trail-ranch/6632-coyote-valley-trail,edd69746011a1bc029,Tesoro at Chisholm Trail Ranch,"6632 Coyote Valley Trail Crowley, TX 76036",,Winters,Available | Now,419990,,,,,,Savings Shown,"$419,990 | 427990 | Save: | $8,000 | 6632 Coyote Valley Trail | Crowley, TX 76036 | 5 | Beds | 3 | Baths | 3,116 | SQ FT | Available Date: | Now | Community | Tesoro at Chisholm Trail Ranch | Floor Plan | Winters | View Detail | As low as | $3,267",
2026-09-05,Trophy Signature Homes,DFW,https://trophysignaturehomes.com/homes/dallas-ft-worth,https://trophysignaturehomes.com/homes/dallas-ft-worth/lavon/elevon/134-sunset-canyon-drive,280eab493cfb99eaf2,Elevon,"134 Sunset Canyon Drive Lavon, TX 75166",,Winters,Est Completion | September 2026,404990,,,,,,,"$404,990 | 134 Sunset Canyon Drive | Lavon, TX 75166 | 5 | Beds | 3 | Baths | 3,116 | SQ FT | Est Completion Date: | September 2026 | Community | Elevon | Floor Plan | Winters | View Detail | As low as | $3,534",
2026-09-05,Trophy Signature Homes,DFW,https://trophysignaturehomes.com/homes/dallas-ft-worth,https://trophysignaturehomes.com/homes/dallas-ft-worth/fort-worth/cibolo-hills-west/10628-dillon-street,b735b8d5fa466f06ad,Cibolo Hills West,"10628 Dillon Street Fort Worth, TX 76179",,Winters,Available | Now,425990,,,,,,,"$425,990 | 10628 Dillon Street | Fort Worth, TX 76179 | 5 | Beds | 3 | Baths | 3,116 | SQ FT | Available Date: | Now | Community | Cibolo Hills West | Floor Plan | Winters | View Detail | As low as | $3,139",
2026-09-05,Trophy Signature Homes,DFW,https://trophysignaturehomes.com/homes/dallas-ft-worth,https://trophysignaturehomes.com/homes/dallas-ft-worth/farmersville/lakehaven/3919-somerville-drive,1e2a0964d019421db1,Lakehaven,"3919 Somerville Drive Farmersville, TX 75442",,Winters,Available | Now,369990,,,,,,Savings Shown,"$369,990 | 377990 | Save: | $8,000 | 3919 Somerville Drive | Farmersville, TX 75442 | 5 | Beds | 3 | Baths | 3,116 | SQ FT | Available Date: | Now | Community | Lakehaven | Floor Plan | Winters | View Detail | As low as | $3,205",
2026-09-05,Trophy Signature Homes,DFW,https://trophysignaturehomes.com/homes/dallas-ft-worth,https://trophysignaturehomes.com/homes/dallas-ft-worth/farmersville/lakehaven/3509-eagle-mountain-drive,e0c0e988452ede0bbc,Lakehaven,"3509 Eagle Mountain Drive Farmersville, TX 75442",,Winters,Est Completion | September 2026,377990,,,,,,,"$377,990 | 3509 Eagle Mountain Drive | Farmersville, TX 75442 | 5 | Beds | 3 | Baths | 3,116 | SQ FT | Est Completion Date: | September 2026 | Community | Lakehaven | Floor Plan | Winters | View Detail | As low as | $3,948",
2026-09-05,Trophy Signature Homes,DFW,https://trophysignaturehomes.com/homes/dallas-ft-worth,https://trophysignaturehomes.com/homes/dallas-ft-worth/fort-worth/ventana/10605-blakely-creek-road,728d7eea4c5b126b5c,Ventana,"10605 Blakely Creek Road Fort Worth, TX 76126",,Winters,Est Completion | November 2026,485990,,,,,,,"$485,990 | 10605 Blakely Creek Road | Fort Worth, TX 76126 | 5 | Beds | 3 | Baths | 3,116 | SQ FT | Est Completion Date: | November 2026 | Community | Ventana | Floor Plan | Winters | Ventana | View Detail | As low as | $3,527",
2026-09-05,Trophy Signature Homes,DFW,https://trophysignaturehomes.com/homes/dallas-ft-worth,https://trophysignaturehomes.com/homes/dallas-ft-worth/haslet/madero/1357-companero-street,c97289acf0348bae14,Madero,"1357 Companero Street Haslet, TX 76052",,Winters,Available | Now,444990,,,,,,,"$444,990 | 1357 Companero Street | Haslet, TX 76052 | 5 | Beds | 3 | Baths | 3,116 | SQ FT | Available Date: | Now | Community | Madero | Floor Plan | Winters | View Detail | As low as | $3,225",
2026-09-05,Trophy Signature Homes,DFW,https://trophysignaturehomes.com/homes/dallas-ft-worth,https://trophysignaturehomes.com/homes/dallas-ft-worth/lavon/trails-of-lavon/845-sunflower-road,39a8aa552792c506ec,Trails of Lavon,"845 Sunflower Road Lavon, TX 75166",,Winters,Available | Now,412490,,,,,,,"$412,490 | 845 Sunflower Road | Lavon, TX 75166 | 5 | Beds | 3 | Baths | 3,116 | SQ FT | Available Date: | Now | Community | Trails of Lavon | Floor Plan | Winters | View Detail | As low as | $3,767",
2026-09-05,Trophy Signature Homes,DFW,https://trophysignaturehomes.com/homes/dallas-ft-worth,https://trophysignaturehomes.com/homes/dallas-ft-worth/gunter/sunset-ranch/2118-rowan-drive,700f022b5ba4abfdf0,Sunset Ranch,"2118 Rowan Drive Gunter, TX 75058",,Winters,Available | Now,437990,,,,,,Savings Shown,"$437,990 | 447990 | Save: | $10,000 | 2118 Rowan Drive | Gunter, TX 75058 | 5 | Beds | 3 | Baths | 3,122 | SQ FT | Available Date: | Now | Community | Sunset Ranch | Floor Plan | Winters | 3-Car Garage | View Detail | As low as | $3,545",
2026-09-05,Trophy Signature Homes,DFW,https://trophysignaturehomes.com/homes/dallas-ft-worth,https://trophysignaturehomes.com/homes/dallas-ft-worth/forney/devonshire/2218-willowbank-drive,2b83415b0ec5c047ab,Devonshire,"2218 Willowbank Drive Forney, TX 75126",,Winters,Available | Now,414990,,,,,,Savings Shown,"$414,990 | 418490 | Save: | $3,500 | 2218 Willowbank Drive | Forney, TX 75126 | 5 | Beds | 3 | Baths | 3,122 | SQ FT | Available Date: | Now | Community | Devonshire | Floor Plan | Winters | View Detail | As low as | $3,239",
2026-09-05,Trophy Signature Homes,DFW,https://trophysignaturehomes.com/homes/dallas-ft-worth,https://trophysignaturehomes.com/homes/dallas-ft-worth/mckinney/southridge/3512-brompton-drive,2eb1c197fa766e07e3,Southridge,"3512 Brompton Drive McKinney, TX 75071",,Winters,Available | Now,415990,,,,,,Savings Shown,"$415,990 | 417990 | Save: | $2,000 | 3512 Brompton Drive | McKinney, TX 75071 | 5 | Beds | 3 | Baths | 3,122 | SQ FT | Available Date: | Now | Community | Southridge | Floor Plan | Winters | View Detail | As low as | $3,742",
2026-09-05,Trophy Signature Homes,DFW,https://trophysignaturehomes.com/homes/dallas-ft-worth,https://trophysignaturehomes.com/homes/dallas-ft-worth/gunter/sunset-ranch/3205-azalea-lane,7bc55504efc259ea80,Sunset Ranch,"3205 Azalea Lane Gunter, TX 75058",,Winters,Available | Now,434990,,,,,,,"$434,990 | 3205 Azalea Lane | Gunter, TX 75058 | 5 | Beds | 4 | Baths | 3,122 | SQ FT | Available Date: | Now | Community | Sunset Ranch | Floor Plan | Winters | 3-Car Garage | View Detail | As low as | $3,541",
2026-09-05,Trophy Signature Homes,DFW,https://trophysignaturehomes.com/homes/dallas-ft-worth,https://trophysignaturehomes.com/homes/dallas-ft-worth/princeton/windmore/2120-sunshining-road,0cd25018696b29ca71,Windmore,"2120 Sunshining Road Princeton, TX 75407",,Winters,Available | Now,449490,,,,,,Savings Shown,"$449,490 | 452490 | Save: | $3,000 | Open | House | Tuesday & Thursday 12PM - 2PM | Saturday & Sunday 1PM - 3PM | 2120 Sunshining Road | Princeton, TX 75407 | 5 | Beds | 3 | Baths | 3,122 | SQ FT | Available Date: | Now | Community | Windmore | Floor Plan | Winters | Windmore | View Detail | As low as | $4,066",
2026-09-05,Trophy Signature Homes,DFW,https://trophysignaturehomes.com/homes/dallas-ft-worth,https://trophysignaturehomes.com/homes/dallas-ft-worth/aledo/morningstar/15105-ram-rock-drive,ac977d15b66cfae7f9,Morningstar,"15105 Ram Rock Drive Aledo, TX 76008",,Winters,Est Completion | September 2026,473490,,,,,,,"$473,490 | 15105 Ram Rock Drive | Aledo, TX 76008 | 5 | Beds | 3 | Baths | 3,122 | SQ FT | Est Completion Date: | September 2026 | Community | Morningstar | Floor Plan | Winters | View Detail | As low as | $3,229",
2026-09-05,Trophy Signature Homes,DFW,https://trophysignaturehomes.com/homes/dallas-ft-worth,https://trophysignaturehomes.com/homes/dallas-ft-worth/princeton/windmore/910-windy-valley-road,00521795e08e5c31a9,Windmore,"910 Windy Valley Road Princeton, TX 75407",,Winters,Available | Now,408990,,,,,,Savings Shown,"$408,990 | 418990 | Save: | $10,000 | 910 Windy Valley Road | Princeton, TX 75407 | 5 | Beds | 3 | Baths | 3,122 | SQ FT | Available Date: | Now | Community | Windmore | Floor Plan | Winters | Windmore | View Detail | As low as | $3,758",
2026-09-05,Trophy Signature Homes,DFW,https://trophysignaturehomes.com/homes/dallas-ft-worth,https://trophysignaturehomes.com/homes/dallas-ft-worth/forney/devonshire/1124-nora-lane,bbf32a25e0d035de36,Devonshire,"1124 Nora Lane Forney, TX 75126",,Winters,Est Completion | September 2026,440490,,,,,,,"$440,490 | 1124 Nora Lane | Forney, TX 75126 | 5 | Beds | 3 | Baths | 3,122 | SQ FT | Est Completion Date: | September 2026 | Community | Devonshire | Floor Plan | Winters | 3-Car Garage | View Detail | As low as | $3,249",
2026-09-05,Trophy Signature Homes,DFW,https://trophysignaturehomes.com/homes/dallas-ft-worth,https://trophysignaturehomes.com/homes/dallas-ft-worth/princeton/windmore/2305-warm-glow-way,2e15b1ca23b802974a,Windmore,"2305 Warm Glow Way Princeton, TX 75407",,Winters,Est Completion | September 2026,411490,,,,,,Savings Shown,"$411,490 | 418490 | Save: | $7,000 | 2305 Warm Glow Way | Princeton, TX 75407 | 5 | Beds | 3 | Baths | 3,122 | SQ FT | Est Completion Date: | September 2026 | Community | Windmore | Floor Plan | Winters | View Detail | As low as | $3,423",
2026-09-05,Trophy Signature Homes,DFW,https://trophysignaturehomes.com/homes/dallas-ft-worth,https://trophysignaturehomes.com/homes/dallas-ft-worth/mckinney/southridge/3704-copperwood-drive,57a18bfca63b822a5b,Southridge,"3704 Copperwood Drive McKinney, TX 75071",,Winters,Available | Now,439990,,,,,,,"$439,990 | 3704 Copperwood Drive | McKinney, TX 75071 | 5 | Beds | 3 | Baths | 3,122 | SQ FT | Available Date: | Now | Community | Southridge | Floor Plan | Winters | 3-Car Garage | View Detail | As low as | $3,564",
2026-09-05,Trophy Signature Homes,DFW,https://trophysignaturehomes.com/homes/dallas-ft-worth,https://trophysignaturehomes.com/homes/dallas-ft-worth/waxahachie/dove-hollow/448-hocking-drive,a4886ba5a4fe552e0f,Dove Hollow,"448 Hocking Drive Waxahachie, TX 75165",,Winters,Available | Now,450490,,,,,,,"$450,490 | 448 Hocking Drive | Waxahachie, TX 75165 | 5 | Beds | 3 | Baths | 3,133 | SQ FT | Available Date: | Now | Community | Dove Hollow | Floor Plan | Winters | 3-Car Garage | View Detail | As low as | $3,447",
2026-09-05,Trophy Signature Homes,DFW,https://trophysignaturehomes.com/homes/dallas-ft-worth,https://trophysignaturehomes.com/homes/dallas-ft-worth/waxahachie/dove-hollow/433-hocking-hills-drive,38e976372ec15a559c,Dove Hollow,"433 Hocking Hills Drive Waxahachie, TX 75165",,Winters,Est Completion | September 2026,435490,,,,,,,"$435,490 | 433 Hocking Hills Drive | Waxahachie, TX 75165 | 5 | Beds | 3 | Baths | 3,134 | SQ FT | Est Completion Date: | September 2026 | Community | Dove Hollow | Floor Plan | Winters | Dove Hollow | View Detail | As low as | $4,408",
2026-09-05,Trophy Signature Homes,DFW,https://trophysignaturehomes.com/homes/dallas-ft-worth,https://trophysignaturehomes.com/homes/dallas-ft-worth/mckinney/painted-tree/4712-starlight-drive,98aab607421af279d2,Painted Tree,"4712 Starlight Drive Mckinney, TX 75071",,Winters,Available | Now,569990,,,,,,Savings Shown,"$569,990 | 584990 | Save: | $15,000 | 4712 Starlight Drive | Mckinney, TX 75071 | 5 | Beds | 3 | Baths | 3,140 | SQ FT | Available Date: | Now | Community | Painted Tree | Floor Plan | Winters | Painted Tree | View Detail | As low as | $4,499",
2026-09-05,Trophy Signature Homes,DFW,https://trophysignaturehomes.com/homes/dallas-ft-worth,https://trophysignaturehomes.com/homes/dallas-ft-worth/mckinney/painted-tree/4701-carina-road,c66309943c535db1b3,Painted Tree,"4701 Carina Road Mckinney, TX 75071",,Winters,Available | Now,581990,,,,,,Savings Shown,"$581,990 | 609990 | Save: | $28,000 | 4701 Carina Road | Mckinney, TX 75071 | 5 | Beds | 3 | Baths | 3,140 | SQ FT | Available Date: | Now | Community | Painted Tree | Floor Plan | Winters | Painted Tree | View Detail | As low as | $4,204",
2026-09-05,Trophy Signature Homes,DFW,https://trophysignaturehomes.com/homes/dallas-ft-worth,https://trophysignaturehomes.com/homes/dallas-ft-worth/aledo/morningstar/712-talmadge-avenue,b930cf78bb16c5132f,Morningstar,"712 Talmadge Avenue Aledo, TX 76008",,Winters,Est Completion | October 2026,489990,,,,,,,"$489,990 | 712 Talmadge Avenue | Aledo, TX 76008 | 5 | Beds | 3 | Baths | 3,140 | SQ FT | Est Completion Date: | October 2026 | Community | Morningstar | Floor Plan | Winters | View Detail | As low as | $4,973",
2026-09-05,Trophy Signature Homes,DFW,https://trophysignaturehomes.com/homes/dallas-ft-worth,https://trophysignaturehomes.com/homes/dallas-ft-worth/mckinney/painted-tree/4605-starlight-drive,c9e404be8b6f477cc1,Painted Tree,"4605 Starlight Drive Mckinney, TX 75071",,Van Gogh II,Available | Now,644490,,,,,,Savings Shown,"$644,490 | 674490 | Save: | $30,000 | 4605 Starlight Drive | Mckinney, TX 75071 | 4 | Beds | 4 | Baths | 3,445 | SQ FT | Available Date: | Now | Community | Painted Tree | Floor Plan | Van Gogh II | View Detail | As low as | $4,935",
2026-09-05,Trophy Signature Homes,DFW,https://trophysignaturehomes.com/homes/dallas-ft-worth,https://trophysignaturehomes.com/homes/dallas-ft-worth/mckinney/painted-tree/3601-teasdale-drive,86a7728fd3e844f9d3,Painted Tree,"3601 Teasdale Drive Mckinney, TX 75071",,Van Gogh II,Available | Now,639490,,,,,,Savings Shown,"$639,490 | 659490 | Save: | $20,000 | Open | House | Saturday & Sunday 1PM - 3PM | 3601 Teasdale Drive | Mckinney, TX 75071 | 4 | Beds | 4 | Baths | 3,445 | SQ FT | Available Date: | Now | Community | Painted Tree | Floor Plan | Van Gogh II | View Detail | As low as | $4,452 | $559,990 | $689,990 | Save:",
2026-09-05,Trophy Signature Homes,DFW,https://trophysignaturehomes.com/homes/dallas-ft-worth,https://trophysignaturehomes.com/homes/dallas-ft-worth/celina/cross-creek-meadows/1604-dropseed-drive,17e053c6ea7684a2f1,Cross Creek Meadows,"1604 Dropseed Drive Celina, TX 75009",,Henley,Available | Now,130000,689990.0,,,,,Price Cut,"$130,000 | 1604 Dropseed Drive | Celina, TX 75009 | 4 | Beds | 3 | Baths | 3,557 | SQ FT | Available Date: | Now | Community | Cross Creek Meadows | Floor Plan | Henley | View Detail | As low as | $4,052",
2026-09-05,Trophy Signature Homes,DFW,https://trophysignaturehomes.com/homes/dallas-ft-worth,https://trophysignaturehomes.com/homes/dallas-ft-worth/fort-worth/ventana/10601-blakely-creek-road,27eebecffd4f0ad7fe,Ventana,"10601 Blakely Creek Road Fort Worth, TX 76126",,Wimbledon,Est Completion | November 2026,498990,,,,,,,"$498,990 | 10601 Blakely Creek Road | Fort Worth, TX 76126 | 5 | Beds | 4 | Baths | 3,594 | SQ FT | Est Completion Date: | November 2026 | Community | Ventana | Floor Plan | Wimbledon | Ventana | View Detail | As low as | $3,421",
2026-09-05,Trophy Signature Homes,DFW,https://trophysignaturehomes.com/homes/dallas-ft-worth,https://trophysignaturehomes.com/homes/dallas-ft-worth/lavon/elevon/928-dewy-lake-place,7177347696cdca2870,Elevon,"928 Dewy Lake Place Lavon, TX 75166",,Wimbledon,Available | Now,424990,449990.0,,,,,Price Cut | Savings Shown,"$424,990 | $449,990 | Save: | $25,000 | Open | House | Tuesday & Thursday 12PM - 4PM | Saturday & Sunday 12PM - 4PM | 928 Dewy Lake Place | Lavon, TX 75166 | 5 | Beds | 4 | Baths | 3,598 | SQ FT | Available Date: | Now | Community | Elevon | Floor Plan | Wimbledon | Elevon | View Detail | As low as | $3,330",
2026-09-05,Trophy Signature Homes,DFW,https://trophysignaturehomes.com/homes/dallas-ft-worth,https://trophysignaturehomes.com/homes/dallas-ft-worth/farmersville/lakehaven/3914-somerville-drive,95e90900c8c11c4570,Lakehaven,"3914 Somerville Drive Farmersville, TX 75442",,Wimbledon,Available | Now,392990,,,,,,Savings Shown,"$392,990 | 405990 | Save: | $13,000 | Open | House | Tuesday 12PM - 4PM | Saturday & Sunday 1PM - 5PM | 3914 Somerville Drive | Farmersville, TX 75442 | 5 | Beds | 4 | Baths | 3,598 | SQ FT | Available Date: | Now | Community | Lakehaven | Floor Plan | Wimbledon | View Detail | As low as | $3,676",
2026-09-05,Trophy Signature Homes,DFW,https://trophysignaturehomes.com/homes/dallas-ft-worth,https://trophysignaturehomes.com/homes/dallas-ft-worth/haslet/madero/1404-companero-street,158253f91024509da7,Madero,"1404 Companero Street Haslet, TX 76052",,Wimbledon,Available | Now,463990,,,,,,,"$463,990 | 1404 Companero Street | Haslet, TX 76052 | 5 | Beds | 4 | Baths | 3,598 | SQ FT | Available Date: | Now | Community | Madero | Floor Plan | Wimbledon | View Detail | As low as | $3,729",
2026-09-05,Trophy Signature Homes,DFW,https://trophysignaturehomes.com/homes/dallas-ft-worth,https://trophysignaturehomes.com/homes/dallas-ft-worth/fort-worth/cibolo-hills-west/10632-dillon-street,c9fab39898c9bd83af,Cibolo Hills West,"10632 Dillon Street Fort Worth, TX 76179",,Wimbledon,Available | Now,449990,,,,,,,"$449,990 | 10632 Dillon Street | Fort Worth, TX 76179 | 5 | Beds | 4 | Baths | 3,598 | SQ FT | Available Date: | Now | Community | Cibolo Hills West | Floor Plan | Wimbledon | View Detail | As low as | $3,644",
2026-09-05,Trophy Signature Homes,DFW,https://trophysignaturehomes.com/homes/dallas-ft-worth,https://trophysignaturehomes.com/homes/dallas-ft-worth/haslet/madero/1144-san-clemente-street,9450550ceb1f8f4425,Madero,"1144 San Clemente Street Haslet, TX 76052",,Wimbledon,Est Completion | October 2026,459990,,,,,,,"$459,990 | 1144 San Clemente Street | Haslet, TX 76052 | 5 | Beds | 4 | Baths | 3,598 | SQ FT | Est Completion Date: | October 2026 | Community | Madero | Floor Plan | Wimbledon | View Detail | As low as | $3,775",
2026-09-05,Trophy Signature Homes,DFW,https://trophysignaturehomes.com/homes/dallas-ft-worth,https://trophysignaturehomes.com/homes/dallas-ft-worth/forney/devonshire/2210-willowbank-drive,12bf95301f6f5109eb,Devonshire,"2210 Willowbank Drive Forney, TX 75126",,Wimbledon,Est Completion | September 2026,442490,,,,,,,"$442,490 | 2210 Willowbank Drive | Forney, TX 75126 | 5 | Beds | 4 | Baths | 3,598 | SQ FT | Est Completion Date: | September 2026 | Community | Devonshire | Floor Plan | Wimbledon | Devonshire | View Detail | As low as | $3,521",
2026-09-05,Trophy Signature Homes,DFW,https://trophysignaturehomes.com/homes/dallas-ft-worth,https://trophysignaturehomes.com/homes/dallas-ft-worth/lavon/elevon/923-sleepy-landing-drive,c993d0dd978da0875f,Elevon,"923 Sleepy Landing Drive Lavon, TX 75166",,Wimbledon,Available | Now,437990,,,,,,,"$437,990 | 923 Sleepy Landing Drive | Lavon, TX 75166 | 5 | Beds | 4 | Baths | 3,598 | SQ FT | Available Date: | Now | Community | Elevon | Floor Plan | Wimbledon | Elevon | View Detail | As low as | $5,204",
2026-09-05,Trophy Signature Homes,DFW,https://trophysignaturehomes.com/homes/dallas-ft-worth,https://trophysignaturehomes.com/homes/dallas-ft-worth/mckinney/painted-tree/3617-teasdale-drive,923e5fafb05d5443e6,Painted Tree,"3617 Teasdale Drive Mckinney, TX 75071",,Monet II,Available | Now,674990,,,,,,Savings Shown,"$674,990 | 709990 | Save: | $35,000 | 3617 Teasdale Drive | Mckinney, TX 75071 | 5 | Beds | 4 | Baths | 3,600 | SQ FT | Available Date: | Now | Community | Painted Tree | Floor Plan | Monet II | View Detail | As low as | $5,124",
2026-09-05,Trophy Signature Homes,DFW,https://trophysignaturehomes.com/homes/dallas-ft-worth,https://trophysignaturehomes.com/homes/dallas-ft-worth/mckinney/painted-tree/4713-starlight-drive,49cd2d3966006ea37a,Painted Tree,"4713 Starlight Drive Mckinney, TX 75071",,Monet II,Available | Now,664490,,,,,,Savings Shown,"$664,490 | 689490 | Save: | $25,000 | Open | House | Saturday & Sunday 1PM - 3PM | 4713 Starlight Drive | Mckinney, TX 75071 | 5 | Beds | 4 | Baths | 3,600 | SQ FT | Available Date: | Now | Community | Painted Tree | Floor Plan | Monet II | View Detail | As low as | $3,754",
2026-09-05,Trophy Signature Homes,DFW,https://trophysignaturehomes.com/homes/dallas-ft-worth,https://trophysignaturehomes.com/homes/dallas-ft-worth/forney/devonshire/1856-balfour-bend,939df5ae5ba98b0ac7,Devonshire,"1856 Balfour Bend Forney, TX 75126",,Wimbledon,Available | Now,439990,,,,,,Savings Shown,"$439,990 | 445490 | Save: | $5,500 | 1856 Balfour Bend | Forney, TX 75126 | 5 | Beds | 4 | Baths | 3,602 | SQ FT | Available Date: | Now | Community | Devonshire | Floor Plan | Wimbledon | Devonshire | View Detail | As low as | $3,426",
2026-09-05,Trophy Signature Homes,DFW,https://trophysignaturehomes.com/homes/dallas-ft-worth,https://trophysignaturehomes.com/homes/dallas-ft-worth/farmersville/lakehaven/4016-somerville-drive,ab549c819d114c49a4,Lakehaven,"4016 Somerville Drive Farmersville, TX 75442",,Wimbledon,Est Completion | September 2026,404490,,,,,,,"$404,490 | 4016 Somerville Drive | Farmersville, TX 75442 | 5 | Beds | 4 | Baths | 3,602 | SQ FT | Est Completion Date: | September 2026 | Community | Lakehaven | Floor Plan | Wimbledon | View Detail | As low as | $3,620",
2026-09-05,Trophy Signature Homes,DFW,https://trophysignaturehomes.com/homes/dallas-ft-worth,https://trophysignaturehomes.com/homes/dallas-ft-worth/lavon/nicholson-ranch/1113-del-rio-drive,474be26e992cb9cf7a,Nicholson Ranch,"1113 Del Rio Drive Lavon, TX 75166",,Wimbledon,Available | Now,429990,,,,,,,"$429,990 | 1113 Del Rio Drive | Lavon, TX 75166 | 5 | Beds | 4 | Baths | 3,602 | SQ FT | Available Date: | Now | Community | Nicholson Ranch | Floor Plan | Wimbledon | View Detail | As low as | $3,470",
2026-09-05,Trophy Signature Homes,DFW,https://trophysignaturehomes.com/homes/dallas-ft-worth,https://trophysignaturehomes.com/homes/dallas-ft-worth/mckinney/eastridge/801-edgehurst-drive,d64fc70fe4d0ee1c22,Eastridge,"801 Edgehurst Drive McKinney, TX 75071",,Wimbledon,Est Completion | November 2026,447990,,,,,,,"$447,990 | 801 Edgehurst Drive | McKinney, TX 75071 | 5 | Beds | 4 | Baths | 3,611 | SQ FT | Est Completion Date: | November 2026 | Community | Eastridge | Floor Plan | Wimbledon | View Detail | As low as | $3,873",
2026-09-05,Trophy Signature Homes,DFW,https://trophysignaturehomes.com/homes/dallas-ft-worth,https://trophysignaturehomes.com/homes/dallas-ft-worth/gunter/sunset-ranch/3201-linden-lane,fe16c154f697abc923,Sunset Ranch,"3201 Linden Lane Gunter, TX 75058",,Wimbledon,Available | Now,450490,,,,,,,"$450,490 | Open | House | Tuesday & Thursday 12PM - 2PM | Saturday & Sunday 1PM - 3PM | 3201 Linden Lane | Gunter, TX 75058 | 5 | Beds | 4 | Baths | 3,614 | SQ FT | Available Date: | Now | Community | Sunset Ranch | Floor Plan | Wimbledon | View Detail | As low as | $3,367",
2026-09-05,Trophy Signature Homes,DFW,https://trophysignaturehomes.com/homes/dallas-ft-worth,https://trophysignaturehomes.com/homes/dallas-ft-worth/farmersville/lakehaven/3909-somerville-drive,fe0e929af44fff8ac3,Lakehaven,"3909 Somerville Drive Farmersville, TX 75442",,Wimbledon,Available | Now,397490,,,,,,Savings Shown,"$397,490 | 405490 | Save: | $8,000 | Open | House | Tuesday 12PM - 4PM | Saturday & Sunday 1PM - 5PM | 3909 Somerville Drive | Farmersville, TX 75442 | 5 | Beds | 4 | Baths | 3,614 | SQ FT | Available Date: | Now | Community | Lakehaven | Floor Plan | Wimbledon | Lakehaven | View Detail | As low as | $3,740",
2026-09-05,Trophy Signature Homes,DFW,https://trophysignaturehomes.com/homes/dallas-ft-worth,https://trophysignaturehomes.com/homes/dallas-ft-worth/waxahachie/dove-hollow/429-hocking-hills-drive,821ca78639c9326c4f,Dove Hollow,"429 Hocking Hills Drive Waxahachie, TX 75165",,Wimbledon,Est Completion | September 2026,472990,,,,,,,"$472,990 | 429 Hocking Hills Drive | Waxahachie, TX 75165 | 5 | Beds | 4 | Baths | 3,623 | SQ FT | Est Completion Date: | September 2026 | Community | Dove Hollow | Floor Plan | Wimbledon | Dove Hollow | View Detail | As low as | $3,431",
2026-09-05,Trophy Signature Homes,DFW,https://trophysignaturehomes.com/homes/dallas-ft-worth,https://trophysignaturehomes.com/homes/dallas-ft-worth/mckinney/southridge/112-whitlow-drive,c3d931885cfe028c70,Southridge,"112 Whitlow Drive McKinney, TX 75071",,Wimbledon,Est Completion | September 2026,440990,,,,,,,"$440,990 | 112 Whitlow Drive | McKinney, TX 75071 | 5 | Beds | 4 | Baths | 3,624 | SQ FT | Est Completion Date: | September 2026 | Community | Southridge | Floor Plan | Wimbledon | View Detail | As low as | $3,600",
2026-09-05,Trophy Signature Homes,DFW,https://trophysignaturehomes.com/homes/dallas-ft-worth,https://trophysignaturehomes.com/homes/dallas-ft-worth/waxahachie/dove-hollow/456-hocking-hills-drive,ad82cd327ed5bb8038,Dove Hollow,"456 Hocking Hills Drive Waxahachie, TX 75165",,Wimbledon,Available | Now,454990,,,,,,Savings Shown,"$454,990 | 457990 | Save: | $3,000 | 456 Hocking Hills Drive | Waxahachie, TX 75165 | 5 | Beds | 4 | Baths | 3,627 | SQ FT | Available Date: | Now | Community | Dove Hollow | Floor Plan | Wimbledon | Dove Hollow | View Detail | As low as | $3,623",
2026-09-05,Trophy Signature Homes,DFW,https://trophysignaturehomes.com/homes/dallas-ft-worth,https://trophysignaturehomes.com/homes/dallas-ft-worth/waxahachie/dove-hollow/444-hocking-hills-drive,becbeedb379dfe8437,Dove Hollow,"444 Hocking Hills Drive Waxahachie, TX 75165",,Wimbledon,Available | Now,457990,,,,,,,"$457,990 | 444 Hocking Hills Drive | Waxahachie, TX 75165 | 5 | Beds | 4 | Baths | 3,627 | SQ FT | Available Date: | Now | Community | Dove Hollow | Floor Plan | Wimbledon | Dove Hollow | View Detail | As low as | $3,714",
2026-09-05,Trophy Signature Homes,DFW,https://trophysignaturehomes.com/homes/dallas-ft-worth,https://trophysignaturehomes.com/homes/dallas-ft-worth/princeton/windmore/2125-sunshining-road,132c63d2da8efc07d3,Windmore,"2125 Sunshining Road Princeton, TX 75407",,Wimbledon,Available | Now,471990,,,,,,Savings Shown,"$471,990 | 474990 | Save: | $3,000 | 2125 Sunshining Road | Princeton, TX 75407 | 5 | Beds | 4 | Baths | 3,633 | SQ FT | Available Date: | Now | Community | Windmore | Floor Plan | Wimbledon | Windmore | View Detail | Communities | Austin | Dallas / Ft Worth | Houston | New Construction Homes in Dallas / Ft Worth | Homes For Sale in Aledo | Homes For Sale in Alvarado | Homes For Sale in Aubrey | Homes For Sale in Celina | Homes For Sale in Crowley | Homes For Sale in Farmersville | Homes For Sale in Forney | Homes For Sale in Fort Worth | Homes For Sale in Greenville | Homes For Sale in Gunter | Homes For Sale in Haslet | Homes For Sale in Lavon | Homes For Sale in McKinney | Homes For Sale in Pilot Point | Homes For Sale in Ponder | Homes For Sale in Princeton | Homes For Sale in Seagoville | Homes For Sale in Waxahachie | New Construction Homes in Austin | Homes For Sale in Elgin",
2026-09-05,Trophy Signature Homes,Austin,https://trophysignaturehomes.com/homes/austin,https://trophysignaturehomes.com/homes/austin/elgin/trinity-ranch/222-hornet-street,67a33b321d94253cb5,Trinity Ranch,"222 Hornet Street Elgin, TX 78621",,Ash,Available | Now,266990,,,,,,,"$266,990 | 222 Hornet Street | Elgin, TX 78621 | 3 | Beds | 2 | Baths | 1,202 | SQ FT | Available Date: | Now | Community | Trinity Ranch | Floor Plan | Ash | View Detail | As low as | $2,322",
2026-09-05,Trophy Signature Homes,Austin,https://trophysignaturehomes.com/homes/austin,https://trophysignaturehomes.com/homes/austin/elgin/trinity-ranch/444-lucky-avenue,fef8ca598acea8e1a4,Trinity Ranch,"444 Lucky Avenue Elgin, TX 78621",,Birch,Available | Now,269935,274990.0,,,,,Price Cut | Savings Shown,"$269,935 | $274,990 | Save: | $5,055 | 444 Lucky Avenue | Elgin, TX 78621 | 3 | Beds | 2 | Baths | 1,283 | SQ FT | Available Date: | Now | Community | Trinity Ranch | Floor Plan | Birch | Trinity Ranch | View Detail | As low as | $2,365",
2026-09-05,Trophy Signature Homes,Austin,https://trophysignaturehomes.com/homes/austin,https://trophysignaturehomes.com/homes/austin/elgin/trinity-ranch/181-hornet-street,bae6119958ace9e3d8,Trinity Ranch,"181 Hornet Street Elgin, TX 78621",,Birch,Est Completion | September 2026,274990,,,,,,,"$274,990 | 181 Hornet Street | Elgin, TX 78621 | 3 | Beds | 2 | Baths | 1,283 | SQ FT | Est Completion Date: | September 2026 | Community | Trinity Ranch | Floor Plan | Birch | Trinity Ranch | View Detail | As low as | $2,634",
2026-09-05,Trophy Signature Homes,Austin,https://trophysignaturehomes.com/homes/austin,https://trophysignaturehomes.com/homes/austin/hutto/prairie-winds/110-divisadero-drive,b6efd279ccac9aa473,Prairie Winds,"110 Divisadero Drive Hutto, TX 78634",,Brazos,Available | Now,309965,354900.0,,,,,Price Cut | Savings Shown,"$309,965 | $354,900 | Save: | $44,935 | 110 Divisadero Drive | Hutto, TX 78634 | 3 | Beds | 2 | Baths | 1,475 | SQ FT | Available Date: | Now | Community | Prairie Winds | Floor Plan | Brazos | Prairie Winds | View Detail | As low as | $2,675",
2026-09-05,Trophy Signature Homes,Austin,https://trophysignaturehomes.com/homes/austin,https://trophysignaturehomes.com/homes/austin/hutto/prairie-winds/115-mandeville-drive,756e062524b72b6e57,Prairie Winds,"115 Mandeville Drive Hutto, TX 78634",,Brazos,Available | Now,314965,349900.0,,,,,Price Cut | Savings Shown,"$314,965 | $349,900 | Save: | $34,935 | Open | House | Saturday 10AM - 6PM | Sunday 12PM - 6PM | 115 Mandeville Drive | Hutto, TX 78634 | 3 | Beds | 2 | Baths | 1,475 | SQ FT | Available Date: | Now | Community | Prairie Winds | Floor Plan | Brazos | Prairie Winds | View Detail | As low as | $2,406",
2026-09-05,Trophy Signature Homes,Austin,https://trophysignaturehomes.com/homes/austin,https://trophysignaturehomes.com/homes/austin/elgin/trinity-ranch/270-bendecido-loop,7e2767c1ac689fe466,Trinity Ranch,"270 Bendecido Loop Elgin, TX 78621",,Cedar,Available | Now,279965,302400.0,,,,,Price Cut | Savings Shown,"$279,965 | $302,400 | Save: | $22,435 | Open | House | Tuesday & Thursday 12PM - 2PM | Saturday & Sunday 1PM - 3PM | 270 Bendecido Loop | Elgin, TX 78621 | 3 | Beds | 2 | Baths | 1,482 | SQ FT | Available Date: | Now | Community | Trinity Ranch | Floor Plan | Cedar | Trinity Ranch | View Detail | As low as | $2,449",
2026-09-05,Trophy Signature Homes,Austin,https://trophysignaturehomes.com/homes/austin,https://trophysignaturehomes.com/homes/austin/elgin/trinity-ranch/201-hornet-street,0249ea6f6d4da0ddeb,Trinity Ranch,"201 Hornet Street Elgin, TX 78621",,Cedar,Available | Now,284990,,,,,,,"$284,990 | 201 Hornet Street | Elgin, TX 78621 | 3 | Beds | 2 | Baths | 1,487 | SQ FT | Available Date: | Now | Community | Trinity Ranch | Floor Plan | Cedar | Trinity Ranch | View Detail | As low as | $3,008",
2026-09-05,Trophy Signature Homes,Austin,https://trophysignaturehomes.com/homes/austin,https://trophysignaturehomes.com/homes/austin/austin/evelyn/5701-koshoa-drive,73992a7df319313b4d,Evelyn,"5701 Koshoa Drive Austin, TX 78754",,Spruce,Est Completion | December 2026,369990,,,,,,,"$369,990 | 5701 Koshoa Drive | Austin, TX 78754 | 4 | Beds | 2 | Baths | 1,526 | SQ FT | Est Completion Date: | December 2026 | Community | Evelyn | Floor Plan | Spruce | Evelyn | View Detail | As low as | $2,716",
2026-09-05,Trophy Signature Homes,Austin,https://trophysignaturehomes.com/homes/austin,https://trophysignaturehomes.com/homes/austin/hutto/prairie-winds/200-melrose-street,7da814a7f6dac7a910,Prairie Winds,"200 Melrose Street Hutto, TX 78634",,Amber II,Available | Now,319990,339990.0,,,,,Price Cut | Savings Shown,"$319,990 | $339,990 | Save: | $20,000 | 200 Melrose Street | Hutto, TX 78634 | 3 | Beds | 2 | Baths | 1,615 | SQ FT | Available Date: | Now | Community | Prairie Winds | Floor Plan | Amber II | View Detail | As low as | $2,880",
2026-09-05,Trophy Signature Homes,Austin,https://trophysignaturehomes.com/homes/austin,https://trophysignaturehomes.com/homes/austin/hutto/prairie-winds/111-melrose-street,e0ac239a8371e63b7b,Prairie Winds,"111 Melrose Street Hutto, TX 78634",,Amber II,Est Completion | September 2026,339990,,,,,,,"$339,990 | 111 Melrose Street | Hutto, TX 78634 | 3 | Beds | 2 | Baths | 1,615 | SQ FT | Est Completion Date: | September 2026 | Community | Prairie Winds | Floor Plan | Amber II | View Detail | As low as | $2,575",
2026-09-05,Trophy Signature Homes,Austin,https://trophysignaturehomes.com/homes/austin,https://trophysignaturehomes.com/homes/austin/elgin/trinity-ranch/204-hornet-street,05cbed5a715752542b,Trinity Ranch,"204 Hornet Street Elgin, TX 78621",,Cypress,Available | Now,299990,,,,,,,"$299,990 | 204 Hornet Street | Elgin, TX 78621 | 4 | Beds | 3 | Baths | 1,648 | SQ FT | Available Date: | Now | Community | Trinity Ranch | Floor Plan | Cypress | Trinity Ranch | View Detail | As low as | $2,638",
2026-09-05,Trophy Signature Homes,Austin,https://trophysignaturehomes.com/homes/austin,https://trophysignaturehomes.com/homes/austin/elgin/trinity-ranch/171-hornet-street,fc36f07965c5438ba4,Trinity Ranch,"171 Hornet Street Elgin, TX 78621",,Cypress,Est Completion | September 2026,307490,,,,,,,"$307,490 | 171 Hornet Street | Elgin, TX 78621 | 4 | Beds | 3 | Baths | 1,648 | SQ FT | Est Completion Date: | September 2026 | Community | Trinity Ranch | Floor Plan | Cypress | Trinity Ranch | View Detail | As low as | $2,566",
2026-09-05,Trophy Signature Homes,Austin,https://trophysignaturehomes.com/homes/austin,https://trophysignaturehomes.com/homes/austin/elgin/trinity-ranch/191-hornet-street,95e3f252e7e6cdbfb1,Trinity Ranch,"191 Hornet Street Elgin, TX 78621",,Cypress,Available | Now,298990,,,,,,,"$298,990 | 191 Hornet Street | Elgin, TX 78621 | 4 | Beds | 3 | Baths | 1,648 | SQ FT | Available Date: | Now | Community | Trinity Ranch | Floor Plan | Cypress | Trinity Ranch | View Detail | As low as | $2,575",
2026-09-05,Trophy Signature Homes,Austin,https://trophysignaturehomes.com/homes/austin,https://trophysignaturehomes.com/homes/austin/elgin/trinity-ranch/211-hornet-street,cee667d5f8f5f3d79d,Trinity Ranch,"211 Hornet Street Elgin, TX 78621",,Cypress,Available | Now,299990,,,,,,,"$299,990 | 211 Hornet Street | Elgin, TX 78621 | 4 | Beds | 3 | Baths | 1,648 | SQ FT | Available Date: | Now | Community | Trinity Ranch | Floor Plan | Cypress | Trinity Ranch | View Detail | As low as | $2,953",
2026-09-05,Trophy Signature Homes,Austin,https://trophysignaturehomes.com/homes/austin,https://trophysignaturehomes.com/homes/austin/hutto/prairie-winds/114-malibu-bend,eee04f1ab5911ac516,Prairie Winds,"114 Malibu Bend Hutto, TX 78634",,Colorado,Available | Now,348965,355965.0,,,,,Price Cut | Savings Shown,"$348,965 | $355,965 | Save: | $7,000 | 114 Malibu Bend | Hutto, TX 78634 | 3 | Beds | 2 | Baths | 1,678 | SQ FT | Available Date: | Now | Community | Prairie Winds | Floor Plan | Colorado | View Detail | As low as | $3,325",
2026-09-05,Trophy Signature Homes,Austin,https://trophysignaturehomes.com/homes/austin,https://trophysignaturehomes.com/homes/austin/austin/evelyn/4729-bridwell-lane,534fe78a89b7acd9f2,Evelyn,"4729 Bridwell Lane Austin, TX 78754",,Colorado,Est Completion | October 2026,409990,,,,,,,"$409,990 | 4729 Bridwell Lane | Austin, TX 78754 | 3 | Beds | 2 | Baths | 1,678 | SQ FT | Est Completion Date: | October 2026 | Community | Evelyn | Floor Plan | Colorado | Evelyn | View Detail | As low as | $3,035",
2026-09-05,Trophy Signature Homes,Austin,https://trophysignaturehomes.com/homes/austin,https://trophysignaturehomes.com/homes/austin/hutto/prairie-winds/103-melrose-street,e8deb4e29a6d6a6ae1,Prairie Winds,"103 Melrose Street Hutto, TX 78634",,Colorado,Est Completion | September 2026,358965,,,,,,,"$358,965 | 103 Melrose Street | Hutto, TX 78634 | 3 | Beds | 2 | Baths | 1,678 | SQ FT | Est Completion Date: | September 2026 | Community | Prairie Winds | Floor Plan | Colorado | View Detail | As low as | $2,953",
2026-09-05,Trophy Signature Homes,Austin,https://trophysignaturehomes.com/homes/austin,https://trophysignaturehomes.com/homes/austin/hutto/prairie-winds/206-melrose-street,f1b222fc35fce8d5e9,Prairie Winds,"206 Melrose Street Hutto, TX 78634",,Turquoise,Available | Now,348990,,,,,,,"$348,990 | 206 Melrose Street | Hutto, TX 78634 | 3 | Beds | 2 | Baths | 1,716 | SQ FT | Available Date: | Now | Community | Prairie Winds | Floor Plan | Turquoise | Prairie Winds | View Detail | As low as | $2,798",
2026-09-05,Trophy Signature Homes,Austin,https://trophysignaturehomes.com/homes/austin,https://trophysignaturehomes.com/homes/austin/hutto/prairie-winds/116-melrose-street,2ad78adf921a569c67,Prairie Winds,"116 Melrose Street Hutto, TX 78634",,Turquoise,Available | Now,329990,350990.0,,,,,Price Cut | Savings Shown,"$329,990 | $350,990 | Save: | $21,000 | 116 Melrose Street | Hutto, TX 78634 | 3 | Beds | 2 | Baths | 1,716 | SQ FT | Available Date: | Now | Community | Prairie Winds | Floor Plan | Turquoise | Prairie Winds | View Detail | As low as | $3,206",
2026-09-05,Trophy Signature Homes,Austin,https://trophysignaturehomes.com/homes/austin,https://trophysignaturehomes.com/homes/austin/austin/evelyn/4709-native-pearl-lane,8792f6c882b80fa889,Evelyn,"4709 Native Pearl Lane Austin, TX 78754",,Turquoise,Est Completion | October 2026,394990,,,,,,,"$394,990 | 4709 Native Pearl Lane | Austin, TX 78754 | 3 | Beds | 2 | Baths | 1,716 | SQ FT | Est Completion Date: | October 2026 | Community | Evelyn | Floor Plan | Turquoise | View Detail | As low as | $2,953",
2026-09-05,Trophy Signature Homes,Austin,https://trophysignaturehomes.com/homes/austin,https://trophysignaturehomes.com/homes/austin/hutto/prairie-winds/109-melrose-street,86f7d0cb7eb5826b3e,Prairie Winds,"109 Melrose Street Hutto, TX 78634",,Turquoise,Est Completion | October 2026,348990,,,,,,,"$348,990 | 109 Melrose Street | Hutto, TX 78634 | 3 | Beds | 2 | Baths | 1,716 | SQ FT | Est Completion Date: | October 2026 | Community | Prairie Winds | Floor Plan | Turquoise | Prairie Winds | View Detail | As low as | $2,913",
2026-09-05,Trophy Signature Homes,Austin,https://trophysignaturehomes.com/homes/austin,https://trophysignaturehomes.com/homes/austin/hutto/prairie-winds/102-malibu-bend,01eedc968cc439d639,Prairie Winds,"102 Malibu Bend Hutto, TX 78634",,Turquoise,Available | Now,343990,350990.0,,,,,Price Cut | Savings Shown,"$343,990 | $350,990 | Save: | $7,000 | 102 Malibu Bend | Hutto, TX 78634 | 3 | Beds | 2 | Baths | 1,722 | SQ FT | Available Date: | Now | Community | Prairie Winds | Floor Plan | Turquoise | View Detail | As low as | $2,929",
2026-09-05,Trophy Signature Homes,Austin,https://trophysignaturehomes.com/homes/austin,https://trophysignaturehomes.com/homes/austin/hutto/prairie-winds/111-malibu-bend,e3422dd1e2cb321858,Prairie Winds,"111 Malibu Bend Hutto, TX 78634",,Turquoise,Available | Now,345990,350990.0,,,,,Price Cut | Savings Shown,"$345,990 | $350,990 | Save: | $5,000 | 111 Malibu Bend | Hutto, TX 78634 | 3 | Beds | 2 | Baths | 1,722 | SQ FT | Available Date: | Now | Community | Prairie Winds | Floor Plan | Turquoise | Trinity Ranch | View Detail | As low as | $2,929",
2026-09-05,Trophy Signature Homes,Austin,https://trophysignaturehomes.com/homes/austin,https://trophysignaturehomes.com/homes/austin/hutto/prairie-winds/105-malibu-bend,c68fa0750a908488ef,Prairie Winds,"105 Malibu Bend Hutto, TX 78634",,Turquoise,Available | Now,345990,348990.0,,,,,Price Cut | Savings Shown,"$345,990 | $348,990 | Save: | $3,000 | 105 Malibu Bend | Hutto, TX 78634 | 3 | Beds | 2 | Baths | 1,722 | SQ FT | Available Date: | Now | Community | Prairie Winds | Floor Plan | Turquoise | Trinity Ranch | View Detail | As low as | $3,182",
2026-09-05,Trophy Signature Homes,Austin,https://trophysignaturehomes.com/homes/austin,https://trophysignaturehomes.com/homes/austin/austin/evelyn/10906-mystic-timber-drive,35ca5c6ac2384366a0,Evelyn,"10906 Mystic Timber Drive Austin, TX 78754",,Turquoise,Est Completion | September 2026,391990,,,,,,,"$391,990 | 10906 Mystic Timber Drive | Austin, TX 78754 | 3 | Beds | 2 | Baths | 1,723 | SQ FT | Est Completion Date: | September 2026 | Community | Evelyn | Floor Plan | Turquoise | View Detail | As low as | $3,117",
2026-09-05,Trophy Signature Homes,Austin,https://trophysignaturehomes.com/homes/austin,https://trophysignaturehomes.com/homes/austin/hutto/prairie-winds/108-melrose-street,30c5577d50f3a98e54,Prairie Winds,"108 Melrose Street Hutto, TX 78634",,Sabine,Available | Now,368965,,,,,,,"$368,965 | 108 Melrose Street | Hutto, TX 78634 | 4 | Beds | 3 | Baths | 1,767 | SQ FT | Available Date: | Now | Community | Prairie Winds | Floor Plan | Sabine | Prairie Winds | View Detail | As low as | $2,962",
2026-09-05,Trophy Signature Homes,Austin,https://trophysignaturehomes.com/homes/austin,https://trophysignaturehomes.com/homes/austin/hutto/prairie-winds/113-malibu-bend,b5ea4f6979f34717f9,Prairie Winds,"113 Malibu Bend Hutto, TX 78634",,Quartz,Available | Now,349990,354990.0,,,,,Price Cut | Savings Shown,"$349,990 | $354,990 | Save: | $5,000 | 113 Malibu Bend | Hutto, TX 78634 | 4 | Beds | 2 | Baths | 1,816 | SQ FT | Available Date: | Now | Community | Prairie Winds | Floor Plan | Quartz | Prairie Winds | View Detail | As low as | $2,839",
2026-09-05,Trophy Signature Homes,Austin,https://trophysignaturehomes.com/homes/austin,https://trophysignaturehomes.com/homes/austin/hutto/prairie-winds/107-malibu-bend,97fb2702cc73c80bd4,Prairie Winds,"107 Malibu Bend Hutto, TX 78634",,Quartz,Available | Now,334990,354990.0,,,,,Price Cut | Savings Shown,"$334,990 | $354,990 | Save: | $20,000 | 107 Malibu Bend | Hutto, TX 78634 | 4 | Beds | 2 | Baths | 1,816 | SQ FT | Available Date: | Now | Community | Prairie Winds | Floor Plan | Quartz | Prairie Winds | View Detail | As low as | $3,301",
2026-09-05,Trophy Signature Homes,Austin,https://trophysignaturehomes.com/homes/austin,https://trophysignaturehomes.com/homes/austin/austin/evelyn/11012-mystic-timber-drive,908c30a9c2e7b924eb,Evelyn,"11012 Mystic Timber Drive Austin, TX 78754",,Quartz,Est Completion | October 2026,406990,,,,,,,"$406,990 | 11012 Mystic Timber Drive | Austin, TX 78754 | 4 | Beds | 3 | Baths | 1,816 | SQ FT | Est Completion Date: | October 2026 | Community | Evelyn | Floor Plan | Quartz | View Detail | As low as | $3,011",
2026-09-05,Trophy Signature Homes,Austin,https://trophysignaturehomes.com/homes/austin,https://trophysignaturehomes.com/homes/austin/hutto/prairie-winds/204-melrose-street,486bec2e899c944e4f,Prairie Winds,"204 Melrose Street Hutto, TX 78634",,Diamond,Available | Now,355990,358990.0,,,,,Price Cut | Savings Shown,"$355,990 | $358,990 | Save: | $3,000 | 204 Melrose Street | Hutto, TX 78634 | 3 | Beds | 2 | Baths | 1,840 | SQ FT | Available Date: | Now | Community | Prairie Winds | Floor Plan | Diamond | Prairie Winds | View Detail | As low as | $3,035",
2026-09-05,Trophy Signature Homes,Austin,https://trophysignaturehomes.com/homes/austin,https://trophysignaturehomes.com/homes/austin/hutto/prairie-winds/118-melrose-street,c2f04a56703bba792b,Prairie Winds,"118 Melrose Street Hutto, TX 78634",,Diamond,Available | Now,358990,,,,,,,"$358,990 | 118 Melrose Street | Hutto, TX 78634 | 3 | Beds | 2 | Baths | 1,840 | SQ FT | Available Date: | Now | Community | Prairie Winds | Floor Plan | Diamond | Prairie Winds | View Detail | As low as | $3,325",
2026-09-05,Trophy Signature Homes,Austin,https://trophysignaturehomes.com/homes/austin,https://trophysignaturehomes.com/homes/austin/austin/evelyn/11004-mystic-timber-drive,9fd483bc0f8ae20f16,Evelyn,"11004 Mystic Timber Drive Austin, TX 78754",,Diamond,Est Completion | September 2026,409990,,,,,,,"$409,990 | 11004 Mystic Timber Drive | Austin, TX 78754 | 3 | Beds | 2 | Baths | 1,840 | SQ FT | Est Completion Date: | September 2026 | Community | Evelyn | Floor Plan | Diamond | Evelyn | View Detail | As low as | $3,285",
2026-09-05,Trophy Signature Homes,Austin,https://trophysignaturehomes.com/homes/austin,https://trophysignaturehomes.com/homes/austin/austin/evelyn/4703-native-pearl-lane,83adf33a7842ddaddd,Evelyn,"4703 Native Pearl Lane Austin, TX 78754",,Diamond,Est Completion | October 2026,404990,,,,,,,"$404,990 | 4703 Native Pearl Lane | Austin, TX 78754 | 3 | Beds | 2 | Baths | 1,840 | SQ FT | Est Completion Date: | October 2026 | Community | Evelyn | Floor Plan | Diamond | Evelyn | View Detail | As low as | $3,325",
2026-09-05,Trophy Signature Homes,Austin,https://trophysignaturehomes.com/homes/austin,https://trophysignaturehomes.com/homes/austin/austin/evelyn/4707-native-pearl-lane,001b02b177f7af5697,Evelyn,"4707 Native Pearl Lane Austin, TX 78754",,Diamond,Est Completion | October 2026,409990,,,,,,,"$409,990 | 4707 Native Pearl Lane | Austin, TX 78754 | 3 | Beds | 2 | Baths | 1,840 | SQ FT | Est Completion Date: | October 2026 | Community | Evelyn | Floor Plan | Diamond | Evelyn | View Detail | As low as | $3,325",
2026-09-05,Trophy Signature Homes,Austin,https://trophysignaturehomes.com/homes/austin,https://trophysignaturehomes.com/homes/austin/austin/evelyn/11016-mystic-timber-drive,1471c5b96470deb7b9,Evelyn,"11016 Mystic Timber Drive Austin, TX 78754",,Diamond,Est Completion | October 2026,409990,,,,,,,"$409,990 | 11016 Mystic Timber Drive | Austin, TX 78754 | 3 | Beds | 2 | Baths | 1,840 | SQ FT | Est Completion Date: | October 2026 | Community | Evelyn | Floor Plan | Diamond | Evelyn | View Detail | As low as | $3,035",
2026-09-05,Trophy Signature Homes,Austin,https://trophysignaturehomes.com/homes/austin,https://trophysignaturehomes.com/homes/austin/hutto/prairie-winds/105-melrose-street,125e4e4795043aaaf7,Prairie Winds,"105 Melrose Street Hutto, TX 78634",,Diamond,Est Completion | September 2026,358990,,,,,,,"$358,990 | 105 Melrose Street | Hutto, TX 78634 | 3 | Beds | 2 | Baths | 1,840 | SQ FT | Est Completion Date: | September 2026 | Community | Prairie Winds | Floor Plan | Diamond | Prairie Winds | View Detail | As low as | $3,125",
2026-09-05,Trophy Signature Homes,Austin,https://trophysignaturehomes.com/homes/austin,https://trophysignaturehomes.com/homes/austin/hutto/prairie-winds/119-malibu-bend,c352e498554ac0780b,Prairie Winds,"119 Malibu Bend Hutto, TX 78634",,Nueces,Available | Now,369965,381965.0,,,,,Price Cut | Savings Shown,"$369,965 | $381,965 | Save: | $12,000 | 119 Malibu Bend | Hutto, TX 78634 | 3 | Beds | 2 | Baths | 1,965 | SQ FT | Available Date: | Now | Community | Prairie Winds | Floor Plan | Nueces | View Detail | As low as | $3,223",
2026-09-05,Trophy Signature Homes,Austin,https://trophysignaturehomes.com/homes/austin,https://trophysignaturehomes.com/homes/austin/hutto/prairie-winds/102-melrose-street,c49072a9a2f9c3eb27,Prairie Winds,"102 Melrose Street Hutto, TX 78634",,Nueces,Available | Now,381965,,,,,,,"$381,965 | 102 Melrose Street | Hutto, TX 78634 | 3 | Beds | 2 | Baths | 1,965 | SQ FT | Available Date: | Now | Community | Prairie Winds | Floor Plan | Nueces | View Detail | As low as | $2,684",
2026-09-05,Trophy Signature Homes,Austin,https://trophysignaturehomes.com/homes/austin,https://trophysignaturehomes.com/homes/austin/elgin/trinity-ranch/206-hornet-street,0df828c05972a8f0c9,Trinity Ranch,"206 Hornet Street Elgin, TX 78621",,Magnolia,Available | Now,312990,314990.0,,,,,Price Cut | Savings Shown,"$312,990 | $314,990 | Save: | $2,000 | 206 Hornet Street | Elgin, TX 78621 | 4 | Beds | 2 | .5 | Baths | 2,025 | SQ FT | Available Date: | Now | Community | Trinity Ranch | Floor Plan | Magnolia | Trinity Ranch | View Detail | As low as | $2,701",
2026-09-05,Trophy Signature Homes,Austin,https://trophysignaturehomes.com/homes/austin,https://trophysignaturehomes.com/homes/austin/elgin/trinity-ranch/223-hornet-street,01f5f0cbbffb6309db,Trinity Ranch,"223 Hornet Street Elgin, TX 78621",,Magnolia,Available | Now,314990,,,,,,,"$314,990 | 223 Hornet Street | Elgin, TX 78621 | 4 | Beds | 2 | .5 | Baths | 2,025 | SQ FT | Available Date: | Now | Community | Trinity Ranch | Floor Plan | Magnolia | Trinity Ranch | View Detail | As low as | $3,333",
2026-09-05,Trophy Signature Homes,Austin,https://trophysignaturehomes.com/homes/austin,https://trophysignaturehomes.com/homes/austin/austin/evelyn/4705-native-pearl-lane,e65123693a24139b4c,Evelyn,"4705 Native Pearl Lane Austin, TX 78754",,Magnolia,Est Completion | October 2026,410990,,,,,,,"$410,990 | 4705 Native Pearl Lane | Austin, TX 78754 | 4 | Beds | 2 | .5 | Baths | 2,025 | SQ FT | Est Completion Date: | October 2026 | Community | Evelyn | Floor Plan | Magnolia | Evelyn | View Detail | As low as | $2,701",
2026-09-05,Trophy Signature Homes,Austin,https://trophysignaturehomes.com/homes/austin,https://trophysignaturehomes.com/homes/austin/elgin/trinity-ranch/177-hornet-street,5729285015cc596d05,Trinity Ranch,"177 Hornet Street Elgin, TX 78621",,Magnolia,Est Completion | September 2026,314990,,,,,,,"$314,990 | 177 Hornet Street | Elgin, TX 78621 | 4 | Beds | 2 | .5 | Baths | 2,025 | SQ FT | Est Completion Date: | September 2026 | Community | Trinity Ranch | Floor Plan | Magnolia | Trinity Ranch | View Detail | As low as | $2,701",
2026-09-05,Trophy Signature Homes,Austin,https://trophysignaturehomes.com/homes/austin,https://trophysignaturehomes.com/homes/austin/elgin/trinity-ranch/195-hornet-street,92e63183f8bd636f1b,Trinity Ranch,"195 Hornet Street Elgin, TX 78621",,Magnolia,Available | Now,314990,,,,,,,"$314,990 | 195 Hornet Street | Elgin, TX 78621 | 4 | Beds | 2 | .5 | Baths | 2,025 | SQ FT | Available Date: | Now | Community | Trinity Ranch | Floor Plan | Magnolia | Trinity Ranch | View Detail | As low as | $2,701",
2026-09-05,Trophy Signature Homes,Austin,https://trophysignaturehomes.com/homes/austin,https://trophysignaturehomes.com/homes/austin/austin/evelyn/5625-koshoa-drive,539c82a5f99b609f6b,Trinity Ranch,"5625 Koshoa Drive Austin, TX 78754",,Magnolia,Available | Now,314990,405990.0,,,,,Price Cut,"$314,990 | 223 Hornet Street | Elgin, TX 78621 | 4 | Beds | 2 | .5 | Baths | 2,025 | SQ FT | Available Date: | Now | Community | Trinity Ranch | Floor Plan | Magnolia | Trinity Ranch | View Detail | As low as | $3,293 | $405,990 | 5625 Koshoa Drive | Austin, TX 78754 | 4 | Beds | 2 | .5 | Baths | 2,025 | SQ FT | Est Completion Date: | December 2026 | Community | Evelyn | Floor Plan | Magnolia | Evelyn | View Detail | As low as | $3,555",
2026-09-05,Trophy Signature Homes,Austin,https://trophysignaturehomes.com/homes/austin,https://trophysignaturehomes.com/homes/austin/austin/evelyn/4801-bridwell-lane,5e95129eda53868dbc,Evelyn,"4801 Bridwell Lane Austin, TX 78754",,Pecos,Est Completion | September 2026,438990,,,,,,,"$438,990 | 4801 Bridwell Lane | Austin, TX 78754 | 4 | Beds | 3 | Baths | 2,120 | SQ FT | Est Completion Date: | September 2026 | Community | Evelyn | Floor Plan | Pecos | View Detail | As low as | $3,248",
2026-09-05,Trophy Signature Homes,Austin,https://trophysignaturehomes.com/homes/austin,https://trophysignaturehomes.com/homes/austin/hutto/prairie-winds/106-melrose-street,d2d82a3c420f912571,Prairie Winds,"106 Melrose Street Hutto, TX 78634",,Pecos,Est Completion | September 2026,384990,,,,,,,"$384,990 | 106 Melrose Street | Hutto, TX 78634 | 4 | Beds | 3 | Baths | 2,120 | SQ FT | Est Completion Date: | September 2026 | Community | Prairie Winds | Floor Plan | Pecos | View Detail | As low as | $2,929",
2026-09-05,Trophy Signature Homes,Austin,https://trophysignaturehomes.com/homes/austin,https://trophysignaturehomes.com/homes/austin/hutto/prairie-winds/1012-universal-drive,2ff2a1d4ae80781427,Prairie Winds,"1012 Universal Drive Hutto, TX 78634",,Pearl,Available | Now,345965,369990.0,,,,,Price Cut | Savings Shown,"$345,965 | $369,990 | Save: | $24,025 | 1012 Universal Drive | Hutto, TX 78634 | 4 | Beds | 2 | .5 | Baths | 2,183 | SQ FT | Available Date: | Now | Community | Prairie Winds | Floor Plan | Pearl | Prairie Winds | View Detail | As low as | $3,166",
2026-09-05,Trophy Signature Homes,Austin,https://trophysignaturehomes.com/homes/austin,https://trophysignaturehomes.com/homes/austin/hutto/prairie-winds/114-melrose-street,35280777111bb9733e,Prairie Winds,"114 Melrose Street Hutto, TX 78634",,Pearl,,374990,,,,,,,"$374,990 | 114 Melrose Street | Hutto, TX 78634 | 4 | Beds | 3 | .5 | Baths | 2,183 | SQ FT | Community | Prairie Winds | Floor Plan | Pearl | Prairie Winds | View Detail | As low as | $3,483",
2026-09-05,Trophy Signature Homes,Austin,https://trophysignaturehomes.com/homes/austin,https://trophysignaturehomes.com/homes/austin/austin/evelyn/4802-native-pearl-lane,cb975175ae2eb7eac8,Evelyn,"4802 Native Pearl Lane Austin, TX 78754",,Pearl,Est Completion | October 2026,429990,,,,,,,"$429,990 | 4802 Native Pearl Lane | Austin, TX 78754 | 4 | Beds | 3 | .5 | Baths | 2,183 | SQ FT | Est Completion Date: | October 2026 | Community | Evelyn | Floor Plan | Pearl | Evelyn | View Detail | As low as | $3,203",
2026-09-05,Trophy Signature Homes,Austin,https://trophysignaturehomes.com/homes/austin,https://trophysignaturehomes.com/homes/austin/hutto/prairie-winds/1102-universal-drive,1e743d74d82cade711,Prairie Winds,"1102 Universal Drive Hutto, TX 78634",,Oak,Available | Now,379510,389900.0,,,,,Price Cut | Savings Shown,"$379,510 | $389,900 | Save: | $10,390 | Open | House | Saturday 10AM - 6PM | Sunday 12PM - 6PM | 1102 Universal Drive | Hutto, TX 78634 | 4 | Beds | 2 | .5 | Baths | 2,299 | SQ FT | Available Date: | Now | Community | Prairie Winds | Floor Plan | Oak | Prairie Winds | View Detail | As low as | $2,794",
2026-09-05,Trophy Signature Homes,Austin,https://trophysignaturehomes.com/homes/austin,https://trophysignaturehomes.com/homes/austin/elgin/trinity-ranch/180-hornet-street,45daaea7dce5310380,Trinity Ranch,"180 Hornet Street Elgin, TX 78621",,Oak,Available | Now,325990,329990.0,,,,,Price Cut | Savings Shown,"$325,990 | $329,990 | Save: | $4,000 | 180 Hornet Street | Elgin, TX 78621 | 4 | Beds | 2 | .5 | Baths | 2,299 | SQ FT | Available Date: | Now | Community | Trinity Ranch | Floor Plan | Oak | Trinity Ranch | View Detail | As low as | $2,810",
2026-09-05,Trophy Signature Homes,Austin,https://trophysignaturehomes.com/homes/austin,https://trophysignaturehomes.com/homes/austin/elgin/trinity-ranch/220-hornet-street,f36fd48075b4e84e09,Trinity Ranch,"220 Hornet Street Elgin, TX 78621",,Oak,Available | Now,327990,329990.0,,,,,Price Cut | Savings Shown,"$327,990 | $329,990 | Save: | $2,000 | 220 Hornet Street | Elgin, TX 78621 | 4 | Beds | 2 | .5 | Baths | 2,299 | SQ FT | Available Date: | Now | Community | Trinity Ranch | Floor Plan | Oak | Trinity Ranch | View Detail | As low as | $2,819",
2026-09-05,Trophy Signature Homes,Austin,https://trophysignaturehomes.com/homes/austin,https://trophysignaturehomes.com/homes/austin/elgin/trinity-ranch/210-hornet-street,dbcf583eef9946020b,Trinity Ranch,"210 Hornet Street Elgin, TX 78621",,Oak,Available | Now,328990,,,,,,,"$328,990 | 210 Hornet Street | Elgin, TX 78621 | 4 | Beds | 2 | .5 | Baths | 2,299 | SQ FT | Available Date: | Now | Community | Trinity Ranch | Floor Plan | Oak | Trinity Ranch | View Detail | As low as | $3,248",
2026-09-05,Trophy Signature Homes,Austin,https://trophysignaturehomes.com/homes/austin,https://trophysignaturehomes.com/homes/austin/hutto/prairie-winds/107-melrose-street,930c8152b97a614b2a,Prairie Winds,"107 Melrose Street Hutto, TX 78634",,Oak,Est Completion | September 2026,384990,,,,,,,"$384,990 | 107 Melrose Street | Hutto, TX 78634 | 4 | Beds | 2 | .5 | Baths | 2,299 | SQ FT | Est Completion Date: | September 2026 | Community | Prairie Winds | Floor Plan | Oak | Prairie Winds | View Detail | As low as | $2,827",
2026-09-05,Trophy Signature Homes,Austin,https://trophysignaturehomes.com/homes/austin,https://trophysignaturehomes.com/homes/austin/elgin/trinity-ranch/187-hornet-street,4082077acbd0bf825a,Trinity Ranch,"187 Hornet Street Elgin, TX 78621",,Oak,Est Completion | September 2026,329990,,,,,,,"$329,990 | 187 Hornet Street | Elgin, TX 78621 | 4 | Beds | 2 | .5 | Baths | 2,299 | SQ FT | Est Completion Date: | September 2026 | Community | Trinity Ranch | Floor Plan | Oak | Trinity Ranch | View Detail | As low as | $2,819",
2026-09-05,Trophy Signature Homes,Austin,https://trophysignaturehomes.com/homes/austin,https://trophysignaturehomes.com/homes/austin/elgin/trinity-ranch/197-hornet-street,256799e69da876677c,Trinity Ranch,"197 Hornet Street Elgin, TX 78621",,Oak,Available | Now,328990,,,,,,,"$328,990 | 197 Hornet Street | Elgin, TX 78621 | 4 | Beds | 2 | .5 | Baths | 2,299 | SQ FT | Available Date: | Now | Community | Trinity Ranch | Floor Plan | Oak | Trinity Ranch | View Detail | As low as | $2,827",
2026-09-05,Trophy Signature Homes,Austin,https://trophysignaturehomes.com/homes/austin,https://trophysignaturehomes.com/homes/austin/elgin/trinity-ranch/217-hornet-street,cd1b931084a487eb5a,Trinity Ranch,"217 Hornet Street Elgin, TX 78621",,Oak,Available | Now,329990,,,,,,,"$329,990 | 217 Hornet Street | Elgin, TX 78621 | 4 | Beds | 2 | .5 | Baths | 2,299 | SQ FT | Available Date: | Now | Community | Trinity Ranch | Floor Plan | Oak | Trinity Ranch | View Detail | As low as | $3,404",
2026-09-05,Trophy Signature Homes,Austin,https://trophysignaturehomes.com/homes/austin,https://trophysignaturehomes.com/homes/austin/austin/evelyn/5705-koshoa-drive,766f0f1bc7e9832811,Evelyn,"5705 Koshoa Drive Austin, TX 78754",,Oak,Est Completion | December 2026,419990,,,,,,,"$419,990 | 5705 Koshoa Drive | Austin, TX 78754 | 4 | Beds | 2 | .5 | Baths | 2,299 | SQ FT | Est Completion Date: | December 2026 | Community | Evelyn | Floor Plan | Oak | Evelyn | View Detail | As low as | $2,945",
2026-09-05,Trophy Signature Homes,Austin,https://trophysignaturehomes.com/homes/austin,https://trophysignaturehomes.com/homes/austin/elgin/trinity-ranch/216-hornet-street,d045b5b8aadddd06c5,Trinity Ranch,"216 Hornet Street Elgin, TX 78621",,Willow,,343990,,,,,,,"$343,990 | 216 Hornet Street | Elgin, TX 78621 | 4 | Beds | 3 | .5 | Baths | 2,470 | SQ FT | Community | Trinity Ranch | Floor Plan | Willow | Trinity Ranch | View Detail | As low as | $2,953",
2026-09-05,Trophy Signature Homes,Austin,https://trophysignaturehomes.com/homes/austin,https://trophysignaturehomes.com/homes/austin/elgin/trinity-ranch/205-hornet-street,1b0e4b902ea60a36d1,Trinity Ranch,"205 Hornet Street Elgin, TX 78621",,Willow,Available | Now,344990,,,,,,,"$344,990 | 205 Hornet Street | Elgin, TX 78621 | 4 | Beds | 3 | .5 | Baths | 2,470 | SQ FT | Available Date: | Now | Community | Trinity Ranch | Floor Plan | Willow | Trinity Ranch | View Detail | As low as | $3,419",
2026-09-05,Trophy Signature Homes,Austin,https://trophysignaturehomes.com/homes/austin,https://trophysignaturehomes.com/homes/austin/hutto/prairie-winds/104-melrose-street,592400e89a260522e0,Prairie Winds,"104 Melrose Street Hutto, TX 78634",,Trinity,Available | Now,405965,,,,,,,"$405,965 | 104 Melrose Street | Hutto, TX 78634 | 4 | Beds | 3 | Baths | 2,504 | SQ FT | Available Date: | Now | Community | Prairie Winds | Floor Plan | Trinity | View Detail | As low as | $3,761",
2026-09-05,Trophy Signature Homes,Austin,https://trophysignaturehomes.com/homes/austin,https://trophysignaturehomes.com/homes/austin/austin/evelyn/4725-bridwell-lane,45eee0b4e895e138fa,Evelyn,"4725 Bridwell Lane Austin, TX 78754",,Trinity,Est Completion | November 2026,464990,,,,,,,"$464,990 | 4725 Bridwell Lane | Austin, TX 78754 | 4 | Beds | 3 | Baths | 2,504 | SQ FT | Est Completion Date: | November 2026 | Community | Evelyn | Floor Plan | Trinity | View Detail | As low as | $3,058",
2026-09-05,Trophy Signature Homes,Austin,https://trophysignaturehomes.com/homes/austin,https://trophysignaturehomes.com/homes/austin/elgin/trinity-ranch/226-hornet-street,57f53a62cb65296998,Trinity Ranch,"226 Hornet Street Elgin, TX 78621",,Elm II,Available | Now,357490,,,,,,,"$357,490 | 226 Hornet Street | Elgin, TX 78621 | 5 | Beds | 3 | Baths | 2,563 | SQ FT | Available Date: | Now | Community | Trinity Ranch | Floor Plan | Elm II | View Detail | As low as | $2,995",
2026-09-05,Trophy Signature Homes,Austin,https://trophysignaturehomes.com/homes/austin,https://trophysignaturehomes.com/homes/austin/elgin/trinity-ranch/175-hornet-street,f75467c2b9aff78560,Trinity Ranch,"175 Hornet Street Elgin, TX 78621",,Elm II,,349990,,,,,,,"$349,990 | 175 Hornet Street | Elgin, TX 78621 | 5 | Beds | 3 | Baths | 2,563 | SQ FT | Community | Trinity Ranch | Floor Plan | Elm II | View Detail | As low as | $2,995",
2026-09-05,Trophy Signature Homes,Austin,https://trophysignaturehomes.com/homes/austin,https://trophysignaturehomes.com/homes/austin/elgin/trinity-ranch/185-hornet-street,311d85180427b4cdee,Trinity Ranch,"185 Hornet Street Elgin, TX 78621",,Elm II,Est Completion | October 2026,349990,,,,,,,"$349,990 | 185 Hornet Street | Elgin, TX 78621 | 5 | Beds | 3 | Baths | 2,563 | SQ FT | Est Completion Date: | October 2026 | Community | Trinity Ranch | Floor Plan | Elm II | View Detail | As low as | $2,995",
2026-09-05,Trophy Signature Homes,Austin,https://trophysignaturehomes.com/homes/austin,https://trophysignaturehomes.com/homes/austin/elgin/trinity-ranch/207-hornet-street,a6074a33df1319adaa,Trinity Ranch,"207 Hornet Street Elgin, TX 78621",,Elm II,Available | Now,349990,,,,,,,"$349,990 | 207 Hornet Street | Elgin, TX 78621 | 5 | Beds | 3 | Baths | 2,563 | SQ FT | Available Date: | Now | Community | Trinity Ranch | Floor Plan | Elm II | View Detail | As low as | $2,995",
2026-09-05,Trophy Signature Homes,Austin,https://trophysignaturehomes.com/homes/austin,https://trophysignaturehomes.com/homes/austin/elgin/trinity-ranch/215-hornet-street,b2e6d56d2b1edec45a,Trinity Ranch,"215 Hornet Street Elgin, TX 78621",,Elm II,Est Completion | September 2026,349990,,,,,,,"$349,990 | 215 Hornet Street | Elgin, TX 78621 | 5 | Beds | 3 | Baths | 2,563 | SQ FT | Est Completion Date: | September 2026 | Community | Trinity Ranch | Floor Plan | Elm II | View Detail | As low as | $3,578",
2026-09-05,Trophy Signature Homes,Austin,https://trophysignaturehomes.com/homes/austin,https://trophysignaturehomes.com/homes/austin/austin/evelyn/5709-koshoa-drive,cea03f0fa0a4edd8a9,Evelyn,"5709 Koshoa Drive Austin, TX 78754",,Elm II,Est Completion | December 2026,441990,,,,,,,"$441,990 | 5709 Koshoa Drive | Austin, TX 78754 | 5 | Beds | 3 | Baths | 2,563 | SQ FT | Est Completion Date: | December 2026 | Community | Evelyn | Floor Plan | Elm II | View Detail | As low as | $3,452",
2026-09-05,Trophy Signature Homes,Austin,https://trophysignaturehomes.com/homes/austin,https://trophysignaturehomes.com/homes/austin/hutto/prairie-winds/115-melrose-street,d37e69a07c2fed674d,Prairie Winds,"115 Melrose Street Hutto, TX 78634",,Sapphire,Est Completion | October 2026,409990,,,,,,,"$409,990 | 115 Melrose Street | Hutto, TX 78634 | 4 | Beds | 3 | .5 | Baths | 2,649 | SQ FT | Est Completion Date: | October 2026 | Community | Prairie Winds | Floor Plan | Sapphire | Prairie Winds | View Detail | As low as | $3,624",
2026-09-05,Trophy Signature Homes,Austin,https://trophysignaturehomes.com/homes/austin,https://trophysignaturehomes.com/homes/austin/hutto/prairie-winds/110-melrose-street,da4d0b05f133fd8d90,Prairie Winds,"110 Melrose Street Hutto, TX 78634",,Claret,Available | Now,430990,,,,,,,"$430,990 | 110 Melrose Street | Hutto, TX 78634 | 4 | Beds | 3 | Baths | 2,669 | SQ FT | Available Date: | Now | Community | Prairie Winds | Floor Plan | Claret | Prairie Winds | View Detail | As low as | $3,706",
2026-09-05,Trophy Signature Homes,Austin,https://trophysignaturehomes.com/homes/austin,https://trophysignaturehomes.com/homes/austin/hutto/prairie-winds/100-melrose-street,8cd79f854794053c4e,Prairie Winds,"100 Melrose Street Hutto, TX 78634",,Claret,Est Completion | September 2026,440990,,,,,,,"$440,990 | 100 Melrose Street | Hutto, TX 78634 | 4 | Beds | 3 | Baths | 2,669 | SQ FT | Est Completion Date: | September 2026 | Community | Prairie Winds | Floor Plan | Claret | Prairie Winds | View Detail | As low as | $3,689",
2026-09-05,Trophy Signature Homes,Austin,https://trophysignaturehomes.com/homes/austin,https://trophysignaturehomes.com/homes/austin/hutto/prairie-winds/101-melrose-street,bea8aafc1b14b9d8c0,Prairie Winds,"101 Melrose Street Hutto, TX 78634",,Lavaca,Est Completion | September 2026,438965,,,,,,,"$438,965 | 101 Melrose Street | Hutto, TX 78634 | 5 | Beds | 3 | Baths | 2,716 | SQ FT | Est Completion Date: | September 2026 | Community | Prairie Winds | Floor Plan | Lavaca | View Detail | Communities | Austin | Dallas / Ft Worth | Houston | New Construction Homes in Dallas / Ft Worth | Homes For Sale in Aledo | Homes For Sale in Alvarado | Homes For Sale in Aubrey | Homes For Sale in Celina | Homes For Sale in Crowley | Homes For Sale in Farmersville | Homes For Sale in Forney | Homes For Sale in Fort Worth | Homes For Sale in Greenville | Homes For Sale in Gunter | Homes For Sale in Haslet | Homes For Sale in Lavon | Homes For Sale in McKinney | Homes For Sale in Pilot Point | Homes For Sale in Ponder | Homes For Sale in Princeton | Homes For Sale in Seagoville | Homes For Sale in Waxahachie | New Construction Homes in Austin | Homes For Sale in Elgin",
2026-09-05,Trophy Signature Homes,Houston,https://trophysignaturehomes.com/homes/houston,https://trophysignaturehomes.com/homes/houston/huffman/riviera-pines/1140-pine-rivage-drive,e82fdac3e7ef4d044c,Riviera Pines,"1140 Pine Rivage Drive Huffman, TX 77336",,Ash,Available | Now,201990,,,,,,,"$201,990 | 1140 Pine Rivage Drive | Huffman, TX 77336 | 3 | Beds | 2 | Baths | 1,202 | SQ FT | Available Date: | Now | Community | Riviera Pines | Floor Plan | Ash | Riviera Pines | View Detail | As low as | $1,940",
2026-09-05,Trophy Signature Homes,Houston,https://trophysignaturehomes.com/homes/houston,https://trophysignaturehomes.com/homes/houston/huffman/riviera-pines/31014-rena-coast-drive,be6eba95649f3b4b3c,Riviera Pines,"31014 Rena Coast Drive Huffman, TX 77336",,Birch,Available | Now,210990,,,,,,,"$210,990 | 31014 Rena Coast Drive | Huffman, TX 77336 | 3 | Beds | 2 | Baths | 1,317 | SQ FT | Available Date: | Now | Community | Riviera Pines | Floor Plan | Birch | Riviera Pines | View Detail | As low as | $2,567",
2026-09-05,Trophy Signature Homes,Houston,https://trophysignaturehomes.com/homes/houston,https://trophysignaturehomes.com/homes/houston/huffman/riviera-pines/31112-rena-coast-drive,3ccd4e5613ffdaf4af,Riviera Pines,"31112 Rena Coast Drive Huffman, TX 77336",,Nueces,Available | Now,281990,,,,,,,"$281,990 | 31112 Rena Coast Drive | Huffman, TX 77336 | 3 | Beds | 2 | Baths | 1,421 | SQ FT | Available Date: | Now | Community | Riviera Pines | Floor Plan | Nueces | View Detail | As low as | $2,081",
2026-09-05,Trophy Signature Homes,Houston,https://trophysignaturehomes.com/homes/houston,https://trophysignaturehomes.com/homes/houston/huffman/riviera-pines/31010-rena-coast-drive,7f38851249a9abeb74,Riviera Pines,"31010 Rena Coast Drive Huffman, TX 77336",,Cedar,Available | Now,226990,,,,,,,"$226,990 | 31010 Rena Coast Drive | Huffman, TX 77336 | 3 | Beds | 2 | Baths | 1,445 | SQ FT | Available Date: | Now | Community | Riviera Pines | Floor Plan | Cedar | Riviera Pines | View Detail | As low as | $2,028",
2026-09-05,Trophy Signature Homes,Houston,https://trophysignaturehomes.com/homes/houston,https://trophysignaturehomes.com/homes/houston/huffman/riviera-pines/31020-rena-coast-drive,e25725ffdab7cb5c12,Riviera Pines,"31020 Rena Coast Drive Huffman, TX 77336",,Cedar,Available | Now,220990,,,,,,,"$220,990 | 31020 Rena Coast Drive | Huffman, TX 77336 | 3 | Beds | 2 | Baths | 1,445 | SQ FT | Available Date: | Now | Community | Riviera Pines | Floor Plan | Cedar | Riviera Pines | View Detail | As low as | $2,116",
2026-09-05,Trophy Signature Homes,Houston,https://trophysignaturehomes.com/homes/houston,https://trophysignaturehomes.com/homes/houston/huffman/riviera-pines/1134-pine-rivage-drive,f1d446ffba52edf535,Riviera Pines,"1134 Pine Rivage Drive Huffman, TX 77336",,Spruce,Available | Now,230990,,,,,,,"$230,990 | 1134 Pine Rivage Drive | Huffman, TX 77336 | 4 | Beds | 2 | Baths | 1,522 | SQ FT | Available Date: | Now | Community | Riviera Pines | Floor Plan | Spruce | View Detail | As low as | $2,222",
2026-09-05,Trophy Signature Homes,Houston,https://trophysignaturehomes.com/homes/houston,https://trophysignaturehomes.com/homes/houston/huffman/riviera-pines/31102-rena-coast-drive,3ae516dcf042b9d30e,Riviera Pines,"31102 Rena Coast Drive Huffman, TX 77336",,Brazos,Available | Now,242990,,,,,,,"$242,990 | 31102 Rena Coast Drive | Huffman, TX 77336 | 3 | Beds | 2 | Baths | 1,545 | SQ FT | Available Date: | Now | Community | Riviera Pines | Floor Plan | Brazos | View Detail | As low as | $2,152",
2026-09-05,Trophy Signature Homes,Houston,https://trophysignaturehomes.com/homes/houston,https://trophysignaturehomes.com/homes/houston/huffman/riviera-pines/1251-minorca-street,19e4903d4dbc04dfcd,Riviera Pines,"1251 Minorca Street Huffman, TX 77336",,Cypress,Available | Now,234990,240900.0,,,,,Price Cut | Savings Shown,"$234,990 | $240,900 | Save: | $5,910 | 1251 Minorca Street | Huffman, TX 77336 | 4 | Beds | 3 | Baths | 1,648 | SQ FT | Available Date: | Now | Community | Riviera Pines | Floor Plan | Cypress | View Detail | As low as | $2,169",
2026-09-05,Trophy Signature Homes,Houston,https://trophysignaturehomes.com/homes/houston,https://trophysignaturehomes.com/homes/houston/huffman/riviera-pines/31018-rena-coast-drive,8cf3c863691e38b925,Riviera Pines,"31018 Rena Coast Drive Huffman, TX 77336",,Cypress,Available | Now,236990,240990.0,,,,,Price Cut | Savings Shown,"$236,990 | $240,990 | Save: | $4,000 | 31018 Rena Coast Drive | Huffman, TX 77336 | 4 | Beds | 3 | Baths | 1,648 | SQ FT | Available Date: | Now | Community | Riviera Pines | Floor Plan | Cypress | Riviera Pines | View Detail | As low as | $2,222",
2026-09-05,Trophy Signature Homes,Houston,https://trophysignaturehomes.com/homes/houston,https://trophysignaturehomes.com/homes/houston/huffman/riviera-pines/1130-pine-rivage-drive,67c6b0c1aacecc3798,Riviera Pines,"1130 Pine Rivage Drive Huffman, TX 77336",,Cypress,Est Completion | October 2026,242935,,,,,,,"$242,935 | 1130 Pine Rivage Drive | Huffman, TX 77336 | 4 | Beds | 3 | Baths | 1,648 | SQ FT | Est Completion Date: | October 2026 | Community | Riviera Pines | Floor Plan | Cypress | Riviera Pines | View Detail | As low as | $2,346",
2026-09-05,Trophy Signature Homes,Houston,https://trophysignaturehomes.com/homes/houston,https://trophysignaturehomes.com/homes/houston/huffman/riviera-pines/1212-pavia-fields-drive,ffb47ab81fc99f330f,Riviera Pines,"1212 Pavia Fields Drive Huffman, TX 77336",,Colorado,Available | Now,256990,260990.0,,,,,Price Cut | Savings Shown,"$256,990 | $260,990 | Save: | $4,000 | 1212 Pavia Fields Drive | Huffman, TX 77336 | 3 | Beds | 2 | Baths | 1,678 | SQ FT | Available Date: | Now | Community | Riviera Pines | Floor Plan | Colorado | View Detail | As low as | $2,328",
2026-09-05,Trophy Signature Homes,Houston,https://trophysignaturehomes.com/homes/houston,https://trophysignaturehomes.com/homes/houston/huffman/riviera-pines/1214-pavia-fields-drive,cdbf8bfb71f2b25745,Riviera Pines,"1214 Pavia Fields Drive Huffman, TX 77336",,Colorado,Available | Now,254990,259990.0,,,,,Price Cut | Savings Shown,"$254,990 | $259,990 | Save: | $5,000 | 1214 Pavia Fields Drive | Huffman, TX 77336 | 3 | Beds | 2 | Baths | 1,678 | SQ FT | Available Date: | Now | Community | Riviera Pines | Floor Plan | Colorado | View Detail | As low as | $2,426",
2026-09-05,Trophy Signature Homes,Houston,https://trophysignaturehomes.com/homes/houston,https://trophysignaturehomes.com/homes/houston/huffman/riviera-pines/31110-rena-coast-drive,96acd6cebc6b9b797a,Riviera Pines,"31110 Rena Coast Drive Huffman, TX 77336",,Colorado,Available | Now,265990,,,,,,,"$265,990 | 31110 Rena Coast Drive | Huffman, TX 77336 | 3 | Beds | 2 | Baths | 1,678 | SQ FT | Available Date: | Now | Community | Riviera Pines | Floor Plan | Colorado | View Detail | As low as | $2,417",
2026-09-05,Trophy Signature Homes,Houston,https://trophysignaturehomes.com/homes/houston,https://trophysignaturehomes.com/homes/houston/huffman/riviera-pines/31109-napoli-hills-drive,052ad9c026fb8e7128,Riviera Pines,"31109 Napoli Hills Drive Huffman, TX 77336",,Sabine,Available | Now,264990,269990.0,,,,,Price Cut | Savings Shown,"$264,990 | $269,990 | Save: | $5,000 | 31109 Napoli Hills Drive | Huffman, TX 77336 | 4 | Beds | 3 | Baths | 1,764 | SQ FT | Available Date: | Now | Community | Riviera Pines | Floor Plan | Sabine | View Detail | As low as | $2,408",
2026-09-05,Trophy Signature Homes,Houston,https://trophysignaturehomes.com/homes/houston,https://trophysignaturehomes.com/homes/houston/huffman/riviera-pines/1206-pavia-fields-drive,ff6f868c71d45934ca,Riviera Pines,"1206 Pavia Fields Drive Huffman, TX 77336",,Sabine,Available | Now,263975,269795.0,,,,,Price Cut | Savings Shown,"$263,975 | $269,795 | Save: | $5,820 | 1206 Pavia Fields Drive | Huffman, TX 77336 | 4 | Beds | 3 | Baths | 1,764 | SQ FT | Available Date: | Now | Community | Riviera Pines | Floor Plan | Sabine | View Detail | As low as | $2,461",
2026-09-05,Trophy Signature Homes,Houston,https://trophysignaturehomes.com/homes/houston,https://trophysignaturehomes.com/homes/houston/huffman/riviera-pines/31108-rena-coast-drive,abc8430589bfbe3d46,Riviera Pines,"31108 Rena Coast Drive Huffman, TX 77336",,Sabine,Available | Now,269990,,,,,,,"$269,990 | 31108 Rena Coast Drive | Huffman, TX 77336 | 4 | Beds | 3 | Baths | 1,764 | SQ FT | Available Date: | Now | Community | Riviera Pines | Floor Plan | Sabine | View Detail | As low as | $2,404",
2026-09-05,Trophy Signature Homes,Houston,https://trophysignaturehomes.com/homes/houston,https://trophysignaturehomes.com/homes/houston/huffman/riviera-pines/31106-azure-waters-drive,a0dd1e0d5c1cfbf0c7,Riviera Pines,"31106 Azure Waters Drive Huffman, TX 77336",,Quartz,Available | Now,263500,,,,,,,"$263,500 | 31106 Azure Waters Drive | Huffman, TX 77336 | 4 | Beds | 2 | Baths | 1,809 | SQ FT | Available Date: | Now | Community | Riviera Pines | Floor Plan | Quartz | View Detail | As low as | $2,373",
2026-09-05,Trophy Signature Homes,Houston,https://trophysignaturehomes.com/homes/houston,https://trophysignaturehomes.com/homes/houston/huffman/riviera-pines/31118-azure-waters-drive,40bde43a049a56cdfa,Riviera Pines,"31118 Azure Waters Drive Huffman, TX 77336",,Quartz,Available | Now,259990,,,,,,,"$259,990 | 31118 Azure Waters Drive | Huffman, TX 77336 | 4 | Beds | 3 | Baths | 1,816 | SQ FT | Available Date: | Now | Community | Riviera Pines | Floor Plan | Quartz | View Detail | As low as | $2,337",
2026-09-05,Trophy Signature Homes,Houston,https://trophysignaturehomes.com/homes/houston,https://trophysignaturehomes.com/homes/houston/huffman/riviera-pines/31012-rena-coast-drive,14d90a4bac945fbf7a,Riviera Pines,"31012 Rena Coast Drive Huffman, TX 77336",,Magnolia,Available | Now,255990,,,,,,,"$255,990 | 31012 Rena Coast Drive | Huffman, TX 77336 | 4 | Beds | 2 | .5 | Baths | 2,055 | SQ FT | Available Date: | Now | Community | Riviera Pines | Floor Plan | Magnolia | Riviera Pines | View Detail | As low as | $2,421",
2026-09-05,Trophy Signature Homes,Houston,https://trophysignaturehomes.com/homes/houston,https://trophysignaturehomes.com/homes/houston/huffman/riviera-pines/31013-perdido-valley-lane,e7d01fa868a1db89be,Riviera Pines,"31013 Perdido Valley Lane Huffman, TX 77336",,Magnolia,Available | Now,265480,268480.0,,,,,Price Cut | Savings Shown,"$265,480 | $268,480 | Save: | $3,000 | 31013 Perdido Valley Lane | Huffman, TX 77336 | 5 | Beds | 3 | .5 | Baths | 2,107 | SQ FT | Available Date: | Now | Community | Riviera Pines | Floor Plan | Magnolia | View Detail | As low as | $2,690",
2026-09-05,Trophy Signature Homes,Houston,https://trophysignaturehomes.com/homes/houston,https://trophysignaturehomes.com/homes/houston/huffman/riviera-pines/1208-pavia-fields-drive,bcd82f4d12a22a5d81,Riviera Pines,"1208 Pavia Fields Drive Huffman, TX 77336",,Pecos,Available | Now,295925,297925.0,,,,,Price Cut | Savings Shown,"$295,925 | $297,925 | Save: | $2,000 | 1208 Pavia Fields Drive | Huffman, TX 77336 | 4 | Beds | 3 | Baths | 2,120 | SQ FT | Available Date: | Now | Community | Riviera Pines | Floor Plan | Pecos | View Detail | As low as | $2,691",
2026-09-05,Trophy Signature Homes,Houston,https://trophysignaturehomes.com/homes/houston,https://trophysignaturehomes.com/homes/houston/huffman/riviera-pines/31104-rena-coast-drive,2d9a3330e52cb63974,Riviera Pines,"31104 Rena Coast Drive Huffman, TX 77336",,Pecos,Available | Now,295990,,,,,,,"$295,990 | 31104 Rena Coast Drive | Huffman, TX 77336 | 4 | Beds | 3 | Baths | 2,120 | SQ FT | Available Date: | Now | Community | Riviera Pines | Floor Plan | Pecos | View Detail | As low as | $2,638",
2026-09-05,Trophy Signature Homes,Houston,https://trophysignaturehomes.com/homes/houston,https://trophysignaturehomes.com/homes/houston/huffman/riviera-pines/1204-pavia-fields-drive,3808b23cb194d7e636,Riviera Pines,"1204 Pavia Fields Drive Huffman, TX 77336",,Pecos,Available | Now,289990,295990.0,,,,,Price Cut | Savings Shown,"$289,990 | $295,990 | Save: | $6,000 | 1204 Pavia Fields Drive | Huffman, TX 77336 | 4 | Beds | 3 | Baths | 2,123 | SQ FT | Available Date: | Now | Community | Riviera Pines | Floor Plan | Pecos | View Detail | As low as | $2,549",
2026-09-05,Trophy Signature Homes,Houston,https://trophysignaturehomes.com/homes/houston,https://trophysignaturehomes.com/homes/houston/huffman/riviera-pines/31104-azure-waters-drive,0258b2b081e334a942,Riviera Pines,"31104 Azure Waters Drive Huffman, TX 77336",,Pearl,Available | Now,279990,,,,,,,"$279,990 | 31104 Azure Waters Drive | Huffman, TX 77336 | 3 | Beds | 2 | .5 | Baths | 2,172 | SQ FT | Available Date: | Now | Community | Riviera Pines | Floor Plan | Pearl | View Detail | As low as | $2,576",
2026-09-05,Trophy Signature Homes,Houston,https://trophysignaturehomes.com/homes/houston,https://trophysignaturehomes.com/homes/houston/huffman/riviera-pines/31112-azure-waters-drive,46960d8964654e9501,Riviera Pines,"31112 Azure Waters Drive Huffman, TX 77336",,Pearl,Available | Now,282990,,,,,,,"$282,990 | 31112 Azure Waters Drive | Huffman, TX 77336 | 4 | Beds | 3 | .5 | Baths | 2,172 | SQ FT | Available Date: | Now | Community | Riviera Pines | Floor Plan | Pearl | Riviera Pines | View Detail | As low as | $2,549",
2026-09-05,Trophy Signature Homes,Houston,https://trophysignaturehomes.com/homes/houston,https://trophysignaturehomes.com/homes/houston/huffman/riviera-pines/31116-azure-waters-drive,3d2d08f5d4e441968d,Riviera Pines,"31116 Azure Waters Drive Huffman, TX 77336",,Pearl,Available | Now,279990,,,,,,,"$279,990 | 31116 Azure Waters Drive | Huffman, TX 77336 | 4 | Beds | 3 | .5 | Baths | 2,172 | SQ FT | Available Date: | Now | Community | Riviera Pines | Floor Plan | Pearl | Riviera Pines | View Detail | As low as | $2,496",
2026-09-05,Trophy Signature Homes,Houston,https://trophysignaturehomes.com/homes/houston,https://trophysignaturehomes.com/homes/houston/huffman/riviera-pines/31022-rena-coast-drive,aebcb0d1598c662cf3,Riviera Pines,"31022 Rena Coast Drive Huffman, TX 77336",,Oak,Available | Now,273990,,,,,,,"$273,990 | 31022 Rena Coast Drive | Huffman, TX 77336 | 4 | Beds | 2 | .5 | Baths | 2,299 | SQ FT | Available Date: | Now | Community | Riviera Pines | Floor Plan | Oak | View Detail | As low as | $2,465",
2026-09-05,Trophy Signature Homes,Houston,https://trophysignaturehomes.com/homes/houston,https://trophysignaturehomes.com/homes/houston/huffman/riviera-pines/31106-rena-coast-drive,875f4b3fb61baf098f,Riviera Pines,"31106 Rena Coast Drive Huffman, TX 77336",,Oak,Est Completion | September 2026,270500,313990.0,,,,,Price Cut,"$270,500 | 1138 Pine Rivage Drive | Huffman, TN 77336 | 4 | Beds | 2 | .5 | Baths | 2,299 | SQ FT | Est Completion Date: | September 2026 | Community | Riviera Pines | Floor Plan | Oak | Riviera Pines | View Detail | As low as | $2,850 | $313,990 | 31106 Rena Coast Drive | Huffman, TX 77336 | 4 | Beds | 3 | Baths | 2,504 | SQ FT | Available Date: | Now | Community | Riviera Pines | Floor Plan | Trinity | View Detail | As low as | $2,682",
2026-09-05,Trophy Signature Homes,Houston,https://trophysignaturehomes.com/homes/houston,https://trophysignaturehomes.com/homes/houston/huffman/riviera-pines/1136-pine-rivage-drive,713b45a7a322bc53b0,Riviera Pines,"1136 Pine Rivage Drive Huffman, TX 77336",,Elm II,Available | Now,294990,,,,,,,"$294,990 | 1136 Pine Rivage Drive | Huffman, TX 77336 | 5 | Beds | 3 | Baths | 2,563 | SQ FT | Available Date: | Now | Community | Riviera Pines | Floor Plan | Elm II | View Detail | Communities | Austin | Dallas / Ft Worth | Houston | New Construction Homes in Dallas / Ft Worth | Homes For Sale in Aledo | Homes For Sale in Alvarado | Homes For Sale in Aubrey | Homes For Sale in Celina | Homes For Sale in Crowley | Homes For Sale in Farmersville | Homes For Sale in Forney | Homes For Sale in Fort Worth | Homes For Sale in Greenville | Homes For Sale in Gunter | Homes For Sale in Haslet | Homes For Sale in Lavon | Homes For Sale in McKinney | Homes For Sale in Pilot Point | Homes For Sale in Ponder | Homes For Sale in Princeton | Homes For Sale in Seagoville | Homes For Sale in Waxahachie | New Construction Homes in Austin | Homes For Sale in Elgin",
2026-09-05,CB JENI Homes,DFW,https://cbjenihomes.com/find-your-home/?price=any&bedrooms=any&bathrooms=any&stories=any&city=any&school=any&floorplan=any&payment=any&size=any&quick=true,https://cbjenihomes.com/communities/painted-tree-woodlands/4770-lunker-street-mckinney-tx-75071/,a3a33213f0d2923e9e,Painted Tree - Woodland District,"4770 Lunker Street McKinney, TX 75071","Building 10, Lot 5",Hansen,Under Construction | Ready Now,393430,,2340.0,3.0,2.5,2.0,END UNIT,"Painted Tree - Woodland District | 4770 Lunker Street McKinney, TX 75071 | Hansen | Under Construction | Ready Now | Price 393430 | Was 0 | Building 10, Lot 5 | END UNIT",
2026-09-05,CB JENI Homes,DFW,https://cbjenihomes.com/find-your-home/?price=any&bedrooms=any&bathrooms=any&stories=any&city=any&school=any&floorplan=any&payment=any&size=any&quick=true,https://cbjenihomes.com/communities/the-village-at-midtowne/1013-magdalena-way-midlothian-tx-76065/,6abdbcc9fe8066e520,The Village at Midtowne,"1013 Magdalena Way Midlothian, TX 76065","Building 5, Lot 3",Boyd,Move-In Ready | Ready Now,284990,,1900.0,2.0,2.5,2.0,,"The Village at Midtowne | 1013 Magdalena Way Midlothian, TX 76065 | Boyd | Move-In Ready | Ready Now | Price 284990 | Was 0 | Building 5, Lot 3",
2026-09-05,CB JENI Homes,DFW,https://cbjenihomes.com/find-your-home/?price=any&bedrooms=any&bathrooms=any&stories=any&city=any&school=any&floorplan=any&payment=any&size=any&quick=true,https://cbjenihomes.com/communities/hazelwood/1360-marsh-lane-frisco-tx-75033/,7e9ab57eaea1035cf1,Hazelwood,"1360 Marsh Lane Frisco, TX 75033","Building 11, Lot 1",Justin,Move-In Ready | Ready Now,479990,,2261.0,3.0,2.5,2.0,,"Hazelwood | 1360 Marsh Lane Frisco, TX 75033 | Justin | Move-In Ready | Ready Now | Price 479990 | Was 0 | Building 11, Lot 1",
2026-09-05,CB JENI Homes,DFW,https://cbjenihomes.com/find-your-home/?price=any&bedrooms=any&bathrooms=any&stories=any&city=any&school=any&floorplan=any&payment=any&size=any&quick=true,https://cbjenihomes.com/communities/hazelwood/1346-marsh-lane-frisco-tx-75033-2/,b066df57352a159bc8,Hazelwood,"1346 Marsh Lane Frisco, TX 75033","Building 12, Lot 4",Wyatt,Move-In Ready | Ready Now,526710,,2469.0,3.0,2.5,2.0,,"Hazelwood | 1346 Marsh Lane Frisco, TX 75033 | Wyatt | Move-In Ready | Ready Now | Price 526710 | Was 0 | Building 12, Lot 4",
2026-09-05,CB JENI Homes,DFW,https://cbjenihomes.com/find-your-home/?price=any&bedrooms=any&bathrooms=any&stories=any&city=any&school=any&floorplan=any&payment=any&size=any&quick=true,https://cbjenihomes.com/communities/hazelwood/1331-rooted-road-frisco-tx-75033/,924b58ebf761b2b580,Hazelwood,"1331 Rooted Road Frisco, TX 75033","Building 13, Lot 2",Helaina,Move-In Ready | Ready Now,457010,,2196.0,3.0,2.5,2.0,,"Hazelwood | 1331 Rooted Road Frisco, TX 75033 | Helaina | Move-In Ready | Ready Now | Price 457010 | Was 0 | Building 13, Lot 2",
2026-09-05,CB JENI Homes,DFW,https://cbjenihomes.com/find-your-home/?price=any&bedrooms=any&bathrooms=any&stories=any&city=any&school=any&floorplan=any&payment=any&size=any&quick=true,https://cbjenihomes.com/communities/painted-tree-woodlands/4762-lunker-street-mckinney-tx-75071/,df8a775292d014cacb,Painted Tree - Woodland District,"4762 Lunker Street McKinney, TX 75071","Building 9, Lot 2",Emily,Move-In Ready | Ready Now,368560,,2189.0,3.0,2.5,2.0,SPACIOUS KITCHEN,"Painted Tree - Woodland District | 4762 Lunker Street McKinney, TX 75071 | Emily | Move-In Ready | Ready Now | Price 368560 | Was 0 | Building 9, Lot 2 | SPACIOUS KITCHEN",
2026-09-05,CB JENI Homes,DFW,https://cbjenihomes.com/find-your-home/?price=any&bedrooms=any&bathrooms=any&stories=any&city=any&school=any&floorplan=any&payment=any&size=any&quick=true,https://cbjenihomes.com/communities/painted-tree-woodlands/4755-lunker-street-mckinney-tx-75071/,e3a3c539da34392b09,Painted Tree - Woodland District,"4755 Lunker Street McKinney, TX 75071","Building 17, Lot 3",Boyd,Move-In Ready | Ready Now,372860,,1925.0,2.0,2.5,2.0,20' CEILINGS IN FAMILY ROOM,"Painted Tree - Woodland District | 4755 Lunker Street McKinney, TX 75071 | Boyd | Move-In Ready | Ready Now | Price 372860 | Was 0 | Building 17, Lot 3 | 20' CEILINGS IN FAMILY ROOM",
2026-09-05,CB JENI Homes,DFW,https://cbjenihomes.com/find-your-home/?price=any&bedrooms=any&bathrooms=any&stories=any&city=any&school=any&floorplan=any&payment=any&size=any&quick=true,https://cbjenihomes.com/communities/hazelwood/1387-rooted-road-frisco-tx-75033/,0025fefaf3a27c8373,Hazelwood,"1387 Rooted Road Frisco, TX 75033","Building 14, Lot 2",Sunny Interior,Move-In Ready | Ready Now,499630,,2351.0,3.0,2.5,2.0,,"Hazelwood | 1387 Rooted Road Frisco, TX 75033 | Sunny Interior | Move-In Ready | Ready Now | Price 499630 | Was 0 | Building 14, Lot 2",
2026-09-05,CB JENI Homes,DFW,https://cbjenihomes.com/find-your-home/?price=any&bedrooms=any&bathrooms=any&stories=any&city=any&school=any&floorplan=any&payment=any&size=any&quick=true,https://cbjenihomes.com/communities/hazelwood/1373-rooted-road-frisco-tx-75033/,c385bfc3fa8e32ce7c,Hazelwood,"1373 Rooted Road Frisco, TX 75033","Building 14, Lot 3",Austin,Move-In Ready | Ready Now,409200,,1914.0,2.0,2.5,2.0,,"Hazelwood | 1373 Rooted Road Frisco, TX 75033 | Austin | Move-In Ready | Ready Now | Price 409200 | Was 0 | Building 14, Lot 3",
2026-09-05,CB JENI Homes,DFW,https://cbjenihomes.com/find-your-home/?price=any&bedrooms=any&bathrooms=any&stories=any&city=any&school=any&floorplan=any&payment=any&size=any&quick=true,https://cbjenihomes.com/communities/cbj-city-point/7324-grant-avenue-north-richland-hills-tx-76180/,c6565e68cbf0beb992,City Point,"7324 Grant Avenue North Richland Hills, TX 76180","Building 21, Lot 6",Zoe,Under Construction | Ready Now,389990,,1985.0,3.0,2.5,2.0,,"City Point | 7324 Grant Avenue North Richland Hills, TX 76180 | Zoe | Under Construction | Ready Now | Price 389990 | Was 0 | Building 21, Lot 6",
2026-09-05,CB JENI Homes,DFW,https://cbjenihomes.com/find-your-home/?price=any&bedrooms=any&bathrooms=any&stories=any&city=any&school=any&floorplan=any&payment=any&size=any&quick=true,https://cbjenihomes.com/communities/cbj-city-point/7344-grant-avenue-north-richland-hills-tx-76180/,0b5e4760451b5b91c3,City Point,"7344 Grant Avenue North Richland Hills, TX 76180","Building 21, Lot 1",Zoe,Under Construction | Ready Now,374520,,1985.0,3.0,2.5,2.0,low financing offer,"City Point | 7344 Grant Avenue North Richland Hills, TX 76180 | Zoe | Under Construction | Ready Now | Price 374520 | Was 0 | Building 21, Lot 1 | low financing offer",
2026-09-05,CB JENI Homes,DFW,https://cbjenihomes.com/find-your-home/?price=any&bedrooms=any&bathrooms=any&stories=any&city=any&school=any&floorplan=any&payment=any&size=any&quick=true,https://cbjenihomes.com/communities/painted-tree-woodlands/4729-skiles-street-mckinney-tx-75071/,bc0234141cd3ccf048,Painted Tree - Woodland District,"4729 Skiles Street McKinney, TX 75071","Building 25, Lot 1",Tatum,Move-In Ready | Ready Now,399990,,2367.0,3.0,2.5,2.0,END UNIT,"Painted Tree - Woodland District | 4729 Skiles Street McKinney, TX 75071 | Tatum | Move-In Ready | Ready Now | Price 399990 | Was 0 | Building 25, Lot 1 | END UNIT",
2026-09-05,CB JENI Homes,DFW,https://cbjenihomes.com/find-your-home/?price=any&bedrooms=any&bathrooms=any&stories=any&city=any&school=any&floorplan=any&payment=any&size=any&quick=true,https://cbjenihomes.com/communities/painted-tree-woodlands/4733-skiles-street-mckinney-tx-75071/,bdb75dd1502da7ae64,Painted Tree - Woodland District,"4733 Skiles Street McKinney, TX 75071","Building 25, Lot 2",Emily,Move-In Ready | Ready Now,373090,,2189.0,3.0,2.5,2.0,SPACIOUS KITCHEN,"Painted Tree - Woodland District | 4733 Skiles Street McKinney, TX 75071 | Emily | Move-In Ready | Ready Now | Price 373090 | Was 0 | Building 25, Lot 2 | SPACIOUS KITCHEN",
2026-09-05,CB JENI Homes,DFW,https://cbjenihomes.com/find-your-home/?price=any&bedrooms=any&bathrooms=any&stories=any&city=any&school=any&floorplan=any&payment=any&size=any&quick=true,https://cbjenihomes.com/communities/midtown-gp/3727-pierce-lane-grand-prairie-tx-75052/,74a0f8a4fb89febb07,Midtown GP,"3727 Pierce Lane Grand Prairie, TX 75052","Building 4, Lot 2",Channing,Under Construction | Ready Now,374990,,1816.0,3.0,2.5,2.0,,"Midtown GP | 3727 Pierce Lane Grand Prairie, TX 75052 | Channing | Under Construction | Ready Now | Price 374990 | Was 0 | Building 4, Lot 2",
2026-09-05,CB JENI Homes,DFW,https://cbjenihomes.com/find-your-home/?price=any&bedrooms=any&bathrooms=any&stories=any&city=any&school=any&floorplan=any&payment=any&size=any&quick=true,https://cbjenihomes.com/communities/heritage-village/5306-springlake-parkway-haltom-city-tx-76117/,dbf5c24764d5e2d695,Heritage Village,"5306 Springlake Parkway Haltom City, TX 76117","Building 47, Lot 1",Olivia,Under Construction | Ready Now,294990,,1431.0,3.0,2.5,2.0,,"Heritage Village | 5306 Springlake Parkway Haltom City, TX 76117 | Olivia | Under Construction | Ready Now | Price 294990 | Was 0 | Building 47, Lot 1",
2026-09-05,CB JENI Homes,DFW,https://cbjenihomes.com/find-your-home/?price=any&bedrooms=any&bathrooms=any&stories=any&city=any&school=any&floorplan=any&payment=any&size=any&quick=true,https://cbjenihomes.com/communities/twin-creeks-watters/1025-splitrock-drive-allen-tx-75013/,ac4546317be0744131,Twin Creeks Watters,"1025 Splitrock Drive Allen, TX 75013","Building 16, Lot 3",Conley,Move-In Ready | Ready Now,389820,419820.0,1586.0,2.0,2.5,2.0,Price Cut,"Twin Creeks Watters | 1025 Splitrock Drive Allen, TX 75013 | Conley | Move-In Ready | Ready Now | Price 389820 | Was 419820 | Building 16, Lot 3",
2026-09-05,CB JENI Homes,DFW,https://cbjenihomes.com/find-your-home/?price=any&bedrooms=any&bathrooms=any&stories=any&city=any&school=any&floorplan=any&payment=any&size=any&quick=true,https://cbjenihomes.com/communities/midtown-gp/3723-pierce-lane-grand-prairie-tx-75052/,a52377285e22e006ca,Midtown GP,"3723 Pierce Lane Grand Prairie, TX 75052","Building 4, Lot 4",Baycliff,Under Construction | Ready Now,364990,,1631.0,2.0,2.5,2.0,,"Midtown GP | 3723 Pierce Lane Grand Prairie, TX 75052 | Baycliff | Under Construction | Ready Now | Price 364990 | Was 0 | Building 4, Lot 4",
2026-09-05,CB JENI Homes,DFW,https://cbjenihomes.com/find-your-home/?price=any&bedrooms=any&bathrooms=any&stories=any&city=any&school=any&floorplan=any&payment=any&size=any&quick=true,https://cbjenihomes.com/communities/cbj-city-point/7352-grant-avenue-north-richland-hills-tx-76180/,dcd0e3926544370b35,City Point,"7352 Grant Avenue North Richland Hills, TX 76180","Building 22, Lot 5",Conrad,Under Construction | Ready Now,334990,,1505.0,2.0,2.5,2.0,,"City Point | 7352 Grant Avenue North Richland Hills, TX 76180 | Conrad | Under Construction | Ready Now | Price 334990 | Was 0 | Building 22, Lot 5",
2026-09-05,CB JENI Homes,DFW,https://cbjenihomes.com/find-your-home/?price=any&bedrooms=any&bathrooms=any&stories=any&city=any&school=any&floorplan=any&payment=any&size=any&quick=true,https://cbjenihomes.com/communities/midtown-gp/3725-pierce-lane-grand-prairie-tx-75052/,fa93f7939339f84415,Midtown GP,"3725 Pierce Lane Grand Prairie, TX 75052","Building 4, Lot 3",Finley,Under Construction | Ready Now,369990,,1822.0,3.0,2.5,2.0,,"Midtown GP | 3725 Pierce Lane Grand Prairie, TX 75052 | Finley | Under Construction | Ready Now | Price 369990 | Was 0 | Building 4, Lot 3",
2026-09-05,CB JENI Homes,DFW,https://cbjenihomes.com/find-your-home/?price=any&bedrooms=any&bathrooms=any&stories=any&city=any&school=any&floorplan=any&payment=any&size=any&quick=true,https://cbjenihomes.com/communities/heritage-village/5216-springlake-parkway-haltom-city-tx-76117-2/,45d84b64b4e8ae7e1f,Heritage Village,"5216 Springlake Parkway Haltom City, TX 76117","Building 24, Lot 2",Elizabeth,Under Construction | Ready September,238990,,1092.0,2.0,2.0,1.0,,"Heritage Village | 5216 Springlake Parkway Haltom City, TX 76117 | Elizabeth | Under Construction | Ready September | Price 238990 | Was 0 | Building 24, Lot 2",
2026-09-05,CB JENI Homes,DFW,https://cbjenihomes.com/find-your-home/?price=any&bedrooms=any&bathrooms=any&stories=any&city=any&school=any&floorplan=any&payment=any&size=any&quick=true,https://cbjenihomes.com/communities/cbj-city-point/4208-james-street-north-richland-hills-tx-76180/,609052b7ff49279ef8,City Point,"4208 James Street North Richland Hills, TX 76180","Building 24, Lot 1",Zoe,Under Construction | Ready September,393050,,1988.0,3.0,2.5,2.0,,"City Point | 4208 James Street North Richland Hills, TX 76180 | Zoe | Under Construction | Ready September | Price 393050 | Was 0 | Building 24, Lot 1",
2026-09-05,CB JENI Homes,DFW,https://cbjenihomes.com/find-your-home/?price=any&bedrooms=any&bathrooms=any&stories=any&city=any&school=any&floorplan=any&payment=any&size=any&quick=true,https://cbjenihomes.com/communities/twin-creeks-watters/1030-stockton-drive-allen-tx-75013/,bf66cb3b493f360606,Twin Creeks Watters,"1030 Stockton Drive Allen, TX 75013","Building 11, Lot 2",Kelsi,Under Construction | Ready September,420400,428400.0,1859.0,3.0,2.5,2.0,Price Cut,"Twin Creeks Watters | 1030 Stockton Drive Allen, TX 75013 | Kelsi | Under Construction | Ready September | Price 420400 | Was 428400 | Building 11, Lot 2",
2026-09-05,CB JENI Homes,DFW,https://cbjenihomes.com/find-your-home/?price=any&bedrooms=any&bathrooms=any&stories=any&city=any&school=any&floorplan=any&payment=any&size=any&quick=true,https://cbjenihomes.com/communities/midtown-gp/3561-pierce-lane-grand-prairie-tx-75052/,66fe1feabb24587256,Midtown GP,"3561 Pierce Lane Grand Prairie, TX 75052","Building 12, Lot 3",Farley,Move-In Ready | Ready September,409990,,2184.0,3.0,2.5,2.0,,"Midtown GP | 3561 Pierce Lane Grand Prairie, TX 75052 | Farley | Move-In Ready | Ready September | Price 409990 | Was 0 | Building 12, Lot 3",
2026-09-05,CB JENI Homes,DFW,https://cbjenihomes.com/find-your-home/?price=any&bedrooms=any&bathrooms=any&stories=any&city=any&school=any&floorplan=any&payment=any&size=any&quick=true,https://cbjenihomes.com/communities/midtown-gp/3557-pierce-lane-grand-prairie-tx-75052/,0cd8ed9208218a1b3c,Midtown GP,"3557 Pierce Lane Grand Prairie, TX 75052","Building 12, Lot 5",Walker,Under Construction | Ready September,434990,,2489.0,4.0,3.5,2.0,,"Midtown GP | 3557 Pierce Lane Grand Prairie, TX 75052 | Walker | Under Construction | Ready September | Price 434990 | Was 0 | Building 12, Lot 5",
2026-09-05,CB JENI Homes,DFW,https://cbjenihomes.com/find-your-home/?price=any&bedrooms=any&bathrooms=any&stories=any&city=any&school=any&floorplan=any&payment=any&size=any&quick=true,https://cbjenihomes.com/communities/cbj-city-point/4441-union-street-north-richland-hills-tx-76180/,66ce2ae458ed4390ad,City Point,"4441 Union Street North Richland Hills, TX 76180","Building 7, Lot 6",Dalton II,Under Construction | Ready October,399990,,2021.0,3.0,2.5,2.0,,"City Point | 4441 Union Street North Richland Hills, TX 76180 | Dalton II | Under Construction | Ready October | Price 399990 | Was 0 | Building 7, Lot 6",
2026-09-05,CB JENI Homes,DFW,https://cbjenihomes.com/find-your-home/?price=any&bedrooms=any&bathrooms=any&stories=any&city=any&school=any&floorplan=any&payment=any&size=any&quick=true,https://cbjenihomes.com/communities/twin-creeks-watters/1039-splitrock-drive-allen-tx-75013/,cbe5bf729f68f650f2,Twin Creeks Watters,"1039 Splitrock Drive Allen, TX 75013","Building 17, Lot 5",Libby 2,Under Construction | Ready November,471250,479250.0,1971.0,3.0,2.5,2.0,Price Cut,"Twin Creeks Watters | 1039 Splitrock Drive Allen, TX 75013 | Libby 2 | Under Construction | Ready November | Price 471250 | Was 479250 | Building 17, Lot 5",
2026-09-05,CB JENI Homes,DFW,https://cbjenihomes.com/find-your-home/?price=any&bedrooms=any&bathrooms=any&stories=any&city=any&school=any&floorplan=any&payment=any&size=any&quick=true,https://cbjenihomes.com/communities/plano-gateway/3573-maplecrest-lane-plano-tx-75074/,078d53a590fce16f47,Plano Gateway,"3573 Maplecrest Lane Plano, TX 75074","Building 15, Lot 3",Armstrong,Under Construction | Ready November,439990,,1794.0,3.0,3.0,2.0,,"Plano Gateway | 3573 Maplecrest Lane Plano, TX 75074 | Armstrong | Under Construction | Ready November | Price 439990 | Was 0 | Building 15, Lot 3",
2026-09-05,CB JENI Homes,DFW,https://cbjenihomes.com/find-your-home/?price=any&bedrooms=any&bathrooms=any&stories=any&city=any&school=any&floorplan=any&payment=any&size=any&quick=true,https://cbjenihomes.com/communities/plano-gateway/3569-maplecrest-lane-plano-tx-75074/,7fb2621d8f7543d8af,Plano Gateway,"3569 Maplecrest Lane Plano, TX 75074","Building 15, Lot 4",Crawford,Under Construction | Ready November,449990,,1924.0,3.0,3.5,2.0,,"Plano Gateway | 3569 Maplecrest Lane Plano, TX 75074 | Crawford | Under Construction | Ready November | Price 449990 | Was 0 | Building 15, Lot 4",
2026-09-05,CB JENI Homes,DFW,https://cbjenihomes.com/find-your-home/?price=any&bedrooms=any&bathrooms=any&stories=any&city=any&school=any&floorplan=any&payment=any&size=any&quick=true,https://cbjenihomes.com/communities/plano-gateway/3565-maplecrest-lane-plano-tx-75074/,8177173740eefd80a3,Plano Gateway,"3565 Maplecrest Lane Plano, TX 75074","Building 15, Lot 5",Ellis,Under Construction | Ready November,454990,,1961.0,3.0,3.0,2.0,,"Plano Gateway | 3565 Maplecrest Lane Plano, TX 75074 | Ellis | Under Construction | Ready November | Price 454990 | Was 0 | Building 15, Lot 5",
2026-09-05,CB JENI Homes,DFW,https://cbjenihomes.com/find-your-home/?price=any&bedrooms=any&bathrooms=any&stories=any&city=any&school=any&floorplan=any&payment=any&size=any&quick=true,https://cbjenihomes.com/communities/plano-gateway/3561-maplecrest-lane-plano-tx-75074/,034bfc8ed43cad74c3,Plano Gateway,"3561 Maplecrest Lane Plano, TX 75074","Building 15, Lot 6",Victoria,Under Construction | Ready November,489990,,2278.0,3.0,3.5,2.0,,"Plano Gateway | 3561 Maplecrest Lane Plano, TX 75074 | Victoria | Under Construction | Ready November | Price 489990 | Was 0 | Building 15, Lot 6",
2026-09-05,Normandy Homes,DFW,https://normandyhomes.com/find-your-home/?bathrooms=any&bedrooms=any&city=any&payment=any&price=any&quick=true&size=any&stories=any,https://normandyhomes.com/communities/cross-creek-meadows-55-series/1109-wheatgrass-mews-celina-tx-75009/,31924b5c732aad5d83,,"15828 Amber Street Frisco, TX 75033",,,Ready Now,923749,,,4.0,,,,"15828 Amber Street | Frisco, TX 75033 | Ready Now | 3,586 Sq. Ft. | 4 Beds | 4 & 1 Half Baths | 2 Stories | 2 Car Garage | $923,749 | View Listing | Virtual Tour | Tristan | at | Painted Tree - Woodland West",
2026-09-05,Normandy Homes,DFW,https://normandyhomes.com/find-your-home/?bathrooms=any&bedrooms=any&city=any&payment=any&price=any&quick=true&size=any&stories=any,https://normandyhomes.com/communities/hazelwood-55-series/15828-amber-street-frisco-tx-75033/,31d5b8f59b2832affa,,"4521 Tippett Drive McKinney, TX 75071",,,Ready Now,746658,,,5.0,,,,"4521 Tippett Drive | McKinney, TX 75071 | Ready Now | 3,589 Sq. Ft. | 5 Beds | 5 & 1 Half Baths | 2 Stories | 2 Car Garage | $746,658 | View Listing | Virtual Tour | Giselle | at | The Heights at Uptown Celina",
2026-09-05,Normandy Homes,DFW,https://normandyhomes.com/find-your-home/?bathrooms=any&bedrooms=any&city=any&payment=any&price=any&quick=true&size=any&stories=any,https://normandyhomes.com/communities/painted-tree-woodland-west/4521-tippett-drive-mckinney-tx-75071/,9b4c2093f3c89c64cf,,"312 Callum Parkway Celina, TX 75009",,,Ready Now,449000,,,4.0,,,New Lower Price,"312 Callum Parkway | Celina, TX 75009 | Ready Now | 2,808 Sq. Ft. | 4 Beds | 3 & 1 Half Baths | 2 Stories | 2 Car Garage | $449,000 | View Listing | New Lower Price | Virtual Tour | Sinclaire III | at | Cross Creek Meadows",
2026-09-05,Normandy Homes,DFW,https://normandyhomes.com/find-your-home/?bathrooms=any&bedrooms=any&city=any&payment=any&price=any&quick=true&size=any&stories=any,https://normandyhomes.com/communities/the-heights-at-uptown/312-callum-parkway-celina-tx-75009/,ef08deccd410d66b40,,"1516 Rose Mallow Road Celina, TX 75009",,,Ready Now,597032,,,4.0,,,,"1516 Rose Mallow Road | Celina, TX 75009 | Ready Now | 3,355 Sq. Ft. | 4 Beds | 4 & 1 Half Baths | 2 Stories | 3 Car Garage | $597,032 | $682,032 | View Listing | Virtual Tour | Orleans II | at | Painted Tree - Woodland West",
2026-09-05,Normandy Homes,DFW,https://normandyhomes.com/find-your-home/?bathrooms=any&bedrooms=any&city=any&payment=any&price=any&quick=true&size=any&stories=any,https://normandyhomes.com/communities/cross-creek-meadows-55-series/1516-rose-mallow-road-celina-tx-75009/,6f3eea9f355293303e,,"4512 Peary Lane McKinney, TX 75071",,,Ready Now,697694,,,4.0,,,,"4512 Peary Lane | McKinney, TX 75071 | Ready Now | 3,229 Sq. Ft. | 4 Beds | 4 & 1 Half Baths | 2 Stories | 2 Car Garage | $697,694 | View Listing | Virtual Tour | Chapelle II | at | Painted Tree - Woodland West",
2026-09-05,Normandy Homes,DFW,https://normandyhomes.com/find-your-home/?bathrooms=any&bedrooms=any&city=any&payment=any&price=any&quick=true&size=any&stories=any,https://normandyhomes.com/communities/painted-tree-woodland-west/4512-peary-lane-mckinney-tx-75071/,92ab8f5d3179d9ad11,,"4545 Sunfish Lane McKinney, TX 75071",,,Ready Now,548243,,,4.0,3.0,,,"4545 Sunfish Lane | McKinney, TX 75071 | Ready Now | 2,184 Sq. Ft. | 4 Beds | 3 Baths | 1 Story | 2 Car Garage | $548,243 | View Listing | Virtual Tour | Versailles | at | Windsong Ranch",
2026-09-05,Normandy Homes,DFW,https://normandyhomes.com/find-your-home/?bathrooms=any&bedrooms=any&city=any&payment=any&price=any&quick=true&size=any&stories=any,https://normandyhomes.com/communities/painted-tree-woodland-west/4545-sunfish-lane-mckinney-tx-75071/,08768f31262b801525,,"1121 Crescent Lane Prosper, TX 75078",,,Ready Now,938000,,,5.0,,,,"1121 Crescent Lane | Prosper, TX 75078 | Ready Now | 3,593 Sq. Ft. | 5 Beds | 5 & 1 Half Baths | 2 Stories | 2 Car Garage | $938,000 | $1,186,567 | View Listing | Virtual Tour | Royale | at | Hazelwood 55' Series",
2026-09-05,Normandy Homes,DFW,https://normandyhomes.com/find-your-home/?bathrooms=any&bedrooms=any&city=any&payment=any&price=any&quick=true&size=any&stories=any,https://normandyhomes.com/communities/windsong-ranch/1121-crescent-lane-prosper-tx-75078/,182e0470d18ac43866,,"15734 Split Bark Lane Frisco, TX 75033",,,Ready Now,910810,,,5.0,,,New Lower Price,"15734 Split Bark Lane | Frisco, TX 75033 | Ready Now | 3,878 Sq. Ft. | 5 Beds | 5 & 1 Half Baths | 2 Stories | 2 Car Garage | $910,810 | View Listing | New Lower Price | Virtual Tour | Orleans | at | Cross Creek Meadows",
2026-09-05,Normandy Homes,DFW,https://normandyhomes.com/find-your-home/?bathrooms=any&bedrooms=any&city=any&payment=any&price=any&quick=true&size=any&stories=any,https://normandyhomes.com/communities/hazelwood-55-series/15734-split-bark-lane-frisco-tx-75033/,e5c5b4739a4255fd55,,"1833 Vetiver Glow Drive Celina, TX 75009",,,Ready Now,595885,,,5.0,,,,"1833 Vetiver Glow Drive | Celina, TX 75009 | Ready Now | 3,429 Sq. Ft. | 5 Beds | 4 & 1 Half Baths | 2 Stories | 2 Car Garage | $595,885 | $620,885 | View Listing | Virtual Tour | Tristan | at | Rainwater Crossing",
2026-09-05,Normandy Homes,DFW,https://normandyhomes.com/find-your-home/?bathrooms=any&bedrooms=any&city=any&payment=any&price=any&quick=true&size=any&stories=any,https://normandyhomes.com/communities/cross-creek-meadows-55-series/1833-vetiver-glow-drive-celina-tx-75009/,f60a45201127319693,,"2312 Wispy Lane Celina, TX 75009",,,Ready Now,595188,,,5.0,,,,"2312 Wispy Lane | Celina, TX 75009 | Ready Now | 3,588 Sq. Ft. | 5 Beds | 5 & 1 Half Baths | 2 Stories | 2 Car Garage | $595,188 | View Listing | Virtual Tour | Sophie | at | Rainwater Crossing",
2026-09-05,Normandy Homes,DFW,https://normandyhomes.com/find-your-home/?bathrooms=any&bedrooms=any&city=any&payment=any&price=any&quick=true&size=any&stories=any,https://normandyhomes.com/communities/rainwater-crossing/2312-wispy-lane-celina-tx-75009/,093b86fa8c8248e349,,"2308 Wispy Lane Celina, TX 75009",,,Ready Now,593688,,,5.0,,,,"2308 Wispy Lane | Celina, TX 75009 | Ready Now | 3,600 Sq. Ft. | 5 Beds | 5 & 1 Half Baths | 2 Stories | 2 Car Garage | $593,688 | View Listing | Virtual Tour | Rousseau | at | Hazelwood 55' Series",
2026-09-05,Normandy Homes,DFW,https://normandyhomes.com/find-your-home/?bathrooms=any&bedrooms=any&city=any&payment=any&price=any&quick=true&size=any&stories=any,https://normandyhomes.com/communities/rainwater-crossing/2308-wispy-lane-celina-tx-75009/,b2ad32d0f3e81ef9cd,,"15703 Amber Street Frisco, TX 75033",,,Ready Now,774736,899252.0,,4.0,,,Price Cut,"15703 Amber Street | Frisco, TX 75033 | Ready Now | 3,648 Sq. Ft. | 4 Beds | 4 & 1 Half Baths | 2 Stories | 2 Car Garage | $899,252 | View Listing | Virtual Tour | Juliet | at | Estates at Stacy Crossing | 6901 Chief Spotted Tail | McKinney, TX 75070 | Ready Now | 3,227 Sq. Ft. | 4 Beds | 3 & 1 Half Baths | 2 Stories | 2 Car Garage | $774,736 | View Listing | Virtual Tour | Orleans II | at | Painted Tree - Woodland West",
2026-09-05,Normandy Homes,DFW,https://normandyhomes.com/find-your-home/?bathrooms=any&bedrooms=any&city=any&payment=any&price=any&quick=true&size=any&stories=any,https://normandyhomes.com/communities/hazelwood-55-series/15703-amber-street-frisco-tx-75033/,bea2de56d55fc735c9,,"4729 Peary Lane McKinney, TX 75071",,,Ready Now,734710,,,5.0,,,,"4729 Peary Lane | McKinney, TX 75071 | Ready Now | 3,499 Sq. Ft. | 5 Beds | 5 & 1 Half Baths | 2 Stories | 2 Car Garage | $734,710 | View Listing | Virtual Tour | Tristan | at | Painted Tree - Woodland West",
2026-09-05,Normandy Homes,DFW,https://normandyhomes.com/find-your-home/?bathrooms=any&bedrooms=any&city=any&payment=any&price=any&quick=true&size=any&stories=any,https://normandyhomes.com/communities/estates-at-stacy-crossing/6901-chief-spotted-tail-drive-mckinney-tx-75070/,93e56698a529319584,,"4733 Peary Lane McKinney, TX 75071",,,Ready Now,483530,857565.0,,5.0,,,Price Cut | New Lower Price,"4733 Peary Lane | McKinney, TX 75071 | Ready Now | 3,589 Sq. Ft. | 5 Beds | 5 & 1 Half Baths | 2 Stories | 2 Car Garage | $745,403 | View Listing | Virtual Tour | Tristan | at | Estates at Stacy Crossing | 6933 Chief Spotted Tail | McKinney, TX 75070 | Ready Now | 3,398 Sq. Ft. | 4 Beds | 4 & 1 Half Baths | 2 Stories | 2 Car Garage | $857,565 | View Listing | New Lower Price | Virtual Tour | Corsica | at | Cross Creek Meadows | 1125 Saltbrush Mews | Celina, TX 75009 | Ready Now | 2,815 Sq. Ft. | 3 Beds | 3 & 1 Half Baths | 2 Stories | 2 Car Garage | $483,530 | $517,540 | View Listing | New Lower Price | Virtual Tour | Frederic | at | Cross Creek Meadows",
2026-09-05,Normandy Homes,DFW,https://normandyhomes.com/find-your-home/?bathrooms=any&bedrooms=any&city=any&payment=any&price=any&quick=true&size=any&stories=any,https://normandyhomes.com/communities/painted-tree-woodland-west/4729-peary-lane-mckinney-tx-75071/,e36f93a3a67f30e6e2,,"1820 Vetiver Glow Drive Celina, TX 75009",,,Ready Now,508106,533106.0,,4.0,4.0,,Price Cut | New Lower Price,"1820 Vetiver Glow Drive | Celina, TX 75009 | Ready Now | 2,730 Sq. Ft. | 4 Beds | 4 Baths | 2 Stories | 2 Car Garage | $508,106 | $533,106 | View Listing | New Lower Price | Virtual Tour | Versailles | at | Cross Creek Meadows",
2026-09-05,Normandy Homes,DFW,https://normandyhomes.com/find-your-home/?bathrooms=any&bedrooms=any&city=any&payment=any&price=any&quick=true&size=any&stories=any,https://normandyhomes.com/communities/painted-tree-woodland-west/4733-peary-lane-mckinney-tx-75071/,82eb59414d03fc0bb4,,"1829 Vetiver Glow Drive Celina, TX 75009",,,Ready Now,580735,,,4.0,,,,"1829 Vetiver Glow Drive | Celina, TX 75009 | Ready Now | 3,422 Sq. Ft. | 4 Beds | 4 & 1 Half Baths | 2 Stories | 2 Car Garage | $580,735 | $605,735 | View Listing | Virtual Tour | Alexis II | at | Painted Tree - Woodland North",
2026-09-05,Normandy Homes,DFW,https://normandyhomes.com/find-your-home/?bathrooms=any&bedrooms=any&city=any&payment=any&price=any&quick=true&size=any&stories=any,https://normandyhomes.com/communities/estates-at-stacy-crossing/6933-chief-spotted-tail-drive-mckinney-tx-75070/,0ae690a73b235b38be,,"3716 Malamute Run McKinney, TX 75071",,,Ready Now,425000,,,3.0,,,,"3716 Malamute Run | McKinney, TX 75071 | Ready Now | 1,914 Sq. Ft. | 3 Beds | 2 & 1 Half Baths | 2 Stories | 2 Car Garage | $425,000 | View Listing | Virtual Tour | Marcel II | at | Hazelwood 40' Series | 15875 Shaded Mews | Frisco, TX 75033 | Ready Now | 3,169 Sq. Ft. | 4 Beds | 3 & 1 Half Baths | 2 Stories | 2 Car Garage | $709,450 | View Listing | Virtual Tour | Royale | at | Hazelwood 55' Series",
2026-09-05,Normandy Homes,DFW,https://normandyhomes.com/find-your-home/?bathrooms=any&bedrooms=any&city=any&payment=any&price=any&quick=true&size=any&stories=any,https://normandyhomes.com/communities/cross-creek-meadows-55-series/1125-saltbrush-mews-celina-tx-75009/,72b5e29f22e3beb010,,"15839 Millwood Trail Frisco, TX 75033",,,Ready Now,942177,,,5.0,,,New Lower Price,"15839 Millwood Trail | Frisco, TX 75033 | Ready Now | 3,878 Sq. Ft. | 5 Beds | 5 & 1 Half Baths | 2 Stories | 2 Car Garage | $942,177 | View Listing | New Lower Price | Virtual Tour | Rennes | at | Cross Creek Meadows",
2026-09-05,Normandy Homes,DFW,https://normandyhomes.com/find-your-home/?bathrooms=any&bedrooms=any&city=any&payment=any&price=any&quick=true&size=any&stories=any,https://normandyhomes.com/communities/cross-creek-meadows-55-series/1820-vetiver-glow-drive-celina-tx-75009/,ae12251638cdc792c1,,"1105 Beautyberry Lane Celina, TX 75009",,,Ready Now,499480,519480.0,,4.0,,,Price Cut | New Lower Price,"1105 Beautyberry Lane | Celina, TX 75009 | Ready Now | 3,181 Sq. Ft. | 4 Beds | 3 & 1 Half Baths | 2 Stories | 2 Car Garage | $499,480 | $519,480 | View Listing | New Lower Price | Virtual Tour | Toulouse | at | Cross Creek Meadows",
2026-09-05,Normandy Homes,DFW,https://normandyhomes.com/find-your-home/?bathrooms=any&bedrooms=any&city=any&payment=any&price=any&quick=true&size=any&stories=any,https://normandyhomes.com/communities/cross-creek-meadows-55-series/1829-vetiver-glow-drive-celina-tx-75009/,34fcb2c05622873fa1,,"1825 Vetiver Glow Drive Celina, TX 75009",,,Ready Now,605706,,,5.0,,,,"1825 Vetiver Glow Drive | Celina, TX 75009 | Ready Now | 3,565 Sq. Ft. | 5 Beds | 5 & 1 Half Baths | 2 Stories | 2 Car Garage | $605,706 | $630,706 | View Listing | Virtual Tour | Alexis II | at | Painted Tree - Woodland North",
2026-09-05,Normandy Homes,DFW,https://normandyhomes.com/find-your-home/?bathrooms=any&bedrooms=any&city=any&payment=any&price=any&quick=true&size=any&stories=any,https://normandyhomes.com/communities/painted-tree-woodland-north/painted-tree-woodland-north-34-series/3716-malamute-run-mckinney-tx-75071/,bdd60bb2bc69d67f4b,,"3763 Goddard Road McKinney, TX 75071",,,Ready September,420000,,,3.0,,,,"3763 Goddard Road | McKinney, TX 75071 | Ready September | 1,914 Sq. Ft. | 3 Beds | 2 & 1 Half Baths | 2 Stories | 2 Car Garage | $420,000 | View Listing | Virtual Tour | Frederic | at | Estates at Stacy Crossing",
2026-09-05,Normandy Homes,DFW,https://normandyhomes.com/find-your-home/?bathrooms=any&bedrooms=any&city=any&payment=any&price=any&quick=true&size=any&stories=any,https://normandyhomes.com/communities/hazelwood-40-series/15875-shaded-mews-frisco-tx-75033/,659124cceb6401737d,,"6850 Crystal Springs Drive McKinney, TX 75070",,,Ready September,713647,,,4.0,4.0,,,"6850 Crystal Springs Drive | McKinney, TX 75070 | Ready September | 2,719 Sq. Ft. | 4 Beds | 4 Baths | 1.5 Stories | 2 Car Garage | $713,647 | View Listing | Virtual Tour | Bella II | at | Painted Tree - Woodland North",
2026-09-05,Normandy Homes,DFW,https://normandyhomes.com/find-your-home/?bathrooms=any&bedrooms=any&city=any&payment=any&price=any&quick=true&size=any&stories=any,https://normandyhomes.com/communities/hazelwood-55-series/15839-millwood-trail-frisco-tx-75033/,c9b8b66008bb1ab896,,"3767 Goddard Road McKinney, TX 75071",,,Ready September,440000,,,3.0,,,,"3767 Goddard Road | McKinney, TX 75071 | Ready September | 2,073 Sq. Ft. | 3 Beds | 2 & 1 Half Baths | 2 Stories | 2 Car Garage | $440,000 | View Listing | Virtual Tour | Bella II | at | Painted Tree - Woodland North",
2026-09-05,Normandy Homes,DFW,https://normandyhomes.com/find-your-home/?bathrooms=any&bedrooms=any&city=any&payment=any&price=any&quick=true&size=any&stories=any,https://normandyhomes.com/communities/cross-creek-meadows-55-series/1105-beautyberry-lane-celina-tx-75009/,137966da06aae83423,,"3759 Goddard Road McKinney, TX 75071",,,Ready September,445000,,,3.0,,,,"3759 Goddard Road | McKinney, TX 75071 | Ready September | 2,073 Sq. Ft. | 3 Beds | 2 & 1 Half Baths | 2 Stories | 2 Car Garage | $445,000 | View Listing | Virtual Tour | Tristan | at | Estates at Stacy Crossing",
2026-09-05,Normandy Homes,DFW,https://normandyhomes.com/find-your-home/?bathrooms=any&bedrooms=any&city=any&payment=any&price=any&quick=true&size=any&stories=any,https://normandyhomes.com/communities/cross-creek-meadows-55-series/1825-vetiver-glow-drive-celina-tx-75009/,5367207a85f6cb964b,,"5355 Roselyn Way McKinney, TX 75070",,,Ready September,856514,,,5.0,,,,"5355 Roselyn Way | McKinney, TX 75070 | Ready September | 3,586 Sq. Ft. | 5 Beds | 5 & 1 Half Baths | 2 Stories | 2 Car Garage | $856,514 | View Listing | Virtual Tour | Delacroix | at | Hazelwood 55' Series",
2026-09-05,Normandy Homes,DFW,https://normandyhomes.com/find-your-home/?bathrooms=any&bedrooms=any&city=any&payment=any&price=any&quick=true&size=any&stories=any,https://normandyhomes.com/communities/painted-tree-woodland-north/painted-tree-woodland-north-34-series/3763-goddard-road-mckinney-tx-75071/,95d2553d76b6506712,,"15799 Gladeside Avenue Frisco, TX 75033",,,Ready September,825000,,,4.0,,,,"15799 Gladeside Avenue | Frisco, TX 75033 | Ready September | 3,480 Sq. Ft. | 4 Beds | 4 & 1 Half Baths | 2 Stories | 2 Car Garage | $825,000 | View Listing | Virtual Tour | Percy | at | Rainwater Crossing",
2026-09-05,Normandy Homes,DFW,https://normandyhomes.com/find-your-home/?bathrooms=any&bedrooms=any&city=any&payment=any&price=any&quick=true&size=any&stories=any,https://normandyhomes.com/communities/estates-at-stacy-crossing/6850-crystal-springs-drive-mckinney-tx-75070/,9966bb1060be116cbd,,"2628 Radiant Way Celina, TX 75009",,,Ready September,554825,,,4.0,,,,"2628 Radiant Way | Celina, TX 75009 | Ready September | 3,271 Sq. Ft. | 4 Beds | 4 & 1 Half Baths | 2 Stories | 2 Car Garage | $554,825 | View Listing | Virtual Tour | Tristan | at | Rainwater Crossing",
2026-09-05,Normandy Homes,DFW,https://normandyhomes.com/find-your-home/?bathrooms=any&bedrooms=any&city=any&payment=any&price=any&quick=true&size=any&stories=any,https://normandyhomes.com/communities/painted-tree-woodland-north/painted-tree-woodland-north-34-series/3767-goddard-road-mckinney-tx-75071/,a4964305b1c57a2cf0,,"2624 Radiant Way Celina, TX 75009",,,Ready September,599627,,,5.0,,,,"2624 Radiant Way | Celina, TX 75009 | Ready September | 3,588 Sq. Ft. | 5 Beds | 5 & 1 Half Baths | 2 Stories | 2 Car Garage | $599,627 | View Listing | Virtual Tour | Juliet | at | Estates at Stacy Crossing",
2026-09-05,Normandy Homes,DFW,https://normandyhomes.com/find-your-home/?bathrooms=any&bedrooms=any&city=any&payment=any&price=any&quick=true&size=any&stories=any,https://normandyhomes.com/communities/painted-tree-woodland-north/painted-tree-woodland-north-34-series/3759-goddard-road-mckinney-tx-75071/,f0df4c3f34e83f9a27,,"6982 Claystone Drive McKinney, TX 75070",,,Ready September,777084,,,4.0,,,,"6982 Claystone Drive | McKinney, TX 75070 | Ready September | 3,227 Sq. Ft. | 4 Beds | 4 & 1 Half Baths | 2 Stories | 2 Car Garage | $777,084 | View Listing | Virtual Tour | Orleans II | at | Rainwater Crossing",
2026-09-05,Normandy Homes,DFW,https://normandyhomes.com/find-your-home/?bathrooms=any&bedrooms=any&city=any&payment=any&price=any&quick=true&size=any&stories=any,https://normandyhomes.com/communities/estates-at-stacy-crossing/5355-roselyn-way-mckinney-tx-75070/,2446e458af82841b6a,,"2620 Radiant Way Celina, TX 75009",,,Ready September,544291,,,4.0,,,,"2620 Radiant Way | Celina, TX 75009 | Ready September | 3,229 Sq. Ft. | 4 Beds | 4 & 1 Half Baths | 2 Stories | 2 Car Garage | $544,291 | View Listing | Virtual Tour | Marcel II | at | Hazelwood 40' Series",
2026-09-05,Normandy Homes,DFW,https://normandyhomes.com/find-your-home/?bathrooms=any&bedrooms=any&city=any&payment=any&price=any&quick=true&size=any&stories=any,https://normandyhomes.com/communities/hazelwood-55-series/15799-gladeside-avenue-frisco-tx-75033/,c75d9324806d553c53,,"15826 Gladeside Avenue Frisco, TX 75033",,,Ready September,686200,,,4.0,,,,"15826 Gladeside Avenue | Frisco, TX 75033 | Ready September | 3,169 Sq. Ft. | 4 Beds | 3 & 1 Half Baths | 2 Stories | 2 Car Garage | $686,200 | View Listing | Virtual Tour | Valente | at | Hazelwood 40' Series",
2026-09-05,Normandy Homes,DFW,https://normandyhomes.com/find-your-home/?bathrooms=any&bedrooms=any&city=any&payment=any&price=any&quick=true&size=any&stories=any,https://normandyhomes.com/communities/rainwater-crossing/2628-radiant-way-celina-tx-75009/,560dff40eec6fc8cfb,,"15850 Gladeside Avenue Frisco, TX 75033",,,Ready September,710290,,,4.0,,,New Lower Price,"15850 Gladeside Avenue | Frisco, TX 75033 | Ready September | 3,193 Sq. Ft. | 4 Beds | 3 & 1 Half Baths | 2 Stories | 2 Car Garage | $710,290 | View Listing | New Lower Price | Virtual Tour | Brigitte | at | Cross Creek Meadows",
2026-09-05,Normandy Homes,DFW,https://normandyhomes.com/find-your-home/?bathrooms=any&bedrooms=any&city=any&payment=any&price=any&quick=true&size=any&stories=any,https://normandyhomes.com/communities/rainwater-crossing/2624-radiant-way-celina-tx-75009/,d96624edd443bf3c37,,"1140 Hyssop Drive Celina, TX 75009",,,Ready September,459775,,,3.0,,,,"1140 Hyssop Drive | Celina, TX 75009 | Ready September | 2,495 Sq. Ft. | 3 Beds | 2 & 1 Half Baths | 2 Stories | 2 Car Garage | $459,775 | $479,775 | View Listing | Virtual Tour | Toulouse | at | Estates at Stacy Crossing",
2026-09-05,Normandy Homes,DFW,https://normandyhomes.com/find-your-home/?bathrooms=any&bedrooms=any&city=any&payment=any&price=any&quick=true&size=any&stories=any,https://normandyhomes.com/communities/estates-at-stacy-crossing/6982-claystone-drive-mckinney-tx-75070/,fe5e507b762b6458d8,,"6955 Claystone Drive McKinney, TX 75070",,,Ready September,846110,,,4.0,,,,"6955 Claystone Drive | McKinney, TX 75070 | Ready September | 3,363 Sq. Ft. | 4 Beds | 4 & 1 Half Baths | 2 Stories | 2 Car Garage | $846,110 | View Listing | Virtual Tour | Percy | at | Cross Creek Meadows",
2026-09-05,Normandy Homes,DFW,https://normandyhomes.com/find-your-home/?bathrooms=any&bedrooms=any&city=any&payment=any&price=any&quick=true&size=any&stories=any,https://normandyhomes.com/communities/rainwater-crossing/2620-radiant-way-celina-tx-75009/,768df217fe46bfa458,,"1809 Vetiver Glow Drive Celina, TX 75009",,,Ready September,614547,,,4.0,,,,"1809 Vetiver Glow Drive | Celina, TX 75009 | Ready September | 3,271 Sq. Ft. | 4 Beds | 4 & 1 Half Baths | 2 Stories | 2 Car Garage | $614,547 | View Listing | Virtual Tour | Toulouse II | at | Rainwater Crossing",
2026-09-05,Normandy Homes,DFW,https://normandyhomes.com/find-your-home/?bathrooms=any&bedrooms=any&city=any&payment=any&price=any&quick=true&size=any&stories=any,https://normandyhomes.com/communities/hazelwood-40-series/15826-gladeside-avenue-frisco-tx-75033/,132252d5a368c9aeac,,"2612 Radiant Way Celina, TX 75009",,,Ready September,592959,,,5.0,5.0,,,"2612 Radiant Way | Celina, TX 75009 | Ready September | 3,577 Sq. Ft. | 5 Beds | 5 Baths | 2 Stories | 2 Car Garage | $592,959 | View Listing | Virtual Tour | Madeleine | at | The Heights at Uptown Celina",
2026-09-05,Normandy Homes,DFW,https://normandyhomes.com/find-your-home/?bathrooms=any&bedrooms=any&city=any&payment=any&price=any&quick=true&size=any&stories=any,https://normandyhomes.com/communities/hazelwood-40-series/15850-gladeside-avenue-frisco-tx-75033/,e1f9e21241016da2bd,,"328 Walker Parkway Celina, TX 75009",,,Ready September,452045,499000.0,,4.0,4.0,,Price Cut,"328 Walker Parkway | Celina, TX 75009 | Ready September | 3,005 Sq. Ft. | 4 Beds | 4 Baths | 2 Stories | 2 Car Garage | $499,000 | View Listing | Virtual Tour | Brigitte | at | Cross Creek Meadows | 1112 Bear Grass Mews | Celina, TX 75009 | Ready September | 2,495 Sq. Ft. | 3 Beds | 2 & 1 Half Baths | 2 Stories | 2 Car Garage | $452,045 | $472,045 | View Listing | Virtual Tour | Toulouse II | at | Rainwater Crossing",
2026-09-05,Normandy Homes,DFW,https://normandyhomes.com/find-your-home/?bathrooms=any&bedrooms=any&city=any&payment=any&price=any&quick=true&size=any&stories=any,https://normandyhomes.com/communities/cross-creek-meadows-55-series/1140-hyssop-drive-celina-tx-75009/,4201b7054c13426fa5,,"2625 Radiant Way Celina, TX 75009",,,Ready September,587511,,,5.0,5.0,,,"2625 Radiant Way | Celina, TX 75009 | Ready September | 3,577 Sq. Ft. | 5 Beds | 5 Baths | 2 Stories | 2 Car Garage | $587,511 | View Listing | Virtual Tour | Orleans II | at | Rainwater Crossing",
2026-09-05,Normandy Homes,DFW,https://normandyhomes.com/find-your-home/?bathrooms=any&bedrooms=any&city=any&payment=any&price=any&quick=true&size=any&stories=any,https://normandyhomes.com/communities/estates-at-stacy-crossing/6955-claystone-drive-mckinney-tx-75070/,5dc9be9a101f5f0401,,"2629 Radiant Way Celina, TX 75009",,,Ready September,539786,,,4.0,,,,"2629 Radiant Way | Celina, TX 75009 | Ready September | 3,229 Sq. Ft. | 4 Beds | 4 & 1 Half Baths | 2 Stories | 2 Car Garage | $539,786 | View Listing | Virtual Tour | Percy | at | Rainwater Crossing",
2026-09-05,Normandy Homes,DFW,https://normandyhomes.com/find-your-home/?bathrooms=any&bedrooms=any&city=any&payment=any&price=any&quick=true&size=any&stories=any,https://normandyhomes.com/communities/cross-creek-meadows-55-series/1809-vetiver-glow-drive-celina-tx-75009/,05a8cbb39f3e3afe2c,,"2616 Radiant Way Celina, TX 75009",,,Ready September,549405,,,4.0,,,,"2616 Radiant Way | Celina, TX 75009 | Ready September | 3,271 Sq. Ft. | 4 Beds | 4 & 1 Half Baths | 2 Stories | 2 Car Garage | $549,405 | View Listing | Virtual Tour | Brice II | at | Painted Tree - Woodland West",
2026-09-05,Normandy Homes,DFW,https://normandyhomes.com/find-your-home/?bathrooms=any&bedrooms=any&city=any&payment=any&price=any&quick=true&size=any&stories=any,https://normandyhomes.com/communities/rainwater-crossing/2612-radiant-way-celina-tx-75009/,f72c56cbcefdb525ea,,"4636 Peary Lane McKinney, TX 75071",,,Ready October,524175,,,3.0,3.0,,,"4636 Peary Lane | McKinney, TX 75071 | Ready October | 2,165 Sq. Ft. | 3 Beds | 3 Baths | 1 Story | 2 Car Garage | $524,175 | View Listing | Virtual Tour | Sophie | at | Cross Creek Meadows",
2026-09-05,Normandy Homes,DFW,https://normandyhomes.com/find-your-home/?bathrooms=any&bedrooms=any&city=any&payment=any&price=any&quick=true&size=any&stories=any,https://normandyhomes.com/communities/the-heights-at-uptown/328-walker-parkway-celina-tx-75009/,9ac2db1e73829c8d11,,"1801 Vetiver Glow Drive Celina, TX 75009",,,Ready October,653531,,,5.0,,,,"1801 Vetiver Glow Drive | Celina, TX 75009 | Ready October | 3,600 Sq. Ft. | 5 Beds | 5 & 1 Half Baths | 2 Stories | 2 Car Garage | $653,531 | View Listing | Virtual Tour | Sophie | at | Rainwater Crossing",
2026-09-05,Normandy Homes,DFW,https://normandyhomes.com/find-your-home/?bathrooms=any&bedrooms=any&city=any&payment=any&price=any&quick=true&size=any&stories=any,https://normandyhomes.com/communities/cross-creek-meadows-55-series/1112-bear-grass-mews-celina-tx-75009/,cf846579e8d5887dfd,,"2613 Radiant Way Celina, TX 75009",,,Ready October,593121,,,5.0,,,,"2613 Radiant Way | Celina, TX 75009 | Ready October | 3,600 Sq. Ft. | 5 Beds | 4 & 1 Half Baths | 2 Stories | 2 Car Garage | $593,121 | View Listing | Virtual Tour | Cannes | at | Hazelwood 40' Series",
2026-09-05,Normandy Homes,DFW,https://normandyhomes.com/find-your-home/?bathrooms=any&bedrooms=any&city=any&payment=any&price=any&quick=true&size=any&stories=any,https://normandyhomes.com/communities/rainwater-crossing/2625-radiant-way-celina-tx-75009/,a39cf55d1ff83c32ac,,"15874 Gladeside Avenue Frisco, TX 75033",,,Ready October,698240,,,4.0,,,,"15874 Gladeside Avenue | Frisco, TX 75033 | Ready October | 3,027 Sq. Ft. | 4 Beds | 3 & 1 Half Baths | 2 Stories | 2 Car Garage | $698,240 | View Listing | Virtual Tour | Chapelle | at | Cross Creek Meadows",
2026-09-05,Normandy Homes,DFW,https://normandyhomes.com/find-your-home/?bathrooms=any&bedrooms=any&city=any&payment=any&price=any&quick=true&size=any&stories=any,https://normandyhomes.com/communities/rainwater-crossing/2629-radiant-way-celina-tx-75009/,5ad057c3c7dbd85684,,"1805 Vetiver Glow Drive Celina, TX 75009",,,Ready October,492706,,,3.0,3.0,,,"1805 Vetiver Glow Drive | Celina, TX 75009 | Ready October | 2,173 Sq. Ft. | 3 Beds | 3 Baths | 1 Story | 2 Car Garage | $492,706 | View Listing | Audrey | at | The Heights at Uptown Celina",
2026-09-05,Normandy Homes,DFW,https://normandyhomes.com/find-your-home/?bathrooms=any&bedrooms=any&city=any&payment=any&price=any&quick=true&size=any&stories=any,https://normandyhomes.com/communities/rainwater-crossing/2616-radiant-way-celina-tx-75009/,f1e0cdb4ead8d492f1,,"332 Walker Parkway Celina, TX 75009",,,Ready October,373450,,,3.0,,,,"332 Walker Parkway | Celina, TX 75009 | Ready October | 2,097 Sq. Ft. | 3 Beds | 2 & 1 Half Baths | 2 Stories | 2 Car Garage | $373,450 | View Listing | Virtual Tour | Marcel | at | Cross Creek Meadows | 1125 Beebalm Mews | Celina, TX 75009 | Ready October | 3,169 Sq. Ft. | 4 Beds | 3 & 1 Half Baths | 2 Stories | 2 Car Garage | $508,205 | $528,205 | View Listing | Virtual Tour | Marcel II | at | Hazelwood 40' Series | 1306 Misted Mews | Frisco, TX 75033 | Ready October | 3,169 Sq. Ft. | 4 Beds | 3 & 1 Half Baths | 2 Stories | 2 Car Garage | $738,270 | View Listing | Virtual Tour | Alexis II | at | Painted Tree - Woodland North",
2026-09-05,Normandy Homes,DFW,https://normandyhomes.com/find-your-home/?bathrooms=any&bedrooms=any&city=any&payment=any&price=any&quick=true&size=any&stories=any,https://normandyhomes.com/communities/painted-tree-woodland-west/4636-peary-lane-mckinney-tx-75071/,f30705ac920dabe159,,"3729 Homer Court McKinney, TX 75071",,,Ready October,441080,,,3.0,,,,"3729 Homer Court | McKinney, TX 75071 | Ready October | 1,917 Sq. Ft. | 3 Beds | 2 & 1 Half Baths | 2 Stories | 2 Car Garage | $441,080 | View Listing | Virtual Tour | Bella II | at | Painted Tree - Woodland North",
2026-09-05,Normandy Homes,DFW,https://normandyhomes.com/find-your-home/?bathrooms=any&bedrooms=any&city=any&payment=any&price=any&quick=true&size=any&stories=any,https://normandyhomes.com/communities/cross-creek-meadows-55-series/1801-vetiver-glow-drive-celina-tx-75009/,b9a01fd087a99d51ad,,"3733 Homer Court McKinney, TX 75071",,,Ready October,453710,,,3.0,,,,"3733 Homer Court | McKinney, TX 75071 | Ready October | 2,073 Sq. Ft. | 3 Beds | 2 & 1 Half Baths | 2 Stories | 2 Car Garage | $453,710 | View Listing | Virtual Tour | Emmeline | at | Painted Tree - Woodland North",
2026-09-05,Normandy Homes,DFW,https://normandyhomes.com/find-your-home/?bathrooms=any&bedrooms=any&city=any&payment=any&price=any&quick=true&size=any&stories=any,https://normandyhomes.com/communities/rainwater-crossing/2613-radiant-way-celina-tx-75009/,5358b413648180c66c,,"3737 Homer Court McKinney, TX 75071",,,Ready November,461130,,,3.0,,,,"3737 Homer Court | McKinney, TX 75071 | Ready November | 2,091 Sq. Ft. | 3 Beds | 2 & 1 Half Baths | 2 Stories | 2 Car Garage | $461,130 | View Listing | Virtual Tour | Brice | at | Estates at Stacy Crossing",
2026-09-05,Normandy Homes,DFW,https://normandyhomes.com/find-your-home/?bathrooms=any&bedrooms=any&city=any&payment=any&price=any&quick=true&size=any&stories=any,https://normandyhomes.com/communities/hazelwood-40-series/15874-gladeside-avenue-frisco-tx-75033/,3b793693bb0275e051,,"5428 Golden Sun Lane McKinney, TX 75070",,,Ready November,629015,,,3.0,3.0,,,"5428 Golden Sun Lane | McKinney, TX 75070 | Ready November | 2,163 Sq. Ft. | 3 Beds | 3 Baths | 1 Story | 2 Car Garage | $629,015 | View Listing | Virtual Tour | Toulouse | at | Estates at Stacy Crossing",
2026-09-05,Normandy Homes,DFW,https://normandyhomes.com/find-your-home/?bathrooms=any&bedrooms=any&city=any&payment=any&price=any&quick=true&size=any&stories=any,https://normandyhomes.com/communities/cross-creek-meadows-55-series/1805-vetiver-glow-drive-celina-tx-75009/,fc597eacd05de5208b,,"5409 Roselyn Way McKinney, TX 75070",,,Ready November,903371,,,5.0,,,,"5409 Roselyn Way | McKinney, TX 75070 | Ready November | 3,569 Sq. Ft. | 5 Beds | 5 & 1 Half Baths | 2 Stories | 2 Car Garage | $903,371 | View Listing | Beatrice | at | The Heights at Uptown Celina",
2026-09-05,Normandy Homes,DFW,https://normandyhomes.com/find-your-home/?bathrooms=any&bedrooms=any&city=any&payment=any&price=any&quick=true&size=any&stories=any,https://normandyhomes.com/communities/the-heights-at-uptown/332-walker-parkway-celina-tx-75009/,e382b7e5790bdb33f4,,"340 Walker Parkway Celina, TX 75009",,,Ready November,379620,,,3.0,,,,"340 Walker Parkway | Celina, TX 75009 | Ready November | 2,215 Sq. Ft. | 3 Beds | 2 & 1 Half Baths | 2 Stories | 2 Car Garage | $379,620 | View Listing | Virtual Tour | Rochelle | at | Hazelwood 55' Series",
2026-09-05,Normandy Homes,DFW,https://normandyhomes.com/find-your-home/?bathrooms=any&bedrooms=any&city=any&payment=any&price=any&quick=true&size=any&stories=any,https://normandyhomes.com/communities/cross-creek-meadows-55-series/1125-beebalm-mews-celina-tx-75009/,99103f312ecaa31ba7,,"15783 Amber Street Frisco, TX 75033",,,Ready November,855743,,,4.0,,,,"15783 Amber Street | Frisco, TX 75033 | Ready November | 3,404 Sq. Ft. | 4 Beds | 4 & 1 Half Baths | 2 Stories | 2 Car Garage | $855,743 | View Listing | Virtual Tour | Remy | at | Painted Tree - Woodland North",
2026-09-05,Normandy Homes,DFW,https://normandyhomes.com/find-your-home/?bathrooms=any&bedrooms=any&city=any&payment=any&price=any&quick=true&size=any&stories=any,https://normandyhomes.com/communities/hazelwood-40-series/1306-misted-mews-frisco-tx-75033/,1fbe6b008c93953602,,"4608 Reveille Drive McKinney, TX 75071",,,Ready November,499000,,,4.0,3.0,,,"4608 Reveille Drive | McKinney, TX 75071 | Ready November | 2,420 Sq. Ft. | 4 Beds | 3 Baths | 2 Stories | 2 Car Garage | $499,000 | View Listing | Virtual Tour | Bella II | at | Painted Tree - Woodland North",
2026-09-05,Normandy Homes,DFW,https://normandyhomes.com/find-your-home/?bathrooms=any&bedrooms=any&city=any&payment=any&price=any&quick=true&size=any&stories=any,https://normandyhomes.com/communities/painted-tree-woodland-north/painted-tree-woodland-north-34-series/3729-homer-court-mckinney-tx-75071/,f90a25251276bfda67,,"3720 Homer Court McKinney, TX 75071",,,Ready November,453530,,,3.0,,,,"3720 Homer Court | McKinney, TX 75071 | Ready November | 2,073 Sq. Ft. | 3 Beds | 2 & 1 Half Baths | 2 Stories | 2 Car Garage | $453,530 | View Listing | Virtual Tour | Orleans | at | Estates at Stacy Crossing",
2026-09-05,Normandy Homes,DFW,https://normandyhomes.com/find-your-home/?bathrooms=any&bedrooms=any&city=any&payment=any&price=any&quick=true&size=any&stories=any,https://normandyhomes.com/communities/painted-tree-woodland-north/painted-tree-woodland-north-34-series/3733-homer-court-mckinney-tx-75071/,5297eff63f3269fd06,,"5612 Golden Sun Lane McKinney, TX 75070",,,Ready November,721260,919191.0,,5.0,,,Price Cut,"5612 Golden Sun Lane | McKinney, TX 75070 | Ready November | 3,422 Sq. Ft. | 5 Beds | 5 & 1 Half Baths | 2 Stories | 2 Car Garage | $919,191 | View Listing | Virtual Tour | Gabriel | at | Hazelwood 40' Series | 1466 Misted Mews | Frisco, TX 75033 | Ready November | 3,101 Sq. Ft. | 4 Beds | 3 & 1 Half Baths | 2 Stories | 2 Car Garage | $721,260 | View Listing | Virtual Tour | Louis | at | Painted Tree - Woodland North",
2026-09-05,Normandy Homes,DFW,https://normandyhomes.com/find-your-home/?bathrooms=any&bedrooms=any&city=any&payment=any&price=any&quick=true&size=any&stories=any,https://normandyhomes.com/communities/painted-tree-woodland-north/painted-tree-woodland-north-34-series/3737-homer-court-mckinney-tx-75071/,426ec9c2effe5e0dd0,,"4617 Reveille Drive McKinney, TX 75071",,,Ready December,500480,,,3.0,,,,"4617 Reveille Drive | McKinney, TX 75071 | Ready December | 2,345 Sq. Ft. | 3 Beds | 2 & 1 Half Baths | 2 Stories | 2 Car Garage | $500,480 | View Listing | Adelaide | at | The Heights at Uptown Celina",
2026-09-05,Normandy Homes,DFW,https://normandyhomes.com/find-your-home/?bathrooms=any&bedrooms=any&city=any&payment=any&price=any&quick=true&size=any&stories=any,https://normandyhomes.com/communities/estates-at-stacy-crossing/5428-golden-sun-lane-mckinney-tx-75070/,97a0377ac1d2b77bc7,,"345 Walker Parkway Celina, TX 75009",,,Ready December,399000,,,3.0,,,,"345 Walker Parkway | Celina, TX 75009 | Ready December | 2,170 Sq. Ft. | 3 Beds | 2 & 1 Half Baths | 2 Stories | 2 Car Garage | $399,000 | View Listing | Virtual Tour | Remy | at | Painted Tree - Woodland North",
2026-09-05,Normandy Homes,DFW,https://normandyhomes.com/find-your-home/?bathrooms=any&bedrooms=any&city=any&payment=any&price=any&quick=true&size=any&stories=any,https://normandyhomes.com/communities/estates-at-stacy-crossing/5409-roselyn-way-mckinney-tx-75070/,c17af825418a84fc85,,"4624 Reveille Drive McKinney, TX 75071",,,Ready December,502480,,,4.0,3.0,,,"4624 Reveille Drive | McKinney, TX 75071 | Ready December | 2,420 Sq. Ft. | 4 Beds | 3 Baths | 2 Stories | 2 Car Garage | $502,480 | View Listing | Virtual Tour | Baptise | at | Hazelwood 55' Series",
2026-09-05,Normandy Homes,DFW,https://normandyhomes.com/find-your-home/?bathrooms=any&bedrooms=any&city=any&payment=any&price=any&quick=true&size=any&stories=any,https://normandyhomes.com/communities/the-heights-at-uptown/340-walker-parkway-celina-tx-75009/,3d7e7368f922823f33,,"15843 Amber Street Frisco, TX 75033",,,Ready December,709773,,,4.0,3.0,,,"15843 Amber Street | Frisco, TX 75033 | Ready December | 2,368 Sq. Ft. | 4 Beds | 3 Baths | 1 Story | 2 Car Garage | $709,773 | View Listing | Virtual Tour | Montclair | at | Painted Tree - Woodland North",
2026-09-05,Normandy Homes,DFW,https://normandyhomes.com/find-your-home/?bathrooms=any&bedrooms=any&city=any&payment=any&price=any&quick=true&size=any&stories=any,https://normandyhomes.com/communities/hazelwood-55-series/15783-amber-street-frisco-tx-75033/,8df9cb7f484720eec3,,"4801 Reveille Drive McKinney, TX 75071",,,Ready January,507490,,,4.0,3.0,,,"4801 Reveille Drive | McKinney, TX 75071 | Ready January | 2,417 Sq. Ft. | 4 Beds | 3 Baths | 2 Stories | 2 Car Garage | $507,490 | View Listing | Virtual Tour | Montclair | at | Painted Tree - Woodland North",
2026-09-05,Normandy Homes,DFW,https://normandyhomes.com/find-your-home/?bathrooms=any&bedrooms=any&city=any&payment=any&price=any&quick=true&size=any&stories=any,https://normandyhomes.com/communities/painted-tree-woodland-north/painted-tree-woodland-north-40-series/4608-reveille-drive-mckinney-tx-75071/,5aca8c0f14156f6535,,"4629 Reveille Drive McKinney, TX 75071",,,Ready January,505870,,,4.0,3.0,,,"4629 Reveille Drive | McKinney, TX 75071 | Ready January | 2,417 Sq. Ft. | 4 Beds | 3 Baths | 2 Stories | 2 Car Garage | $505,870 | View Listing | Normandy Homes | CB JENI Homes | Southgate Homes | ← | Move left | → | Move right | ↑ | Move up | ↓ | Move down | + | Zoom in | - | Zoom out | Home | Jump left by 75% | End | Jump right by 75% | Page Up | Jump up by 75% | Page Down | Jump down by 75% | 19 | 13 | 19 | 10 | 9 | Keyboard shortcuts | Map Data | Map data ©2026 Google | Map data ©2026 Google | 5 km | Click to toggle between metric and imperial units | Terms | Report a map error | Cross Creek Meadows | Celina, TX | 4.99% (5.244% APR) Fixed Rate on Select Quick Move-Ins and New Build Homes | View Community | Discover Savings | *Offer for Cross Creek 40′ Series is available only on select quick move-in homes. | * | Standard disclaimers apply. | Estates at Stacy Crossing | McKinney, TX | 4.99% (5.244% APR) Fixed Rate on New Build Homes | View Community | Discover Savings | * | Standard disclaimers apply. | Hazelwood 40' Series | Frisco, TX | 4.99% (5.244% APR) Fixed Rate on Select Quick Move-Ins | View Community | Discover Savings | * | Standard disclaimers apply. | Hazelwood 55' Series | Frisco, TX | 4.99% (5.244% APR) Fixed Rate on New Build Homes | View Community | Discover Savings | * | Standard disclaimers apply. | Painted Tree - Woodland West | McKinney, TX | 4.99% (5.244% APR) Fixed Rate on New Build Homes | View Community | Discover Savings | * | Standard disclaimers apply. | Painted Tree - Woodland North | McKinney, TX | 4.99% (5.244% APR) Fixed Rate on Select Quick Move-Ins | View Community | Discover Savings | * | Standard disclaimers apply. | Rainwater Crossing | Celina, TX | 4.99% (5.244% APR) Fixed Rate on New Build Homes | View Community | Discover Savings | * | Standard disclaimers apply. | The Heights at Uptown Celina | Celina, TX | 4.99% (5.244% APR) Fixed Rate on Select Quick Move-Ins | View Community | Discover Savings | * | Standard disclaimers apply. | Windsong Ranch | Prosper, TX | 4.99% (5.244% APR) Fixed Rate on Model Home | View Community | Discover Savings | * | Standard disclaimers apply. | Request more information | Complete the form below and we’ll contact you to schedule an appointment or give you the information you need! | ] | Which community are you interested in*? | — Select a community (REQUIRED) — | Brookview - Flower Mound | Cross Creek Meadows - Celina | Estates at Stacy Crossing - McKinney | Hazelwood 40' Series - F",
2026-09-05,Centre Living Homes,DFW,https://centrelivinghomes.com/new-homes/available/,https://centrelivinghomes.com/new-homes/available/,0949d2df6c32c6136f,,"2258 Terlingua Drive Waxahachie, TX 75165",,,Under Construction,389900,,,,,,,"2258 Terlingua Drive | Waxahachie, TX 75165 | Single Family | $389,900 | Under Construction | 2227 Railhead Trail | Sparrow | Dove Hollow | Waxahachie, TX | PRICED AT | $419,900 | 2,779 | 4 | 3.5 | 2 | Under Construction | 2227 Railhead Trail | Sparrow | Dove Hollow | Waxahachie, TX | PRICED AT | $419,900 | 2,779 | 4 | 3.5 | 2",
2026-09-05,Centre Living Homes,DFW,https://centrelivinghomes.com/new-homes/available/,https://centrelivinghomes.com/new-homes/available/,8c73e5db8b2004d68e,,"2227 Railhead Trail Waxahachie, TX 75165",,,Quick Move-In,419900,,,,,,,"2227 Railhead Trail | Waxahachie, TX 75165 | Single Family | $419,900 | Quick Move-In | 483 Blackwater Trail | Zion | Dove Hollow | Waxahachie, TX | PRICED AT | $459,900 | 2,499 | 4 | 2.5 | 3 | Quick Move-In | 483 Blackwater Trail | Zion | Dove Hollow | Waxahachie, TX | PRICED AT | $459,900 | 2,499 | 4 | 2.5 | 3",
2026-09-05,Centre Living Homes,DFW,https://centrelivinghomes.com/new-homes/available/,https://centrelivinghomes.com/new-homes/available/,d0664aef6a744a35ec,,"483 Blackwater Trail Waxahachie, TX 75165",,,Under Construction,459900,,,,,,,"483 Blackwater Trail | Waxahachie, TX 75165 | Single Family | $459,900 | Under Construction | 491 Blackwater Trail | Sequoia | Dove Hollow | Waxahachie, TX | PRICED AT | $469,900 | 2,671 | 4 | 3.5 | 2 | Under Construction | 491 Blackwater Trail | Sequoia | Dove Hollow | Waxahachie, TX | PRICED AT | $469,900 | 2,671 | 4 | 3.5 | 2",
2026-09-05,Centre Living Homes,DFW,https://centrelivinghomes.com/new-homes/available/,https://centrelivinghomes.com/new-homes/available/,4730bfd69cf5801fa8,,"491 Blackwater Trail Waxahachie, TX 75165",,,Under Construction,469900,,,,,,,"491 Blackwater Trail | Waxahachie, TX 75165 | Single Family | $469,900 | Under Construction | 330 Range Boss Trial | Verona | Ellis Ranch Estates | Waxahachie, TX | PRICED AT | $510,827 | 2,338 | 4 | 2.5 | 2 | Under Construction | 330 Range Boss Trial | Verona | Ellis Ranch Estates | Waxahachie, TX | PRICED AT | $510,827 | 2,338 | 4 | 2.5 | 2 | 330 Range Boss Trial | Waxahachie, TX 75165 | Single Family | $510,827 | Under Construction | 4440 Vaquero Drive | Belmont | Ellis Ranch Estates | Waxahachie, TX | PRICED AT | $546,183 | 2,768 | 4 | 2.5 | 2 | Under Construction | 4440 Vaquero Drive | Belmont | Ellis Ranch Estates | Waxahachie, TX | PRICED AT | $546,183 | 2,768 | 4 | 2.5 | 2",
2026-09-05,Centre Living Homes,DFW,https://centrelivinghomes.com/new-homes/available/,https://centrelivinghomes.com/new-homes/available/,64e0415990795293ee,,"4440 Vaquero Drive Waxahachie, TX 75165",,,Quick Move-In,546183,,,,,,,"4440 Vaquero Drive | Waxahachie, TX 75165 | Single Family | $546,183 | Quick Move-In | 331 Wagon Trail | Belmont | Ellis Ranch Estates | Waxahachie, TX | PRICED AT | $567,724 | 2,768 | 4 | 2.5 | 2 | Quick Move-In | 331 Wagon Trail | Belmont | Ellis Ranch Estates | Waxahachie, TX | PRICED AT | $567,724 | 2,768 | 4 | 2.5 | 2",
2026-09-05,Centre Living Homes,DFW,https://centrelivinghomes.com/new-homes/available/,https://centrelivinghomes.com/new-homes/available/,c6ac01f1cae8942461,,"331 Wagon Trail Waxahachie, TX 75165",,,Under Construction,567724,,,,,,,"331 Wagon Trail | Waxahachie, TX 75165 | Single Family | $567,724 | Under Construction | 3105 Trowbridge Lane | Magnolia | Painted Tree Woodland West | McKinney, TX | PRICED AT | $570,000 | 2,714 | 4 | 4.0 | 2 | Under Construction | 3105 Trowbridge Lane | Magnolia | Painted Tree Woodland West | McKinney, TX | PRICED AT | $570,000 | 2,714 | 4 | 4.0 | 2",
2026-09-05,Centre Living Homes,DFW,https://centrelivinghomes.com/new-homes/available/,https://centrelivinghomes.com/new-homes/available/,93c54267960a832ea1,,"3105 Trowbridge Lane McKinney, TX 75071",,,Quick Move-In,570000,,,,,,,"3105 Trowbridge Lane | McKinney, TX 75071 | Single Family | $570,000 | 70' LOT | Quick Move-In | 2418 Silver Spring Court | Redwood | Rainwater Crossing | Celina, TX | PRICED AT | $570,000 | 2,449 | 4 | 2.5 | 3 | 70' LOT | Quick Move-In | 2418 Silver Spring Court | Redwood | Rainwater Crossing | Celina, TX | PRICED AT | $570,000 | 2,449 | 4 | 2.5 | 3",
2026-09-05,Centre Living Homes,DFW,https://centrelivinghomes.com/new-homes/available/,https://centrelivinghomes.com/new-homes/available/,eff77b73dd052b72f5,,"2418 Silver Spring Court Celina, TX 75009",,,Quick Move-In,570000,,,,,,,"2418 Silver Spring Court | Celina, TX 75009 | Single Family | $570,000 | Quick Move-In | 4737 Peary Lane | Statler | Painted Tree Woodland West | McKinney, TX | PRICED AT | $590,000 | 2,728 | 4 | 3.0 | 2 | Quick Move-In | 4737 Peary Lane | Statler | Painted Tree Woodland West | McKinney, TX | PRICED AT | $590,000 | 2,728 | 4 | 3.0 | 2",
2026-09-05,Centre Living Homes,DFW,https://centrelivinghomes.com/new-homes/available/,https://centrelivinghomes.com/new-homes/available/,cc5078fd667765a4e0,,"4737 Peary Lane McKinney, TX 75071",,,Under Construction,590000,,,,,,,"4737 Peary Lane | McKinney, TX 75071 | $590,000 | 70' LOT | Under Construction | 2414 Silver Spring Court | Sequoia II | Rainwater Crossing | Celina, TX | PRICED AT | $619,900 | 2,671 | 4 | 3.5 | 3 | 70' LOT | Under Construction | 2414 Silver Spring Court | Sequoia II | Rainwater Crossing | Celina, TX | PRICED AT | $619,900 | 2,671 | 4 | 3.5 | 3",
2026-09-05,Centre Living Homes,DFW,https://centrelivinghomes.com/new-homes/available/,https://centrelivinghomes.com/new-homes/available/,95798ca8f44a79e67d,,"2414 Silver Spring Court Celina, TX 75009",,,Under Construction,619900,,,,,,,"2414 Silver Spring Court | Celina, TX 75009 | Single Family | $619,900 | 80' LOT | Under Construction | 2219 Wispy Lane | Sequoia II | Rainwater Crossing | Celina, TX | PRICED AT | $619,900 | 2,671 | 4 | 3.5 | 3 | 80' LOT | Under Construction | 2219 Wispy Lane | Sequoia II | Rainwater Crossing | Celina, TX | PRICED AT | $619,900 | 2,671 | 4 | 3.5 | 3",
2026-09-05,Centre Living Homes,DFW,https://centrelivinghomes.com/new-homes/available/,https://centrelivinghomes.com/new-homes/available/,1e089b2db88f59cacf,,"2219 Wispy Lane Celina, TX 75009",,,Quick Move-In,619900,634287.0,,,,,Price Cut,"2219 Wispy Lane | Celina, TX 75009 | Single Family | $619,900 | Quick Move-In | 4468 Burge Avenue | Washington | Newman Village Townhomes | Frisco, TX | PRICED AT | $634,287 | 2,450 | 3 | 2.5 | 2 | Quick Move-In | 4468 Burge Avenue | Washington | Newman Village Townhomes | Frisco, TX | PRICED AT | $634,287 | 2,450 | 3 | 2.5 | 2",
2026-09-05,Centre Living Homes,DFW,https://centrelivinghomes.com/new-homes/available/,https://centrelivinghomes.com/new-homes/available/,8bc555355bcb74485f,,"4468 Burge Avenue Frisco, TX 75033",,,Under Construction,634287,,,,,,,"4468 Burge Avenue | Frisco, TX 75033 | Townhome | $634,287 | 80' LOT | Under Construction | 2410 Silver Spring Court | Tesero | Rainwater Crossing | Celina, TX | PRICED AT | $634,900 | 3,482 | 5 | 3.5 | 2 | 80' LOT | Under Construction | 2410 Silver Spring Court | Tesero | Rainwater Crossing | Celina, TX | PRICED AT | $634,900 | 3,482 | 5 | 3.5 | 2",
2026-09-05,Centre Living Homes,DFW,https://centrelivinghomes.com/new-homes/available/,https://centrelivinghomes.com/new-homes/available/,6642a638e331669bf3,,"2410 Silver Spring Court Celina, TX 75009",,,Under Construction,634900,,,,,,,"2410 Silver Spring Court | Celina, TX 75009 | Single Family | $634,900 | Under Construction | 2309 Wispy Lane | Kenai | Rainwater Crossing | Celina, TX | PRICED AT | $634,900 | 3,345 | 4 | 3.5 | 2 | Under Construction | 2309 Wispy Lane | Kenai | Rainwater Crossing | Celina, TX | PRICED AT | $634,900 | 3,345 | 4 | 3.5 | 2",
2026-09-05,Centre Living Homes,DFW,https://centrelivinghomes.com/new-homes/available/,https://centrelivinghomes.com/new-homes/available/,0a99b424d21b4a0f15,,"2309 Wispy Lane Celina, TX 75009",,,Under Construction,634900,,,,,,,"2309 Wispy Lane | Celina, TX 75009 | Single Family | $634,900 | Under Construction | 2422 Silver Spring Court | Sequoia II | Rainwater Crossing | Celina, TX | PRICED AT | $639,900 | 2,965 | 4 | 3.5 | 3 | Under Construction | 2422 Silver Spring Court | Sequoia II | Rainwater Crossing | Celina, TX | PRICED AT | $639,900 | 2,965 | 4 | 3.5 | 3",
2026-09-05,Centre Living Homes,DFW,https://centrelivinghomes.com/new-homes/available/,https://centrelivinghomes.com/new-homes/available/,f5c70c2f4df89f7e2f,,"2422 Silver Spring Court Celina, TX 75009",,,Under Construction,639900,,,,,,,"2422 Silver Spring Court | Celina, TX 75009 | Single Family | $639,900 | Under Construction | 108 Swan Lake Drive | Wimberly | Lakeway Estates | Waxahachie, TX | PRICED AT | $644,697 | 3,195 | 4 | 3.5 | 2 | Under Construction | 108 Swan Lake Drive | Wimberly | Lakeway Estates | Waxahachie, TX | PRICED AT | $644,697 | 3,195 | 4 | 3.5 | 2",
2026-09-05,Centre Living Homes,DFW,https://centrelivinghomes.com/new-homes/available/,https://centrelivinghomes.com/new-homes/available/,e6532ce0a2d5260a4e,,"108 Swan Lake Drive Waxahachie, TX 75165",,,Under Construction,644697,,,,,,,"108 Swan Lake Drive | Waxahachie, TX 75165 | Single Family | $644,697 | Under Construction | 4617 Peary Lane | Meyerson | Painted Tree Woodland West | McKinney, TX | PRICED AT | $649,815 | 3,168 | 4 | 2.5 | 2 | Under Construction | 4617 Peary Lane | Meyerson | Painted Tree Woodland West | McKinney, TX | PRICED AT | $649,815 | 3,168 | 4 | 2.5 | 2",
2026-09-05,Centre Living Homes,DFW,https://centrelivinghomes.com/new-homes/available/,https://centrelivinghomes.com/new-homes/available/,46d71b73d7c7871e2a,,"4617 Peary Lane McKinney, TX 75071",,,Quick Move-In,649815,,,,,,,"4617 Peary Lane | McKinney, TX 75071 | Single Family | $649,815 | Quick Move-In | 2417 Silver Spring Court | Kenai | Rainwater Crossing | Celina, TX | PRICED AT | $649,900 | 3,544 | 4 | 3.5 | 2 | Quick Move-In | 2417 Silver Spring Court | Kenai | Rainwater Crossing | Celina, TX | PRICED AT | $649,900 | 3,544 | 4 | 3.5 | 2",
2026-09-05,Centre Living Homes,DFW,https://centrelivinghomes.com/new-homes/available/,https://centrelivinghomes.com/new-homes/available/,d8d2f0975cd42bd2da,,"2417 Silver Spring Court Celina, TX 75009",,,Under Construction,649900,,,,,,,"2417 Silver Spring Court | Celina, TX 75009 | Single Family | $649,900 | 70' LOT | Under Construction | 2404 Silver Spring Court | Kenai | Rainwater Crossing | Celina, TX | PRICED AT | $649,900 | 3,344 | 4 | 3.5 | 2 | 70' LOT | Under Construction | 2404 Silver Spring Court | Kenai | Rainwater Crossing | Celina, TX | PRICED AT | $649,900 | 3,344 | 4 | 3.5 | 2",
2026-09-05,Centre Living Homes,DFW,https://centrelivinghomes.com/new-homes/available/,https://centrelivinghomes.com/new-homes/available/,dce870b69023fcad1f,,"2404 Silver Spring Court Celina, TX 75009",,,Under Construction,649900,,,,,,,"2404 Silver Spring Court | Celina, TX 75009 | Single Family | $649,900 | Under Construction | 104 Swan Lake Drive | Halsted | Lakeway Estates | Waxahachie, TX | PRICED AT | $650,494 | 3,298 | 4 | 2.5 | 2 | Under Construction | 104 Swan Lake Drive | Halsted | Lakeway Estates | Waxahachie, TX | PRICED AT | $650,494 | 3,298 | 4 | 2.5 | 2",
2026-09-05,Centre Living Homes,DFW,https://centrelivinghomes.com/new-homes/available/,https://centrelivinghomes.com/new-homes/available/,78ad3c9b6951f04cda,,"104 Swan Lake Drive Waxahachie, TX 75165",,,Under Construction,650494,,,,,,,"104 Swan Lake Drive | Waxahachie, TX 75165 | Single Family | $650,494 | Under Construction | 105 Swan Lake Drive | Lyndon | Lakeway Estates | Waxahachie, TX | PRICED AT | $653,635 | 3,119 | 4 | 3.5 | 2 | Under Construction | 105 Swan Lake Drive | Lyndon | Lakeway Estates | Waxahachie, TX | PRICED AT | $653,635 | 3,119 | 4 | 3.5 | 2",
2026-09-05,Centre Living Homes,DFW,https://centrelivinghomes.com/new-homes/available/,https://centrelivinghomes.com/new-homes/available/,21869a2e38509beeb2,,"105 Swan Lake Drive Waxahachie, TX 75165",,,Quick Move-In,653635,,,,,,,"105 Swan Lake Drive | Waxahachie, TX 75165 | $653,635 | Quick Move-In | 4550 Burge Avenue | Roosevelt | Newman Village Townhomes | Frisco, TX | PRICED AT | $654,908 | 2,389 | 3 | 2.5 | 2 | Quick Move-In | 4550 Burge Avenue | Roosevelt | Newman Village Townhomes | Frisco, TX | PRICED AT | $654,908 | 2,389 | 3 | 2.5 | 2",
2026-09-05,Centre Living Homes,DFW,https://centrelivinghomes.com/new-homes/available/,https://centrelivinghomes.com/new-homes/available/,88dcccb53d2443eeb6,,"4550 Burge Avenue Frisco, TX 75033",,,Under Construction,654908,,,,,,,"4550 Burge Avenue | Frisco, TX 75033 | Townhome | $654,908 | Under Construction | 12080 Dahlia Bay Drive | Roosevelt | Newman Village Townhomes | Frisco, TX | PRICED AT | $655,338 | 2,397 | 3 | 2.5 | 2 | Under Construction | 12080 Dahlia Bay Drive | Roosevelt | Newman Village Townhomes | Frisco, TX | PRICED AT | $655,338 | 2,397 | 3 | 2.5 | 2",
2026-09-05,Centre Living Homes,DFW,https://centrelivinghomes.com/new-homes/available/,https://centrelivinghomes.com/new-homes/available/,fc172a6ed17cd1bed4,,"12080 Dahlia Bay Drive Frisco, TX 75033",,,Quick Move-In,655338,,,,,,,"12080 Dahlia Bay Drive | Frisco, TX 75033 | Townhome | $655,338 | Quick Move-In | 4620 Bishop Street | Acadia | Painted Tree Lakeside | McKinney, TX | PRICED AT | $659,900 | 3,145 | 4 | 3.0 | 3 | Quick Move-In | 4620 Bishop Street | Acadia | Painted Tree Lakeside | McKinney, TX | PRICED AT | $659,900 | 3,145 | 4 | 3.0 | 3",
2026-09-05,Centre Living Homes,DFW,https://centrelivinghomes.com/new-homes/available/,https://centrelivinghomes.com/new-homes/available/,d83ba65ebfe670e563,,"4620 Bishop Street McKinney, TX 75071",,,Quick Move-In,659900,,,,,,,"4620 Bishop Street | McKinney, TX 75071 | Single Family | $659,900 | Quick Move-In | 4512 Kipling Street | Acadia | Painted Tree Lakeside | McKinney, TX | PRICED AT | $659,900 | 3,145 | 4 | 3.0 | 3 | Quick Move-In | 4512 Kipling Street | Acadia | Painted Tree Lakeside | McKinney, TX | PRICED AT | $659,900 | 3,145 | 4 | 3.0 | 3",
2026-09-05,Centre Living Homes,DFW,https://centrelivinghomes.com/new-homes/available/,https://centrelivinghomes.com/new-homes/available/,a648a7cb8d1509ffe5,,"4512 Kipling Street McKinney, TX 75071",,,Under Construction,659900,,,,,,,"4512 Kipling Street | McKinney, TX 75071 | Single Family | $659,900 | Under Construction | 4659 Baytown Lane | Renaissance | Painted Tree Woodland West | McKinney, TX | PRICED AT | $665,000 | 3,205 | 4 | 4.0 | 2 | Under Construction | 4659 Baytown Lane | Renaissance | Painted Tree Woodland West | McKinney, TX | PRICED AT | $665,000 | 3,205 | 4 | 4.0 | 2",
2026-09-05,Centre Living Homes,DFW,https://centrelivinghomes.com/new-homes/available/,https://centrelivinghomes.com/new-homes/available/,7b790dacb414f5ec50,,"4659 Baytown Lane McKinney, TX 75071",,,Quick Move-In,665000,669916.0,,,,,Price Cut,"4659 Baytown Lane | McKinney, TX 75071 | Single Family | $665,000 | Quick Move-In | 12182 Juno Springs Drive | Washington | Newman Village Townhomes | Frisco, TX | PRICED AT | $669,916 | 2,460 | 3 | 2.5 | 2 | Quick Move-In | 12182 Juno Springs Drive | Washington | Newman Village Townhomes | Frisco, TX | PRICED AT | $669,916 | 2,460 | 3 | 2.5 | 2",
2026-09-05,Centre Living Homes,DFW,https://centrelivinghomes.com/new-homes/available/,https://centrelivinghomes.com/new-homes/available/,13892fc8cc63ee8c7b,,"12182 Juno Springs Drive Frisco, TX 75033",,,Quick Move-In,669916,670140.0,,,,,Price Cut,"12182 Juno Springs Drive | Frisco, TX 75033 | Townhome | $669,916 | Quick Move-In | 12126 Juno Springs Drive | Washington | Newman Village Townhomes | Frisco, TX | PRICED AT | $670,140 | 2,460 | 3 | 2.5 | 2 | Quick Move-In | 12126 Juno Springs Drive | Washington | Newman Village Townhomes | Frisco, TX | PRICED AT | $670,140 | 2,460 | 3 | 2.5 | 2",
2026-09-05,Centre Living Homes,DFW,https://centrelivinghomes.com/new-homes/available/,https://centrelivinghomes.com/new-homes/available/,d226bff83ee628d466,,"12126 Juno Springs Drive Frisco, TX 75033",,,Quick Move-In,670140,,,,,,,"12126 Juno Springs Drive | Frisco, TX 75033 | Townhome | $670,140 | Quick Move-In | 4708 Baytown Lane | Anatole | Painted Tree Woodland West | McKinney, TX | PRICED AT | $687,900 | 3,600 | 4 | 3.5 | 2 | Available Now! | Quick Move-In | 4708 Baytown Lane | Anatole | Available Now! | Painted Tree Woodland West | McKinney, TX | PRICED AT | $687,900 | 3,600 | 4 | 3.5 | 2",
2026-09-05,Centre Living Homes,DFW,https://centrelivinghomes.com/new-homes/available/,https://centrelivinghomes.com/new-homes/available/,373a056d1c10e0c8de,,"4708 Baytown Lane McKinney, TX 75071",,,Quick Move-In,687900,,,,,,,"4708 Baytown Lane | McKinney, TX 75071 | Single Family | $687,900 | Quick Move-In | 4412 Corn Husk Drive | Grant | Newman Village Townhomes | Frisco, TX | PRICED AT | $699,168 | 2,472 | 3 | 2.5 | 2 | Quick Move-In | 4412 Corn Husk Drive | Grant | Newman Village Townhomes | Frisco, TX | PRICED AT | $699,168 | 2,472 | 3 | 2.5 | 2",
2026-09-05,Centre Living Homes,DFW,https://centrelivinghomes.com/new-homes/available/,https://centrelivinghomes.com/new-homes/available/,cfc2c024aeecb9f32d,,"4412 Corn Husk Drive Frisco, TX 75033",,,Quick Move-In,699168,,,,,,,"4412 Corn Husk Drive | Frisco, TX 75033 | Townhome | $699,168 | Quick Move-In | 12112 Juno Springs Drive | Hamilton | Newman Village Townhomes | Frisco, TX | PRICED AT | $699,998 | 2,619 | 4 | 3.5 | 2 | Quick Move-In | 12112 Juno Springs Drive | Hamilton | Newman Village Townhomes | Frisco, TX | PRICED AT | $699,998 | 2,619 | 4 | 3.5 | 2",
2026-09-05,Centre Living Homes,DFW,https://centrelivinghomes.com/new-homes/available/,https://centrelivinghomes.com/new-homes/available/,513e1722ef20ca1d23,,"12112 Juno Springs Drive Frisco, TX 75033",,,Under Construction,699998,,,,,,,"12112 Juno Springs Drive | Frisco, TX 75033 | Townhome | $699,998 | Under Construction | 3101 Trowbridge Lane | Anatole | Painted Tree Woodland West | McKinney, TX | PRICED AT | $720,000 | 3,600 | 4 | 3.5 | 2 | Under Construction | 3101 Trowbridge Lane | Anatole | Painted Tree Woodland West | McKinney, TX | PRICED AT | $720,000 | 3,600 | 4 | 3.5 | 2",
2026-09-05,Centre Living Homes,DFW,https://centrelivinghomes.com/new-homes/available/,https://centrelivinghomes.com/new-homes/available/,99d19f794a37e82652,,"3101 Trowbridge Lane McKinney, TX 75071",,,Under Construction,720000,,,,,,,"3101 Trowbridge Lane | McKinney, TX 75071 | Single Family | $720,000 | Under Construction | 3016 Angler Court | Anatole | Painted Tree Woodland West | McKinney, TX | PRICED AT | $725,000 | 3,600 | 4 | 3.5 | 2 | Under Construction | 3016 Angler Court | Anatole | Painted Tree Woodland West | McKinney, TX | PRICED AT | $725,000 | 3,600 | 4 | 3.5 | 2",
2026-09-05,Centre Living Homes,DFW,https://centrelivinghomes.com/new-homes/available/,https://centrelivinghomes.com/new-homes/available/,20de65df375c52d9f4,,"3016 Angler Court McKinney, TX 75071",,,Quick Move-In,725000,,,,,,,"3016 Angler Court | McKinney, TX 75071 | Single Family | $725,000 | Quick Move-In | 4628 Bishop Street | Kenai | Painted Tree Lakeside | McKinney, TX | PRICED AT | $739,900 | 4,299 | 4 | 3.0 | 2 | Quick Move-In | 4628 Bishop Street | Kenai | Painted Tree Lakeside | McKinney, TX | PRICED AT | $739,900 | 4,299 | 4 | 3.0 | 2",
2026-09-05,Centre Living Homes,DFW,https://centrelivinghomes.com/new-homes/available/,https://centrelivinghomes.com/new-homes/available/,b5bed4eef32b5b37ce,,"4628 Bishop Street McKinney, TX 75071",,,Quick Move-In,739900,,,,,,,"4628 Bishop Street | McKinney, TX 75071 | $739,900 | Quick Move-In | 2423 Silver Spring Court | Cascade | Rainwater Crossing | Celina, TX | PRICED AT | $739,900 | 4,337 | 6 | 4.5 | 2 | Quick Move-In | 2423 Silver Spring Court | Cascade | Rainwater Crossing | Celina, TX | PRICED AT | $739,900 | 4,337 | 6 | 4.5 | 2",
2026-09-05,Centre Living Homes,DFW,https://centrelivinghomes.com/new-homes/available/,https://centrelivinghomes.com/new-homes/available/,62efbe69ffe68c5428,,"2423 Silver Spring Court Celina, TX 75009",,,Quick Move-In,739900,,,,,,,"2423 Silver Spring Court | Celina, TX 75009 | Single Family | $739,900 | Quick Move-In | 12140 Juno Springs Drive | Grant | Newman Village Townhomes | Frisco, TX | PRICED AT | $745,483 | 2,472 | 3 | 2.5 | 2 | Quick Move-In | 12140 Juno Springs Drive | Grant | Newman Village Townhomes | Frisco, TX | PRICED AT | $745,483 | 2,472 | 3 | 2.5 | 2",
2026-09-05,Centre Living Homes,DFW,https://centrelivinghomes.com/new-homes/available/,https://centrelivinghomes.com/new-homes/available/,60bceaa1fa6f95796a,,"12140 Juno Springs Drive Frisco, TX 75033",,,Quick Move-In,745483,,,,,,,"12140 Juno Springs Drive | Frisco, TX 75033 | Townhome | $745,483 | Quick Move-In | 4621 Bishop Street | Kenai | Painted Tree Lakeside | McKinney, TX | PRICED AT | $745,900 | 3,549 | 4 | 3.0 | 2 | Quick Move-In | 4621 Bishop Street | Kenai | Painted Tree Lakeside | McKinney, TX | PRICED AT | $745,900 | 3,549 | 4 | 3.0 | 2",
2026-09-05,Centre Living Homes,DFW,https://centrelivinghomes.com/new-homes/available/,https://centrelivinghomes.com/new-homes/available/,2601c18bdcfd6b4cdb,,"4621 Bishop Street McKinney, TX 75071",,,Under Construction,745900,,,,,,,"4621 Bishop Street | McKinney, TX 75071 | $745,900 | Under Construction | 12092 Dahlia Bay Drive | Grant | Newman Village Townhomes | Frisco, TX | PRICED AT | $750,284 | 2,475 | 3 | 2.5 | 2 | Under Construction | 12092 Dahlia Bay Drive | Grant | Newman Village Townhomes | Frisco, TX | PRICED AT | $750,284 | 2,475 | 3 | 2.5 | 2",
2026-09-05,Centre Living Homes,DFW,https://centrelivinghomes.com/new-homes/available/,https://centrelivinghomes.com/new-homes/available/,292970c3dd0d6dc649,,"12092 Dahlia Bay Drive Frisco, TX 75033",,,Quick Move-In,750284,,,,,,,"12092 Dahlia Bay Drive | Frisco, TX 75033 | Townhome | $750,284 | Quick Move-In | 4629 Kipling Street | Kenai | Painted Tree Lakeside | McKinney, TX | PRICED AT | $754,900 | 3,444 | 4 | 3.5 | 2 | Quick Move-In | 4629 Kipling Street | Kenai | Painted Tree Lakeside | McKinney, TX | PRICED AT | $754,900 | 3,444 | 4 | 3.5 | 2",
2026-09-05,Centre Living Homes,DFW,https://centrelivinghomes.com/new-homes/available/,https://centrelivinghomes.com/new-homes/available/,8a8f4b95cd560194e9,,"4629 Kipling Street McKinney, TX 75071",,,Quick Move-In,754900,,,,,,,"4629 Kipling Street | McKinney, TX 75071 | $754,900 | Quick Move-In | 4609 Bishop Street | Kenai | Painted Tree Lakeside | McKinney, TX | PRICED AT | $754,900 | 3,549 | 4 | 3.0 | 2 | Quick Move-In | 4609 Bishop Street | Kenai | Painted Tree Lakeside | McKinney, TX | PRICED AT | $754,900 | 3,549 | 4 | 3.0 | 2",
2026-09-05,Centre Living Homes,DFW,https://centrelivinghomes.com/new-homes/available/,https://centrelivinghomes.com/new-homes/available/,2d34cb9448611b1c4e,,"4609 Bishop Street McKinney, TX 75071",,,Under Construction,754900,,,,,,,"4609 Bishop Street | McKinney, TX 75071 | $754,900 | Under Construction | 12068 Dahlia Bay Drive | Hamilton | Newman Village Townhomes | Frisco, TX | PRICED AT | $755,547 | 2,629 | 4 | 3.5 | 2 | Under Construction | 12068 Dahlia Bay Drive | Hamilton | Newman Village Townhomes | Frisco, TX | PRICED AT | $755,547 | 2,629 | 4 | 3.5 | 2",
2026-09-05,Centre Living Homes,DFW,https://centrelivinghomes.com/new-homes/available/,https://centrelivinghomes.com/new-homes/available/,a65dff03e4b713aa1b,,"12068 Dahlia Bay Drive Frisco, TX 75033",,,Under Construction,755547,,,,,,,"12068 Dahlia Bay Drive | Frisco, TX 75033 | Townhome | $755,547 | Under Construction | 2213 Wispy Lane | Olympic | Rainwater Crossing | Celina, TX | PRICED AT | $769,900 | 4,299 | 5 | 4.5 | 3 | Under Construction | 2213 Wispy Lane | Olympic | Rainwater Crossing | Celina, TX | PRICED AT | $769,900 | 4,299 | 5 | 4.5 | 3",
2026-09-05,Centre Living Homes,DFW,https://centrelivinghomes.com/new-homes/available/,https://centrelivinghomes.com/new-homes/available/,fef8cd4d87e4e405d5,,"2213 Wispy Lane Celina, TX 75009",,,Quick Move-In,769900,,,,,,,"2213 Wispy Lane | Celina, TX 75009 | Single Family | $769,900 | Quick Move-In | 4708 Bishop Street | Olympic | Painted Tree Lakeside | McKinney, TX | PRICED AT | $817,900 | 4,299 | 5 | 4.5 | 2 | Quick Move-In | 4708 Bishop Street | Olympic | Painted Tree Lakeside | McKinney, TX | PRICED AT | $817,900 | 4,299 | 5 | 4.5 | 2",
2026-09-05,Centre Living Homes,DFW,https://centrelivinghomes.com/new-homes/available/,https://centrelivinghomes.com/new-homes/available/,3ea06d03bc79854ab9,,"4708 Bishop Street McKinney, TX 75071",,,,817900,,,,,,,"4708 Bishop Street | McKinney, TX 75071 | $817,900 | ← | Move left | → | Move right | ↑ | Move up | ↓ | Move down | + | Zoom in | - | Zoom out | Home | Jump left by 75% | End | Jump right by 75% | Page Up | Jump up by 75% | Page Down | Jump down by 75% | Keyboard shortcuts | Map Data | Map data ©2026 Google, INEGI | Map data ©2026 Google, INEGI | 20 km | Click to toggle between metric and imperial units | Terms | Report a map error | X | New Search | SEARCH | Congratulations! | Congratulations on creating your MyCentreLivingHomes account! Save your favorite homes and photos, get personalized recommendations of homes you may love, and more! | CONTINUE TO YOUR DASHBOARD | No, I Want to Keep Viewing Homes | Welcome! | Welcome to your MyCentreLivingHomes account! Revisit your favorite homes and photos, review your personalized recommendations of homes you may love, and more! | CONTINUE TO YOUR DASHBOARD | No, I Want to Keep Viewing Homes | Login or Register for an Account | LOGIN | REGISTER | Welcome to MyCentreLivingHomes! Register for an account and get access to member-only features. Favorite the communities and homes you like, and visit your dashboard to revisit your favorites, see personalized recommendations, and more. | Are you a Broker/Agent? | No | Yes | What's your Agency? | Complete the client information form below to register your buyer as your client. | Otherwise simply click register to join. | Client Information Form | Client First Name | Client Last Name | Client Email | REGISTER | Welcome back to MyCentreLivingHomes! Visit your dashboard to update your preferences, revisit your favorites, get personalized recommendations of homes you may love, and more. | Don’t have an account? | Signup here | . | Forgot Your Password? | LOGIN | Are you having trouble accessing your account? | Contact us here | for assistance. | Forgot | Your Password? | Forgot your Password? | Enter your email address. We will immediately send you a link to reset your password. | RESET PASSWORD | Are you having trouble accessing your account? | Contact us here | for assistance. | Change Your Password | Enter your email address and we’ll send you a link to reset your password. | Please enter you current password. | * | Select a new password. | * | passwords must be at least six (6) characters in length. | RESET PASSWORD | Find A Home | About Us | Design Studio | Homebuying Tools | Building Process | Contact | Headquarters | Centre Living Homes",
2026-09-05,The Providence Group,Atlanta,https://theprovidencegroup.com/new-homes/available/,https://theprovidencegroup.com/new-homes/available/,b63ca320705e85c618,,"10005 Ruppel Lane Johns Creek, GA 30005",,,Under Construction,1615425,,,,,,,"Under Construction | 10005 Ruppel Lane | Johns Creek, GA 30005 | Homesite - 20 | PRICED AT $1,615,425 | 4,241 | 5 | 4.5 | 3 | The Mathews | | | Bellwyn | 3D Virtual Tour | 10005 Ruppel Lane | Johns Creek, GA 30005 | Single Family | $1,615,425 | Under Construction",
2026-09-05,The Providence Group,Atlanta,https://theprovidencegroup.com/new-homes/available/,https://theprovidencegroup.com/new-homes/available/,1a86c593b478f9c423,,"10015 Ruppel Lane Johns Creek, GA 30005",,,Under Construction,1540955,,,,,,,"Under Construction | 10015 Ruppel Lane | Johns Creek, GA 30005 | Homesite - 19 | PRICED AT $1,540,955 | 4,077 | 5 | 5.0 | 3 | The Hamilton | | | Bellwyn | 3D Virtual Tour | 10015 Ruppel Lane | Johns Creek, GA 30005 | Single Family | $1,540,955 | Under Construction",
2026-09-05,The Providence Group,Atlanta,https://theprovidencegroup.com/new-homes/available/,https://theprovidencegroup.com/new-homes/available/,df94b0294392c74e10,,"10050 Ruppel Lane Johns Creek, GA 30005",,,Under Construction,1296900,,,,,,,"Under Construction | 10050 Ruppel Lane | Johns Creek, GA 30005 | Homesite - 5 | PRICED AT $1,296,900 | 4,241 | 5 | 4.0 | 3 | The Montgomery | | | Bellwyn | 3D Virtual Tour | 10050 Ruppel Lane | Johns Creek, GA 30005 | Single Family | $1,296,900 | Under Construction",
2026-09-05,The Providence Group,Atlanta,https://theprovidencegroup.com/new-homes/available/,https://theprovidencegroup.com/new-homes/available/,d33e7051faace3717b,,"1010 Eastman Court Hoschton, GA 30548",,,Under Construction,530610,,,,,,,"Under Construction | 1010 Eastman Court | Hoschton, GA 30548 | Homesite - 128 | PRICED AT $530,610 | 2,382 | 4 | 3.5 | 2 | The Hampton II | | | Aberdeen | 3D Virtual Tour | 1010 Eastman Court | Hoschton, GA 30548 | Single Family | $530,610 | Under Construction",
2026-09-05,The Providence Group,Atlanta,https://theprovidencegroup.com/new-homes/available/,https://theprovidencegroup.com/new-homes/available/,8e85426901aeb24bd0,,"1020 Eastman Court Hoschton, GA 30548",,,Under Construction,498310,,,,,,,"Under Construction | 1020 Eastman Court | Hoschton, GA 30548 | Homesite - 127 | Available Fall 2026 | PRICED AT $498,310 | 1,800 | 3 | 2.0 | 2 | The Langston | | | Aberdeen | 3D Virtual Tour | 1020 Eastman Court | Hoschton, GA 30548 | Single Family | $498,310 | Quick Move-In",
2026-09-05,The Providence Group,Atlanta,https://theprovidencegroup.com/new-homes/available/,https://theprovidencegroup.com/new-homes/available/,1aff7d077f34a4213d,,"1028 Eastman Court Hoschton, GA 30548",,,Quick Move-In,538495,,,,,,,"Quick Move-In | 1028 Eastman Court | Hoschton, GA 30548 | Homesite - 126 | Available Now | PRICED AT $538,495 | 1,961 | 3 | 2.0 | 2 | The McDaniel | | | Aberdeen | 3D Virtual Tour | 1028 Eastman Court | Hoschton, GA 30548 | Single Family | $538,495 | HOME OF THE MONTH | Quick Move-In",
2026-09-05,The Providence Group,Atlanta,https://theprovidencegroup.com/new-homes/available/,https://theprovidencegroup.com/new-homes/available/,b3cfae4bb4890a5273,,"1036 Eastman Court Hoschton, GA 30548",,,Quick Move-In,488975,,,,,,,"Quick Move-In | 1036 Eastman Court | Hoschton, GA 30548 | Homesite - 125 | Available Now | PRICED AT $488,975 | 1,800 | 3 | 2.0 | 2 | The Willow | | | Aberdeen | 3D Virtual Tour | 1036 Eastman Court | Hoschton, GA 30548 | Single Family | $488,975 | HOME OF THE MONTH | Self-Tour this Home",
2026-09-05,The Providence Group,Atlanta,https://theprovidencegroup.com/new-homes/available/,https://theprovidencegroup.com/new-homes/available/,94513f1dd962b9346d,,"114 IveyBrooke Lane Alpharetta, GA 30009",,,Available Now,699999,,,,,,,"114 IveyBrooke Lane, 62 | Alpharetta, GA 30009 | Homesite - 62 | Available Now | PRICED AT $699,999 | 2,201 | 3 | 2.5 | 2 | The Benton I | | | IveyBrooke | 3D Virtual Tour | 114 IveyBrooke Lane, 62 | Alpharetta, GA 30009 | Townhome | $699,999 | Under Construction",
2026-09-05,The Providence Group,Atlanta,https://theprovidencegroup.com/new-homes/available/,https://theprovidencegroup.com/new-homes/available/,13ea20815fed8173cd,,"118 Herring Drive Hoschton, GA 30548",,,Under Construction,483690,,,,,,,"Under Construction | 118 Herring Drive | Hoschton, GA 30548 | Homesite - 328 | PRICED AT $483,690 | 1,955 | 3 | 2.5 | 2 | 118 Herring Drive | Hoschton, GA 30548 | $483,690 | HOME OF THE MONTH | Quick Move-In",
2026-09-05,The Providence Group,Atlanta,https://theprovidencegroup.com/new-homes/available/,https://theprovidencegroup.com/new-homes/available/,041453e9f9131bde12,,"118 Iveybrooke Lane Alpharetta, GA 30009",,,Quick Move-In,549640,,,,,,,"Quick Move-In | 118 Iveybrooke Lane, 64 | Alpharetta, GA 30009 | Homesite - 64 | Available Now | PRICED AT $549,640 | 1,694 | 2 | 2.5 | 1 | The Barnsley I | | | IveyBrooke | 3D Virtual Tour | 118 Iveybrooke Lane, 64 | Alpharetta, GA 30009 | Townhome | $549,640 | HOME OF THE MONTH | Quick Move-In",
2026-09-05,The Providence Group,Atlanta,https://theprovidencegroup.com/new-homes/available/,https://theprovidencegroup.com/new-homes/available/,5089fe8b7c8c5ec859,,"120 IveyBrooke Lane Alpharetta, GA 30009",,,Quick Move-In,549900,,,,,,,"Quick Move-In | 120 IveyBrooke Lane, 65 | Alpharetta, GA 30009 | Homesite - 65 | Available Now | PRICED AT $549,900 | 1,694 | 2 | 2.5 | 1 | The Barnsley I | | | IveyBrooke | 3D Virtual Tour | 120 IveyBrooke Lane, 65 | Alpharetta, GA 30009 | Townhome | $549,900 | Under Construction",
2026-09-05,The Providence Group,Atlanta,https://theprovidencegroup.com/new-homes/available/,https://theprovidencegroup.com/new-homes/available/,8df9d52e05e973e148,,"1263 Northwyn Drive Cumming, GA 30041",,,Under Construction,487400,,,,,,,"Under Construction | 1263 Northwyn Drive, 256 | Cumming, GA 30041 | Homesite - 256 | Available Spring 2027 | PRICED AT $487,400 | 1,720 | 3 | 3.5 | 2 | The Tilton | | | Waterhaven Townhomes | 1263 Northwyn Drive, 256 | Cumming, GA 30041 | Townhouse | $487,400 | Under Construction",
2026-09-05,The Providence Group,Atlanta,https://theprovidencegroup.com/new-homes/available/,https://theprovidencegroup.com/new-homes/available/,0d7b21c8678ae5d2d1,,"1268 Waterhaven Boulevard Cumming, GA 30041",,,Under Construction,678320,,,,,,,"Under Construction | 1268 Waterhaven Boulevard | Cumming, GA 30041 | Homesite - 204 | PRICED AT $678,320 | 2,518 | 4 | 3.0 | 2 | The Kincaid | | | Waterhaven Single Family | 3D Virtual Tour | 1268 Waterhaven Boulevard | Cumming, GA 30041 | Single Family | $678,320 | Under Construction",
2026-09-05,The Providence Group,Atlanta,https://theprovidencegroup.com/new-homes/available/,https://theprovidencegroup.com/new-homes/available/,702b4325b17f98da4a,,"126 Herring Drive Hoschton, GA 30548",,,Under Construction,440960,,,,,,,"Under Construction | 126 Herring Drive | Hoschton, GA 30548 | Homesite - 329 | PRICED AT $440,960 | 1,512 | 2 | 2.0 | 2 | 126 Herring Drive | Hoschton, GA 30548 | $440,960 | Under Construction",
2026-09-05,The Providence Group,Atlanta,https://theprovidencegroup.com/new-homes/available/,https://theprovidencegroup.com/new-homes/available/,95fd82c5e765d1b0be,,"1270 Waterhaven Boulevard Cumming, GA 30041",,,Under Construction,665290,,,,,,,"Under Construction | 1270 Waterhaven Boulevard | Cumming, GA 30041 | Homesite - 203 | PRICED AT $665,290 | 2,382 | 4 | 3.5 | 2 | The Hampton II | | | Waterhaven Single Family | 3D Virtual Tour | 1270 Waterhaven Boulevard | Cumming, GA 30041 | Single Family | $665,290 | Under Construction",
2026-09-05,The Providence Group,Atlanta,https://theprovidencegroup.com/new-homes/available/,https://theprovidencegroup.com/new-homes/available/,f26a2370d8a0b1050d,,"1272 Waterhaven Boulevard Cumming, GA 30041",,,Under Construction,665650,,,,,,,"Under Construction | 1272 Waterhaven Boulevard | Cumming, GA 30041 | Homesite - 202 | PRICED AT $665,650 | 2,568 | 4 | 4.5 | 2 | The Hillsdale | | | Waterhaven Single Family | 3D Virtual Tour | 1272 Waterhaven Boulevard | Cumming, GA 30041 | Single Family | $665,650 | Under Construction",
2026-09-05,The Providence Group,Atlanta,https://theprovidencegroup.com/new-homes/available/,https://theprovidencegroup.com/new-homes/available/,ae23f093f74e37d52a,,"1274 Waterhaven Boulevard Cumming, GA 30041",,,Under Construction,678950,,,,,,,"Under Construction | 1274 Waterhaven Boulevard | Cumming, GA 30041 | Homesite - 201 | PRICED AT $678,950 | 2,573 | 4 | 3.5 | 2 | The Osbourne | | | Waterhaven Single Family | 3D Virtual Tour | 1274 Waterhaven Boulevard | Cumming, GA 30041 | Single Family | $678,950 | Under Construction",
2026-09-05,The Providence Group,Atlanta,https://theprovidencegroup.com/new-homes/available/,https://theprovidencegroup.com/new-homes/available/,b0f75488e3c120fafd,,"1284 Tributary Drive Cumming, GA 30041",,,Under Construction,771350,,,,,,,"Under Construction | 1284 Tributary Drive | Cumming, GA 30041 | Homesite - 46 | Available Fall 2026 | PRICED AT $771,350 | 2,594 | 3 | 2.5 | 2 | The Madilyn | | | Waterhaven Single Family | 3D Virtual Tour | 1284 Tributary Drive | Cumming, GA 30041 | Single Family | $771,350 | Under Construction",
2026-09-05,The Providence Group,Atlanta,https://theprovidencegroup.com/new-homes/available/,https://theprovidencegroup.com/new-homes/available/,d14806d4ec6f5d4400,,"1286 Tributary Drive Cumming, GA 30041",,,Under Construction,794730,,,,,,,"Under Construction | 1286 Tributary Drive | Cumming, GA 30041 | Homesite - 47 | Available Fall 2026 | PRICED AT $794,730 | 3,431 | 4 | 3.0 | 2 | The Mansfield | | | Waterhaven Single Family | 3D Virtual Tour | 1286 Tributary Drive | Cumming, GA 30041 | Single Family | $794,730 | Under Construction",
2026-09-05,The Providence Group,Atlanta,https://theprovidencegroup.com/new-homes/available/,https://theprovidencegroup.com/new-homes/available/,55fed9e3cc9b1ecc18,,"1288 Tributary Drive Cumming, GA 30041",,,Under Construction,793460,,,,,,,"Under Construction | 1288 Tributary Drive | Cumming, GA 30041 | Homesite - 48 | Available Fall 2026 | PRICED AT $793,460 | 2,734 | 5 | 4.0 | 2 | The Bennett | | | Waterhaven Single Family | 3D Virtual Tour | 1288 Tributary Drive | Cumming, GA 30041 | Single Family | $793,460 | HOME OF THE MONTH | Self-Tour this Home",
2026-09-05,The Providence Group,Atlanta,https://theprovidencegroup.com/new-homes/available/,https://theprovidencegroup.com/new-homes/available/,e53ba64286714e3373,,"128 IveyBrooke Lane Alpharetta, GA 30009",,,Available Now,563630,,,,,,,"128 IveyBrooke Lane, 69 | Alpharetta, GA 30009 | Homesite - 69 | Available Now | PRICED AT $563,630 | 1,694 | 2 | 2.5 | 1 | The Barnsley I | | | IveyBrooke | 3D Virtual Tour | 128 IveyBrooke Lane, 69 | Alpharetta, GA 30009 | Townhome | $563,630 | Under Construction",
2026-09-05,The Providence Group,Atlanta,https://theprovidencegroup.com/new-homes/available/,https://theprovidencegroup.com/new-homes/available/,ededb28021f3a0b281,,"129 Herring Drive Hoschton, GA 30548",,,Under Construction,519000,,,,,,,"Under Construction | 129 Herring Drive | Hoschton, GA 30548 | Homesite - 308 | Available Late 2026 | PRICED AT $519,000 | 2,453 | 4 | 3.0 | 2 | The Carter | | | The Villas at Aberdeen | 3D Virtual Tour | 129 Herring Drive | Hoschton, GA 30548 | Single Family | $519,000 | HOME OF THE MONTH | Quick Move-In",
2026-09-05,The Providence Group,Atlanta,https://theprovidencegroup.com/new-homes/available/,https://theprovidencegroup.com/new-homes/available/,cc9e4d5b07521fc3e4,,"130 Iveybrooke Lane Alpharetta, GA 30009",,,Quick Move-In,589850,,,,,,,"Quick Move-In | 130 Iveybrooke Lane, 70 | Alpharetta, GA 30009 | Homesite - 70 | Available Now | PRICED AT $589,850 | 1,694 | 2 | 2.5 | 1 | The Barnsley I | | | IveyBrooke | 3D Virtual Tour | 130 Iveybrooke Lane, 70 | Alpharetta, GA 30009 | Townhome | $589,850 | Under Construction",
2026-09-05,The Providence Group,Atlanta,https://theprovidencegroup.com/new-homes/available/,https://theprovidencegroup.com/new-homes/available/,e4beadf2d1b0d5e21d,,"135 Herring Drive Hoschton, GA 30548",,,Under Construction,487990,,,,,,,"Under Construction | 135 Herring Drive | Hoschton, GA 30548 | Homesite - 309 | Available Late 2026 | PRICED AT $487,990 | 2,445 | 3 | 2.5 | 2 | The Castleberry | | | The Villas at Aberdeen | 3D Virtual Tour | 135 Herring Drive | Hoschton, GA 30548 | Single Family | $487,990 | Under Construction",
2026-09-05,The Providence Group,Atlanta,https://theprovidencegroup.com/new-homes/available/,https://theprovidencegroup.com/new-homes/available/,ccf2e8bc3c26374f53,,"140 IVEYBROOKE Lane Alpharetta, GA 30009",,,Under Construction,797810,,,,,,,"Under Construction | 140 IVEYBROOKE Lane, 75 | Alpharetta, GA 30009 | Homesite - 75 | Available Late 2026 | PRICED AT $797,810 | 2,145 | 3 | 2.5 | 2 | The Benton I | | | IveyBrooke | 3D Virtual Tour | 140 IVEYBROOKE Lane, 75 | Alpharetta, GA 30009 | Townhome | $797,810 | Under Construction",
2026-09-05,The Providence Group,Atlanta,https://theprovidencegroup.com/new-homes/available/,https://theprovidencegroup.com/new-homes/available/,f156bf7abffeee5f29,,"142 Iveybrooke Lane Alpharetta, GA 30009",,,Under Construction,615570,,,,,,,"Under Construction | 142 Iveybrooke Lane, 76 | Alpharetta, GA 30009 | Homesite - 76 | Available Late 2026 | PRICED AT $615,570 | 1,694 | 2 | 2.5 | 1 | The Barnsley I | | | IveyBrooke | 3D Virtual Tour | 142 Iveybrooke Lane, 76 | Alpharetta, GA 30009 | Townhome | $615,570 | Under Construction",
2026-09-05,The Providence Group,Atlanta,https://theprovidencegroup.com/new-homes/available/,https://theprovidencegroup.com/new-homes/available/,0c1f7952ff2f5457bb,,"146 IveyBrooke Lane Alpharetta, GA 30009",,,Under Construction,774320,,,,,,,"Under Construction | 146 IveyBrooke Lane, 78 | Alpharetta, GA 30009 | Homesite - 78 | Available Late 2026 | PRICED AT $774,320 | 2,400 | 4 | 3.5 | 2 | The Benton III | | | IveyBrooke | 3D Virtual Tour | 146 IveyBrooke Lane, 78 | Alpharetta, GA 30009 | Townhome | $774,320 | Under Construction",
2026-09-05,The Providence Group,Atlanta,https://theprovidencegroup.com/new-homes/available/,https://theprovidencegroup.com/new-homes/available/,38c18a0f706d60a38f,,"1503 Southbend Cove Cumming, GA 30041",,,Under Construction,537970,,,,,,,"Under Construction | 1503 Southbend Cove, 436 | Cumming, GA 30041 | Homesite - 436 | PRICED AT $537,970 | 2,092 | 4 | 3.5 | 2 | The Glendale II | | | Waterhaven Townhomes | 3D Virtual Tour | 1503 Southbend Cove, 436 | Cumming, GA 30041 | Townhome | $537,970 | HOME OF THE MONTH | Quick Move-In",
2026-09-05,The Providence Group,Atlanta,https://theprovidencegroup.com/new-homes/available/,https://theprovidencegroup.com/new-homes/available/,f327349922d11bbe5c,,"1504 Westend Way Cumming, GA 30041",,,Quick Move-In,519900,,,,,,,"Quick Move-In | 1504 Westend Way, 330 | Cumming, GA 30041 | Homesite - 330 | Available Now | PRICED AT $519,900 | 2,264 | 3 | 3.5 | 2 | The Taylor I | | | Waterhaven Townhomes | 3D Virtual Tour | 1504 Westend Way, 330 | Cumming, GA 30041 | Townhouse | $519,900 | Under Construction",
2026-09-05,The Providence Group,Atlanta,https://theprovidencegroup.com/new-homes/available/,https://theprovidencegroup.com/new-homes/available/,961b89b978899a1c1f,,"1505 Southbend Cove Cumming, GA 30041",,,Under Construction,489400,,,,,,,"Under Construction | 1505 Southbend Cove, 437 | Cumming, GA 30041 | Homesite - 437 | PRICED AT $489,400 | 1,720 | 3 | 3.5 | 2 | The Tilton | | | Waterhaven Townhomes | 3D Virtual Tour | 1505 Southbend Cove, 437 | Cumming, GA 30041 | Townhouse | $489,400 | Quick Move-In",
2026-09-05,The Providence Group,Atlanta,https://theprovidencegroup.com/new-homes/available/,https://theprovidencegroup.com/new-homes/available/,d544f6cc9a603cec8d,,"1506 Westend Way Cumming, GA 30041",,,Quick Move-In,519900,,,,,,,"Quick Move-In | 1506 Westend Way, 329 | Cumming, GA 30041 | Homesite - 329 | Available Now | PRICED AT $519,900 | 2,264 | 3 | 3.5 | 2 | The Taylor I | | | Waterhaven Townhomes | 3D Virtual Tour | 1506 Westend Way, 329 | Cumming, GA 30041 | Townhouse | $519,900 | Quick Move-In",
2026-09-05,The Providence Group,Atlanta,https://theprovidencegroup.com/new-homes/available/,https://theprovidencegroup.com/new-homes/available/,0730d749385e85f372,,"1508 Westend Way Cumming, GA 30041",,,Quick Move-In,539900,,,,,,,"Quick Move-In | 1508 Westend Way, 328 | Cumming, GA 30041 | Homesite - 328 | Available Now | PRICED AT $539,900 | 2,400 | 4 | 3.5 | 2 | The Benton III | | | Waterhaven Townhomes | 3D Virtual Tour | 1508 Westend Way, 328 | Cumming, GA 30041 | Townhome | $539,900 | Quick Move-In",
2026-09-05,The Providence Group,Atlanta,https://theprovidencegroup.com/new-homes/available/,https://theprovidencegroup.com/new-homes/available/,0769368b4ef7020abf,,"1519 Westend Way Cumming, GA 30041",,,Quick Move-In,859900,,,,,,,"Quick Move-In | 1519 Westend Way | Cumming, GA 30041 | Homesite - 126 | Available Now | PRICED AT $859,900 | 3,431 | 4 | 3.0 | 2 | The Mansfield | | | Waterhaven Single Family | 3D Virtual Tour | 1519 Westend Way | Cumming, GA 30041 | Single Family | $859,900 | HOME OF THE MONTH | Quick Move-In",
2026-09-05,The Providence Group,Atlanta,https://theprovidencegroup.com/new-homes/available/,https://theprovidencegroup.com/new-homes/available/,5a92ec9549ad4945d5,,"1521 Westend Way Cumming, GA 30041",,,Quick Move-In,774900,,,,,,,"Quick Move-In | 1521 Westend Way | Cumming, GA 30041 | Homesite - 127 | Available Now | PRICED AT $774,900 | 2,532 | 5 | 4.0 | 2 | The Wesley | | | Waterhaven Single Family | 3D Virtual Tour | 1521 Westend Way | Cumming, GA 30041 | Single Family | $774,900 | Quick Move-In",
2026-09-05,The Providence Group,Atlanta,https://theprovidencegroup.com/new-homes/available/,https://theprovidencegroup.com/new-homes/available/,2a98804df9125205cf,,"1523 Westend Way Cumming, GA 30041",,,Quick Move-In,849900,,,,,,,"Quick Move-In | 1523 Westend Way | Cumming, GA 30041 | Homesite - 128 | Available Now | PRICED AT $849,900 | 2,926 | 4 | 4.0 | 2 | The Calhoun | | | Waterhaven Single Family | 3D Virtual Tour | 1523 Westend Way | Cumming, GA 30041 | Single Family | $849,900 | Quick Move-In",
2026-09-05,The Providence Group,Atlanta,https://theprovidencegroup.com/new-homes/available/,https://theprovidencegroup.com/new-homes/available/,4f4269dbcea46b33b0,,"161 High Point Drive Hoschton, GA 30548",,,Quick Move-In,487885,,,,,,,"Quick Move-In | 161 High Point Drive | Hoschton, GA 30548 | Homesite - 10 | Available Now | PRICED AT $487,885 | 1,815 | 3 | 2.0 | 2 | The Aldridge | | | Aberdeen | 3D Virtual Tour | 161 High Point Drive | Hoschton, GA 30548 | Single Family | $487,885 | Quick Move-In",
2026-09-05,The Providence Group,Atlanta,https://theprovidencegroup.com/new-homes/available/,https://theprovidencegroup.com/new-homes/available/,13cc43e1b6eb8e598b,,"172 Herring Drive Hoschton, GA 30548",,,Quick Move-In,444300,,,,,,,"Quick Move-In | 172 Herring Drive | Hoschton, GA 30548 | Homesite - 332 | Available Now | PRICED AT $444,300 | 1,528 | 2 | 2.5 | 2 | The Lily | | | The Villas at Aberdeen | 3D Virtual Tour | 172 Herring Drive | Hoschton, GA 30548 | Single Family | $444,300 | Quick Move-In",
2026-09-05,The Providence Group,Atlanta,https://theprovidencegroup.com/new-homes/available/,https://theprovidencegroup.com/new-homes/available/,5fb2b8bc9513475270,,"182 Herring Drive Hoschton, GA 30548",,,Quick Move-In,464730,,,,,,,"Quick Move-In | 182 Herring Drive | Hoschton, GA 30548 | Homesite - 333 | Available Now | PRICED AT $464,730 | 1,773 | 3 | 2.5 | 2 | The Orchid | | | The Villas at Aberdeen | 3D Virtual Tour | 182 Herring Drive | Hoschton, GA 30548 | Single Family | $464,730 | Quick Move-In",
2026-09-05,The Providence Group,Atlanta,https://theprovidencegroup.com/new-homes/available/,https://theprovidencegroup.com/new-homes/available/,ceb4996af63310a332,,"200 Midnight Oak Run Alpharetta, GA 30009",,,Quick Move-In,869900,,,,,,,"Quick Move-In | 200 Midnight Oak Run, 4 | Alpharetta, GA 30009 | Homesite - 4 | Available Now | PRICED AT $869,900 | 2,105 | 3 | 3.5 | 2 | The Chamberlain | | | Byers Park | 3D Virtual Tour | 200 Midnight Oak Run, 4 | Alpharetta, GA 30009 | Townhome | $869,900 | HOME OF THE MONTH | Self-Tour this Home",
2026-09-05,The Providence Group,Atlanta,https://theprovidencegroup.com/new-homes/available/,https://theprovidencegroup.com/new-homes/available/,863bd47cfae0119c71,,"205 Midnight Oak Run Alpharetta, GA 30009",,,Available Now,849900,,,,,,,"205 Midnight Oak Run, 5 | Alpharetta, GA 30009 | Homesite - 5 | Available Now | PRICED AT $849,900 | 2,105 | 3 | 3.5 | 2 | The Childress | | | Byers Park | 3D Virtual Tour | 205 Midnight Oak Run, 5 | Alpharetta, GA 30009 | Townhome | $849,900 | HOME OF THE MONTH | Self-Tour this Home",
2026-09-05,The Providence Group,Atlanta,https://theprovidencegroup.com/new-homes/available/,https://theprovidencegroup.com/new-homes/available/,79213673b387703b91,,"220 Midnight Oak Run Alpharetta, GA 30009",,,Available Now,799900,,,,,,,"220 Midnight Oak Run, 2 | Alpharetta, GA 30009 | Homesite - 2 | Available Now | PRICED AT $799,900 | 2,105 | 3 | 3.5 | 2 | The Chamberlain | | | Byers Park | 3D Virtual Tour | 220 Midnight Oak Run, 2 | Alpharetta, GA 30009 | Townhome | $799,900 | Quick Move-In",
2026-09-05,The Providence Group,Atlanta,https://theprovidencegroup.com/new-homes/available/,https://theprovidencegroup.com/new-homes/available/,dc042ce646b796fcb2,,"225 Midnight Oak Run Alpharetta, GA 30009",,,Quick Move-In,809900,,,,,,,"Quick Move-In | 225 Midnight Oak Run, 7 | Alpharetta, GA 30009 | Homesite - 7 | PRICED AT $809,900 | 2,117 | 3 | 3.5 | 2 | The Childress | | | Byers Park | 3D Virtual Tour | 225 Midnight Oak Run, 7 | Alpharetta, GA 30009 | Townhome | $809,900 | Under Construction",
2026-09-05,The Providence Group,Atlanta,https://theprovidencegroup.com/new-homes/available/,https://theprovidencegroup.com/new-homes/available/,aa18583c3a83d8dbfc,,"3060 Labrouste Cove Johns Creek, GA 30097",,,Under Construction,1296150,,,,,,,"Under Construction | 3060 Labrouste Cove | Johns Creek, GA 30097 | Homesite - 214 | PRICED AT $1,296,150 | 2,865 | 4 | 4.0 | 3 | The Calhoun | | | Bellmoore Park | 3D Virtual Tour | 3060 Labrouste Cove | Johns Creek, GA 30097 | Single Family | $1,296,150 | Under Construction",
2026-09-05,The Providence Group,Atlanta,https://theprovidencegroup.com/new-homes/available/,https://theprovidencegroup.com/new-homes/available/,15f218e4c1eb46a62e,,"3070 Labrouste Cove Johns Creek, GA 30097",,,Under Construction,1492900,,,,,,,"Under Construction | 3070 Labrouste Cove | Johns Creek, GA 30097 | Homesite - 215 | PRICED AT $1,492,900 | 4,113 | 5 | 4.5 | 3 | The Mathews | | | Bellmoore Park | 3D Virtual Tour | 3070 Labrouste Cove | Johns Creek, GA 30097 | Single Family | $1,492,900 | Quick Move-In",
2026-09-05,The Providence Group,Atlanta,https://theprovidencegroup.com/new-homes/available/,https://theprovidencegroup.com/new-homes/available/,4d04af7268ca5094f9,,"3155 Paley Drive Alpharetta, GA 30009",,,Quick Move-In,1094485,,,,,,,"Quick Move-In | 3155 Paley Drive | Alpharetta, GA 30009 | Homesite - 24 | Available Now | PRICED AT $1,094,485 | 2,105 | 3 | 3.5 | 2 | The Chamberlain | | | Park Walke Townhomes | 3D Virtual Tour | 3155 Paley Drive | Alpharetta, GA 30009 | Townhome | $1,094,485 | Under Construction",
2026-09-05,The Providence Group,Atlanta,https://theprovidencegroup.com/new-homes/available/,https://theprovidencegroup.com/new-homes/available/,d96f5b598c17362e9a,,"3165 Paley Drive Alpharetta, GA 30009",,,Under Construction,972600,,,,,,,"Under Construction | 3165 Paley Drive | Alpharetta, GA 30009 | Homesite - 23 | Available Now | PRICED AT $972,600 | 2,105 | 3 | 3.5 | 2 | The Chamberlain | | | Park Walke Townhomes | 3D Virtual Tour | 3165 Paley Drive | Alpharetta, GA 30009 | Townhome | $972,600 | Under Construction",
2026-09-05,The Providence Group,Atlanta,https://theprovidencegroup.com/new-homes/available/,https://theprovidencegroup.com/new-homes/available/,7000b9efc943c9fdc0,,"3195 Paley Drive Alpharetta, GA 30009",,,Under Construction,929900,,,,,,,"Under Construction | 3195 Paley Drive | Alpharetta, GA 30009 | Homesite - 20 | Available Now | PRICED AT $929,900 | 2,105 | 3 | 3.5 | 2 | The Chamberlain | | | Park Walke Townhomes | 3D Virtual Tour | 3195 Paley Drive | Alpharetta, GA 30009 | Townhome | $929,900 | Under Construction",
2026-09-05,The Providence Group,Atlanta,https://theprovidencegroup.com/new-homes/available/,https://theprovidencegroup.com/new-homes/available/,1d71813058ac490f01,,"3226 Brunel Lane Peachtree Corners, GA 30092",,,Under Construction,635900,,,,,,,"Under Construction | 3226 Brunel Lane, 9 | Peachtree Corners, GA 30092 | Homesite - 9 | Available Early 2027 | PRICED AT $635,900 | 2,192 | 4 | 3.5 | 2 | The Graham III | | | Townes 333 | 3226 Brunel Lane, 9 | Peachtree Corners, GA 30092 | Townhome | $635,900 | Under Construction",
2026-09-05,The Providence Group,Atlanta,https://theprovidencegroup.com/new-homes/available/,https://theprovidencegroup.com/new-homes/available/,65116873fc2b80b367,,"3228 Brunel Lane Peachtree Corners, GA 30092",,,Under Construction,607400,,,,,,,"Under Construction | 3228 Brunel Lane, 10 | Peachtree Corners, GA 30092 | Homesite - 10 | Available Spring 2027 | PRICED AT $607,400 | 2,175 | 3 | 3.5 | 2 | The Graham II | | | Townes 333 | 3228 Brunel Lane, 10 | Peachtree Corners, GA 30092 | Townhome | $607,400 | Under Construction",
2026-09-05,The Providence Group,Atlanta,https://theprovidencegroup.com/new-homes/available/,https://theprovidencegroup.com/new-homes/available/,a31bb443ba984d578f,,"3230 Brunel Lane Peachtree Corners, GA 30092",,,Under Construction,603400,,,,,,,"Under Construction | 3230 Brunel Lane, 11 | Peachtree Corners, GA 30092 | Homesite - 11 | PRICED AT $603,400 | 2,066 | 4 | 3.5 | 2 | The Graham III | | | Townes 333 | 3230 Brunel Lane, 11 | Peachtree Corners, GA 30092 | Townhome | $603,400 | Under Construction",
2026-09-05,The Providence Group,Atlanta,https://theprovidencegroup.com/new-homes/available/,https://theprovidencegroup.com/new-homes/available/,67394274a554b1476d,,"3232 Brunel Lane Peachtree Corners, GA 30092",,,Under Construction,640400,,,,,,,"Under Construction | 3232 Brunel Lane, 12 | Peachtree Corners, GA 30092 | Homesite - 12 | PRICED AT $640,400 | 2,051 | 4 | 3.5 | 2 | The Graham III | | | Townes 333 | 3232 Brunel Lane, 12 | Peachtree Corners, GA 30092 | Townhome | $640,400 | Under Construction",
2026-09-05,The Providence Group,Atlanta,https://theprovidencegroup.com/new-homes/available/,https://theprovidencegroup.com/new-homes/available/,4f4fa751499a139d65,,"3242 Brunel Lane Peachtree Corners, GA 30092",,,Under Construction,632900,,,,,,,"Under Construction | 3242 Brunel Lane, 13 | Peachtree Corners, GA 30092 | Homesite - 13 | Available Early 2027 | PRICED AT $632,900 | 2,192 | 4 | 3.5 | 2 | The Grayson III | | | Townes 333 | 3242 Brunel Lane, 13 | Peachtree Corners, GA 30092 | Townhouse | $632,900 | Under Construction",
2026-09-05,The Providence Group,Atlanta,https://theprovidencegroup.com/new-homes/available/,https://theprovidencegroup.com/new-homes/available/,b52e91d2f005242ccf,,"3246 Brunel Lane Peachtree Corners, GA 30092",,,Under Construction,587900,,,,,,,"Under Construction | 3246 Brunel Lane, 15 | Peachtree Corners, GA 30092 | Homesite - 15 | PRICED AT $587,900 | 2,162 | 3 | 3.5 | 2 | The Grayson II | | | Townes 333 | 3D Virtual Tour | 3246 Brunel Lane, 15 | Peachtree Corners, GA 30092 | Townhome | $587,900 | Under Construction",
2026-09-05,The Providence Group,Atlanta,https://theprovidencegroup.com/new-homes/available/,https://theprovidencegroup.com/new-homes/available/,b3a8f595647d962658,,"3250 Paley Drive Alpharetta, GA 30009",,,Under Construction,1712640,,,,,,,"Under Construction | 3250 Paley Drive | Alpharetta, GA 30009 | Homesite - 11 | Available Fall 2026 | PRICED AT $1,712,640 | 3,511 | 4 | 4.5 | 2 | The Alexandria | | | Park Walke Townhomes | 3250 Paley Drive | Alpharetta, GA 30009 | Townhome | $1,712,640 | Under Construction",
2026-09-05,The Providence Group,Atlanta,https://theprovidencegroup.com/new-homes/available/,https://theprovidencegroup.com/new-homes/available/,4971d03b38078d6428,,"3252 Brunel Lane Peachtree Corners, GA 30092",,,Under Construction,589000,,,,,,,"Under Construction | 3252 Brunel Lane, 18 | Peachtree Corners, GA 30092 | Homesite - 18 | Available Early 2027 | PRICED AT $589,000 | 2,175 | 4 | 3.5 | 2 | The Grayson III | | | Townes 333 | 3252 Brunel Lane, 18 | Peachtree Corners, GA 30092 | Townhouse | $589,000 | Under Construction",
2026-09-05,The Providence Group,Atlanta,https://theprovidencegroup.com/new-homes/available/,https://theprovidencegroup.com/new-homes/available/,d229b06e9074167696,,"3256 Brunel Lane Peachtree Corners, GA 30092",,,Under Construction,621000,,,,,,,"Under Construction | 3256 Brunel Lane, 20 | Peachtree Corners, GA 30092 | Homesite - 20 | Available Early 2027 | PRICED AT $621,000 | 2,162 | 3 | 3.5 | 2 | The Grayson II | | | Townes 333 | 3D Virtual Tour | 3256 Brunel Lane, 20 | Peachtree Corners, GA 30092 | Townhome | $621,000 | Under Construction",
2026-09-05,The Providence Group,Atlanta,https://theprovidencegroup.com/new-homes/available/,https://theprovidencegroup.com/new-homes/available/,32445a6caf1c046f83,,"330 Goldchild Trail Alpharetta, GA 30009",,,Under Construction,615140,,,,,,,"Under Construction | 330 Goldchild Trail, 49 | Alpharetta, GA 30009 | Homesite - 49 | Available Now | PRICED AT $615,140 | 1,694 | 2 | 2.5 | 1 | The Barnsley I | | | IveyBrooke | 3D Virtual Tour | 330 Goldchild Trail, 49 | Alpharetta, GA 30009 | Townhome | $615,140 | To Be Built | Under Construction | 345 Crimson Pine Alley, 13 | Alpharetta, GA 30009 | Homesite - 13 | Available Early 2027 | PRICED AT $893,700 | 2,105 | 3 | 3.5 | 2 | The Childress | | | Byers Park | 3D Virtual Tour | 345 Crimson Pine Alley, 13 | Alpharetta, GA 30009 | Townhome | $893,700 | TO BE BUILT | Under Construction | 350 Crimson Pine Alley, 17 | Alpharetta, GA 30009 | Homesite - 17 | Available Early 2027 | PRICED AT $841,470 | 2,105 | 3 | 3.5 | 2 | The Chamberlain | | | Byers Park | 3D Virtual Tour | 350 Crimson Pine Alley, 17 | Alpharetta, GA 30009 | Townhome | $841,470 | Under Construction",
2026-09-05,The Providence Group,Atlanta,https://theprovidencegroup.com/new-homes/available/,https://theprovidencegroup.com/new-homes/available/,7077bc7b0c93c2f52e,,"3635 Chattahoochee Summit Drive Atlanta, GA 30339",,,Under Construction,449900,,,,,,,"Under Construction | 3635 Chattahoochee Summit Drive | Atlanta, GA 30339 | PRICED AT $449,900 | 1,890 | 3 | 3.5 | 1 | 3635 Chattahoochee Summit Drive | Atlanta, GA 30339 | $449,900 | Quick Move-In",
2026-09-05,The Providence Group,Atlanta,https://theprovidencegroup.com/new-homes/available/,https://theprovidencegroup.com/new-homes/available/,07f211efccfbbeddb9,,"4201 Millcroft Place Buford, GA 30518",,,Quick Move-In,490690,,,,,,,"Quick Move-In | 4201 Millcroft Place, 220 | Buford, GA 30518 | Homesite - 220 | Available Now | PRICED AT $490,690 | 1,893 | 3 | 3.5 | 2 | The Glendale | | | Millcroft Townhomes | 3D Virtual Tour | 4201 Millcroft Place, 220 | Buford, GA 30518 | Townhouse | $490,690 | Quick Move-In",
2026-09-05,The Providence Group,Atlanta,https://theprovidencegroup.com/new-homes/available/,https://theprovidencegroup.com/new-homes/available/,d265b327dc5d3b6aa6,,"4211 Millcroft Place Buford, GA 30518",,,Quick Move-In,474220,,,,,,,"Quick Move-In | 4211 Millcroft Place, 215 | Buford, GA 30518 | Homesite - 215 | Available Now | PRICED AT $474,220 | 2,004 | 3 | 3.5 | 2 | The Glendale | | | Millcroft Townhomes | 3D Virtual Tour | 4211 Millcroft Place, 215 | Buford, GA 30518 | Townhouse | $474,220 | Quick Move-In",
2026-09-05,The Providence Group,Atlanta,https://theprovidencegroup.com/new-homes/available/,https://theprovidencegroup.com/new-homes/available/,5b9c7f2b5df0e3eb17,,"4304 Burton Bend Buford, GA 30518",,,Quick Move-In,545400,,,,,,,"Quick Move-In | 4304 Burton Bend Way, 151 | Buford, GA 30518 | Homesite - 151 | Available Now | PRICED AT $545,400 | 2,010 | 3 | 2.5 | 2 | The Stockton | | | Millcroft Townhomes | 3D Virtual Tour | 4304 Burton Bend Way, 151 | Buford, GA 30518 | Townhouse | $545,400 | Quick Move-In",
2026-09-05,The Providence Group,Atlanta,https://theprovidencegroup.com/new-homes/available/,https://theprovidencegroup.com/new-homes/available/,f68127f1029f7e0cfe,,"4316 Burton Bend Buford, GA 30518",,,Quick Move-In,567800,,,,,,,"Quick Move-In | 4316 Burton Bend Way, 147 | Buford, GA 30518 | Homesite - 147 | Available Now | PRICED AT $567,800 | 2,030 | 3 | 2.5 | 2 | The Stockton | | | Millcroft Townhomes | 3D Virtual Tour | 4316 Burton Bend Way, 147 | Buford, GA 30518 | Townhouse | $567,800 | Under Construction",
2026-09-05,The Providence Group,Atlanta,https://theprovidencegroup.com/new-homes/available/,https://theprovidencegroup.com/new-homes/available/,57b02d8f5db7d69728,,"4517 Watervale Way Peachtree Corners, GA 30092",,,Under Construction,660900,,,,,,,"Under Construction | 4517 Watervale Way, 274 | Peachtree Corners, GA 30092 | Homesite - 274 | PRICED AT $660,900 | 2,520 | 3 | 2.0 | 1 | The Cassidy | | | Waterside Condos | 3D Virtual Tour | 4517 Watervale Way, 274 | Peachtree Corners, GA 30092 | Condominium | $660,900 | Under Construction",
2026-09-05,The Providence Group,Atlanta,https://theprovidencegroup.com/new-homes/available/,https://theprovidencegroup.com/new-homes/available/,7aa4dff9c538e7aa6a,,"4527 Watervale Way Peachtree Corners, GA 30092",,,Under Construction,680900,,,,,,,"Under Construction | 4527 Watervale Way, 271 | Peachtree Corners, GA 30092 | Homesite - 271 | PRICED AT $680,900 | 2,520 | 3 | 2.0 | 1 | The Cochran | | | Waterside Condos | 3D Virtual Tour | 4527 Watervale Way, 271 | Peachtree Corners, GA 30092 | Condominium | $680,900 | Under Construction",
2026-09-05,The Providence Group,Atlanta,https://theprovidencegroup.com/new-homes/available/,https://theprovidencegroup.com/new-homes/available/,59a9cba2e0d3236714,,"4537 Watervale Way Peachtree Corners, GA 30092",,,Under Construction,680000,,,,,,,"Under Construction | 4537 Watervale Way, 268 | Peachtree Corners, GA 30092 | Homesite - 268 | PRICED AT $680,000 | 2,520 | 3 | 2.0 | 1 | The Cochran | | | Waterside Condos | 3D Virtual Tour | 4537 Watervale Way, 268 | Peachtree Corners, GA 30092 | Condominium | $680,000 | Under Construction",
2026-09-05,The Providence Group,Atlanta,https://theprovidencegroup.com/new-homes/available/,https://theprovidencegroup.com/new-homes/available/,fc42cc0ebff10f4ac9,,"4539 Watervale Way Peachtree Corners, GA 30092",,,Under Construction,577900,,,,,,,"Under Construction | 4539 Watervale Way, 267 | Peachtree Corners, GA 30092 | Homesite - 267 | PRICED AT $577,900 | 1,862 | 2 | 2.0 | 1 | The Baldwin | | | Waterside Condos | 3D Virtual Tour | 4539 Watervale Way, 267 | Peachtree Corners, GA 30092 | Condominium | $577,900 | Under Construction",
2026-09-05,The Providence Group,Atlanta,https://theprovidencegroup.com/new-homes/available/,https://theprovidencegroup.com/new-homes/available/,d18282e97139dfbe71,,"4559 Watervale Way Peachtree Corners, GA 30092",,,Under Construction,567900,,,,,,,"Under Construction | 4559 Watervale Way, 261 | Peachtree Corners, GA 30092 | Homesite - 261 | PRICED AT $567,900 | 1,648 | 2 | 2.0 | 1 | The Baldwin | | | Waterside Condos | 3D Virtual Tour | 4559 Watervale Way, 261 | Peachtree Corners, GA 30092 | Condominium | $567,900 | Under Construction",
2026-09-05,The Providence Group,Atlanta,https://theprovidencegroup.com/new-homes/available/,https://theprovidencegroup.com/new-homes/available/,ef8825d7a038d1eda2,,"4571 Deanston Court Peachtree Corners, GA 30092",,,Under Construction,707150,,,,,,,"Under Construction | 4571 Deanston Court, 389 | Peachtree Corners, GA 30092 | Homesite - 389 | PRICED AT $707,150 | 2,201 | 3 | 3.5 | 2 | The Grayson II | | | Waterside Townhomes | 3D Virtual Tour | 4571 Deanston Court, 389 | Peachtree Corners, GA 30092 | Townhome | $707,150 | HOME OF THE MONTH | Under Construction",
2026-09-05,The Providence Group,Atlanta,https://theprovidencegroup.com/new-homes/available/,https://theprovidencegroup.com/new-homes/available/,114258753f5e62c3aa,,"4573 Deanston Court Peachtree Corners, GA 30092",,,Under Construction,649900,,,,,,,"Under Construction | 4573 Deanston Court, 390 | Peachtree Corners, GA 30092 | Homesite - 390 | Available Now | PRICED AT $649,900 | 2,201 | 3 | 3.5 | 2 | The Grayson II | | | Waterside Townhomes | 3D Virtual Tour | 4573 Deanston Court, 390 | Peachtree Corners, GA 30092 | Townhome | $649,900 | Under Construction",
2026-09-05,The Providence Group,Atlanta,https://theprovidencegroup.com/new-homes/available/,https://theprovidencegroup.com/new-homes/available/,f996be614849478ce3,,"4575 Deanston Court Peachtree Corners, GA 30092",,,Under Construction,706110,,,,,,,"Under Construction | 4575 Deanston Court, 391 | Peachtree Corners, GA 30092 | Homesite - 391 | PRICED AT $706,110 | 2,162 | 3 | 3.5 | 2 | The Grayson II | | | Waterside Townhomes | 3D Virtual Tour | 4575 Deanston Court, 391 | Peachtree Corners, GA 30092 | Townhome | $706,110 | Under Construction",
2026-09-05,The Providence Group,Atlanta,https://theprovidencegroup.com/new-homes/available/,https://theprovidencegroup.com/new-homes/available/,2f7e3ed87abbcb7fb9,,"4701 Coleridge Court Peachtree Corners, GA 30092",,,Under Construction,732450,,,,,,,"Under Construction | 4701 Coleridge Court, 425 | Peachtree Corners, GA 30092 | Homesite - 425 | PRICED AT $732,450 | 2,233 | 3 | 2.5 | 2 | The Ellington | | | Waterside Townhomes | 3D Virtual Tour | 4701 Coleridge Court, 425 | Peachtree Corners, GA 30092 | Townhome | $732,450 | Under Construction",
2026-09-05,The Providence Group,Atlanta,https://theprovidencegroup.com/new-homes/available/,https://theprovidencegroup.com/new-homes/available/,85fd86d7a0de179bab,,"4703 Coleridge Court Peachtree Corners, GA 30092",,,Under Construction,697950,,,,,,,"Under Construction | 4703 Coleridge Court, 426 | Peachtree Corners, GA 30092 | Homesite - 426 | PRICED AT $697,950 | 2,233 | 3 | 2.5 | 2 | The Ellington | | | Waterside Townhomes | 3D Virtual Tour | 4703 Coleridge Court, 426 | Peachtree Corners, GA 30092 | Townhome | $697,950 | Under Construction",
2026-09-05,The Providence Group,Atlanta,https://theprovidencegroup.com/new-homes/available/,https://theprovidencegroup.com/new-homes/available/,2e7e945e50882d7a29,,"4705 Coleridge Court Peachtree Corners, GA 30092",,,Under Construction,694950,,,,,,,"Under Construction | 4705 Coleridge Court, 427 | Peachtree Corners, GA 30092 | Homesite - 427 | PRICED AT $694,950 | 2,233 | 3 | 2.5 | 2 | The Ellington | | | Waterside Townhomes | 3D Virtual Tour | 4705 Coleridge Court, 427 | Peachtree Corners, GA 30092 | Townhome | $694,950 | Under Construction",
2026-09-05,The Providence Group,Atlanta,https://theprovidencegroup.com/new-homes/available/,https://theprovidencegroup.com/new-homes/available/,349387d6fcd96c5025,,"5008 Shirley Oaks Drive Peachtree Corners, GA 30092",,,Under Construction,472900,,,,,,,"Under Construction | 5008 Shirley Oaks Drive, 290 | Peachtree Corners, GA 30092 | Homesite - 290 | PRICED AT $472,900 | 1,408 | 1 | 1.5 | 1 | The Adams | | | Waterside Condos | 3D Virtual Tour | 5008 Shirley Oaks Drive, 290 | Peachtree Corners, GA 30092 | Condominium | $472,900 | HOME OF THE MONTH | Quick Move-In",
2026-09-05,The Providence Group,Atlanta,https://theprovidencegroup.com/new-homes/available/,https://theprovidencegroup.com/new-homes/available/,746a75d32b1580cd50,,"502 Alice Way Cumming, GA 30040",,,Quick Move-In,384900,,,,,,,"Quick Move-In | 502 Alice Way, D21 | Cumming, GA 30040 | Homesite - D21 | Available Now | PRICED AT $384,900 | 1,373 | 2 | 2.5 | 1 | The Magnolia | | | Market Square at Sawnee Village | 3D Virtual Tour | 502 Alice Way, D21 | Cumming, GA 30040 | Condominium | $384,900 | Under Construction",
2026-09-05,The Providence Group,Atlanta,https://theprovidencegroup.com/new-homes/available/,https://theprovidencegroup.com/new-homes/available/,04a3f5ca3486d4123d,,"502 Whatton Road Johns Creek, GA 30022",,,Under Construction,774630,,,,,,,"Under Construction | 502 Whatton Road, 1 | Johns Creek, GA 30022 | Homesite - 1 | PRICED AT $774,630 | 2,400 | 4 | 3.5 | 2 | The Benton IV | | | Ward's Crossing Townhomes | 3D Virtual Tour | 502 Whatton Road, 1 | Johns Creek, GA 30022 | Townhouse | $774,630 | HOME OF THE MONTH | Quick Move-In",
2026-09-05,The Providence Group,Atlanta,https://theprovidencegroup.com/new-homes/available/,https://theprovidencegroup.com/new-homes/available/,1f8a82e5d0a87e5f54,,"5038 Shirley Oaks Drive Peachtree Corners, GA 30092",,,Quick Move-In,419900,,,,,,,"Quick Move-In | 5038 Shirley Oaks Drive, 281 | Peachtree Corners, GA 30092 | Homesite - 281 | Available Now | PRICED AT $419,900 | 1,408 | 1 | 1.5 | 1 | The Adams | | | Waterside Condos | 3D Virtual Tour | 5038 Shirley Oaks Drive, 281 | Peachtree Corners, GA 30092 | Condominium | $419,900 | Under Construction",
2026-09-05,The Providence Group,Atlanta,https://theprovidencegroup.com/new-homes/available/,https://theprovidencegroup.com/new-homes/available/,390faafc97f601d256,,"5067 Shirley Oaks Drive Peachtree Corners, GA 30092",,,Under Construction,690900,,,,,,,"Under Construction | 5067 Shirley Oaks Drive, 307 | Peachtree Corners, GA 30092 | Homesite - 307 | PRICED AT $690,900 | 2,350 | 3 | 2.0 | 1 | The Cochran | | | Waterside Condos | 3D Virtual Tour | 5067 Shirley Oaks Drive, 307 | Peachtree Corners, GA 30092 | Condominium | $690,900 | Under Construction",
2026-09-05,The Providence Group,Atlanta,https://theprovidencegroup.com/new-homes/available/,https://theprovidencegroup.com/new-homes/available/,f5686a1485baf6171b,,"506 Whatton Road Johns Creek, GA 30022",,,Under Construction,736710,,,,,,,"Under Construction | 506 Whatton Road, 3 | Johns Creek, GA 30022 | Homesite - 3 | PRICED AT $736,710 | 2,400 | 4 | 3.5 | 2 | The Benton IV | | | Ward's Crossing Townhomes | 3D Virtual Tour | 506 Whatton Road, 3 | Johns Creek, GA 30022 | Townhouse | $736,710 | Under Construction",
2026-09-05,The Providence Group,Atlanta,https://theprovidencegroup.com/new-homes/available/,https://theprovidencegroup.com/new-homes/available/,101984add98500150b,,"5087 Shirley Oaks Drive Peachtree Corners, GA 30092",,,Under Construction,680000,,,,,,,"Under Construction | 5087 Shirley Oaks Drive, 301 | Peachtree Corners, GA 30092 | Homesite - 301 | PRICED AT $680,000 | 2,520 | 3 | 2.0 | 1 | The Cochran | | | Waterside Condos | 3D Virtual Tour | 5087 Shirley Oaks Drive, 301 | Peachtree Corners, GA 30092 | Condominium | $680,000 | HOME OF THE MONTH | Quick Move-In",
2026-09-05,The Providence Group,Atlanta,https://theprovidencegroup.com/new-homes/available/,https://theprovidencegroup.com/new-homes/available/,26377be1dba4eb5f8f,,"508 Whatton Road Johns Creek, GA 30022",,,Quick Move-In,699320,,,,,,,"Quick Move-In | 508 Whatton Road, 4 | Johns Creek, GA 30022 | Homesite - 4 | PRICED AT $699,320 | 2,400 | 4 | 3.5 | 2 | The Benton IV | | | Ward's Crossing Townhomes | 3D Virtual Tour | 508 Whatton Road, 4 | Johns Creek, GA 30022 | Townhouse | $699,320 | Under Construction",
2026-09-05,The Providence Group,Atlanta,https://theprovidencegroup.com/new-homes/available/,https://theprovidencegroup.com/new-homes/available/,6a714e678d88d8de13,,"509 Belvedere Drive Alpharetta, GA 30022",,,Under Construction,565100,,,,,,,"Under Construction | 509 Belvedere Drive, 4 | Alpharetta, GA 30022 | Homesite - 4 | Available Fall 2026 | PRICED AT $565,100 | 1,776 | 3 | 3.5 | 1 | The Oleander | | | Brookside Reserve | 3D Virtual Tour | 509 Belvedere Drive, 4 | Alpharetta, GA 30022 | Condominium | $565,100 | HOME OF THE MONTH | Quick Move-In",
2026-09-05,The Providence Group,Atlanta,https://theprovidencegroup.com/new-homes/available/,https://theprovidencegroup.com/new-homes/available/,44787c60ffd934cccc,,"510 Whatton Road Johns Creek, GA 30022",,,Quick Move-In,714320,,,,,,,"Quick Move-In | 510 Whatton Road, 5 | Johns Creek, GA 30022 | Homesite - 5 | Available Now | PRICED AT $714,320 | 2,400 | 4 | 3.5 | 2 | The Benton IV | | | Ward's Crossing Townhomes | 3D Virtual Tour | 510 Whatton Road, 5 | Johns Creek, GA 30022 | Townhouse | $714,320 | Under Construction",
2026-09-05,The Providence Group,Atlanta,https://theprovidencegroup.com/new-homes/available/,https://theprovidencegroup.com/new-homes/available/,ad644ecb85cb5e659d,,"520 Alice Way Cumming, GA 30040",,,Under Construction,454980,,,,,,,"Under Construction | 520 Alice Way, D14 | Cumming, GA 30040 | Homesite - D14 | PRICED AT $454,980 | 1,703 | 3 | 3.5 | 1 | The Oleander | | | Market Square at Sawnee Village | 3D Virtual Tour | 520 Alice Way, D14 | Cumming, GA 30040 | Condominium | $454,980 | Quick Move-In",
2026-09-05,The Providence Group,Atlanta,https://theprovidencegroup.com/new-homes/available/,https://theprovidencegroup.com/new-homes/available/,1d61fe5c1e7176a978,,"522 Alice Way Cumming, GA 30040",,,Quick Move-In,409900,,,,,,,"Quick Move-In | 522 Alice Way, D11 | Cumming, GA 30040 | Homesite - D11 | Available Now | PRICED AT $409,900 | 1,373 | 2 | 2.5 | 1 | The Magnolia | | | Market Square at Sawnee Village | 3D Virtual Tour | 522 Alice Way, D11 | Cumming, GA 30040 | Condominium | $409,900 | Quick Move-In",
2026-09-05,The Providence Group,Atlanta,https://theprovidencegroup.com/new-homes/available/,https://theprovidencegroup.com/new-homes/available/,322486680e1af5c0c0,,"524 Otwell Avenue Cumming, GA 30040",,,Quick Move-In,749900,,,,,,,"Quick Move-In | 524 Otwell Avenue | Cumming, GA 30040 | Homesite - 227 | Available Now | PRICED AT $749,900 | 2,620 | 4 | 2.5 | 2 | The Kenton | | | Promenade at Sawnee Village | 3D Virtual Tour | 524 Otwell Avenue | Cumming, GA 30040 | Single Family | $749,900 | HOME OF THE MONTH | Quick Move-In",
2026-09-05,The Providence Group,Atlanta,https://theprovidencegroup.com/new-homes/available/,https://theprovidencegroup.com/new-homes/available/,2580387f445c5d6b18,,"526 Alice Way Cumming, GA 30040",,,Quick Move-In,364900,,,,,,,"Quick Move-In | 526 Alice Way, D9 | Cumming, GA 30040 | Homesite - D9 | Available Now | PRICED AT $364,900 | 1,373 | 2 | 2.5 | 1 | The Magnolia | | | Market Square at Sawnee Village | 3D Virtual Tour | 526 Alice Way, D9 | Cumming, GA 30040 | Condominium | $364,900 | Under Construction",
2026-09-05,The Providence Group,Atlanta,https://theprovidencegroup.com/new-homes/available/,https://theprovidencegroup.com/new-homes/available/,c4d626ffa156c32cef,,"526 Pearl Street Cumming, GA 30040",,,Under Construction,770720,,,,,,,"Under Construction | 526 Pearl Street | Cumming, GA 30040 | Homesite - 205 | PRICED AT $770,720 | 2,620 | 4 | 3.5 | 2 | The Kenton | | | Promenade at Sawnee Village | 3D Virtual Tour | 526 Pearl Street | Cumming, GA 30040 | Single Family | $770,720 | Quick Move-In",
2026-09-05,The Providence Group,Atlanta,https://theprovidencegroup.com/new-homes/available/,https://theprovidencegroup.com/new-homes/available/,e1e5d1bf43097225ab,,"528 Sawnee Village Boulevard Cumming, GA 30040",,,Quick Move-In,472880,,,,,,,"Quick Move-In | 528 Sawnee Village Boulevard, D62 | Cumming, GA 30040 | Homesite - D62 | Available Now | PRICED AT $472,880 | 1,703 | 3 | 3.5 | 1 | The Oleander | | | Market Square at Sawnee Village | 3D Virtual Tour | 528 Sawnee Village Boulevard, D62 | Cumming, GA 30040 | Condominium | $472,880 | HOME OF THE MONTH | Quick Move-In",
2026-09-05,The Providence Group,Atlanta,https://theprovidencegroup.com/new-homes/available/,https://theprovidencegroup.com/new-homes/available/,72b235dced75f623ae,,"532 Alice Way Cumming, GA 30040",,,Quick Move-In,399900,,,,,,,"Quick Move-In | 532 Alice Way, D8 | Cumming, GA 30040 | Homesite - D8 | Available Now | PRICED AT $399,900 | 1,703 | 3 | 3.5 | 1 | The Oleander | | | Market Square at Sawnee Village | 3D Virtual Tour | 532 Alice Way, D8 | Cumming, GA 30040 | Condominium | $399,900 | Under Construction",
2026-09-05,The Providence Group,Atlanta,https://theprovidencegroup.com/new-homes/available/,https://theprovidencegroup.com/new-homes/available/,4294b7be5e47077559,,"533 Belvedere Drive Alpharetta, GA 30022",,,Under Construction,515600,,,,,,,"Under Construction | 533 Belvedere Drive, 9 | Alpharetta, GA 30022 | Homesite - 9 | Available Fall 2026 | PRICED AT $515,600 | 1,450 | 2 | 2.5 | 1 | The Magnolia | | | Brookside Reserve | 3D Virtual Tour | 533 Belvedere Drive, 9 | Alpharetta, GA 30022 | Condominium | $515,600 | Quick Move-In",
2026-09-05,The Providence Group,Atlanta,https://theprovidencegroup.com/new-homes/available/,https://theprovidencegroup.com/new-homes/available/,59ee0e2f08457541a2,,"534 Alice Way Cumming, GA 30040",,,Quick Move-In,394900,,,,,,,"Quick Move-In | 534 Alice Way, D5 | Cumming, GA 30040 | Homesite - D5 | Available Now | PRICED AT $394,900 | 1,373 | 2 | 2.5 | 1 | The Magnolia | | | Market Square at Sawnee Village | 3D Virtual Tour | 534 Alice Way, D5 | Cumming, GA 30040 | Condominium | $394,900 | Quick Move-In",
2026-09-05,The Providence Group,Atlanta,https://theprovidencegroup.com/new-homes/available/,https://theprovidencegroup.com/new-homes/available/,11634b0a58632f0a30,,"5406 Howington Court Buford, GA 30518",,,Quick Move-In,460750,,,,,,,"Quick Move-In | 5406 Howington Court, 177 | Buford, GA 30518 | Homesite - 177 | Available Now | PRICED AT $460,750 | 2,004 | 3 | 3.5 | 2 | The Glendale | | | Millcroft Townhomes | 3D Virtual Tour | 5406 Howington Court, 177 | Buford, GA 30518 | Townhouse | $460,750 | Quick Move-In",
2026-09-05,The Providence Group,Atlanta,https://theprovidencegroup.com/new-homes/available/,https://theprovidencegroup.com/new-homes/available/,ac39a76f95df992e79,,"5408 Howington Court Buford, GA 30518",,,Quick Move-In,474700,,,,,,,"Quick Move-In | 5408 Howington Court, 178 | Buford, GA 30518 | Homesite - 178 | Available Now | PRICED AT $474,700 | 2,004 | 3 | 3.5 | 2 | The Glendale | | | Millcroft Townhomes | 3D Virtual Tour | 5408 Howington Court, 178 | Buford, GA 30518 | Townhouse | $474,700 | HOME OF THE MONTH | Quick Move-In",
2026-09-05,The Providence Group,Atlanta,https://theprovidencegroup.com/new-homes/available/,https://theprovidencegroup.com/new-homes/available/,1fc08c1da1eb179d5b,,"540 Alice Way Cumming, GA 30040",,,Quick Move-In,409900,,,,,,,"Quick Move-In | 540 Alice Way, D4 | Cumming, GA 30040 | Homesite - D4 | Available Now | PRICED AT $409,900 | 1,703 | 3 | 3.5 | 1 | The Oleander | | | Market Square at Sawnee Village | 3D Virtual Tour | 540 Alice Way, D4 | Cumming, GA 30040 | Condominium | $409,900 | Under Construction",
2026-09-05,The Providence Group,Atlanta,https://theprovidencegroup.com/new-homes/available/,https://theprovidencegroup.com/new-homes/available/,d5d069978247cf8ecb,,"542 Belvedere Drive Alpharetta, GA 30022",,,Under Construction,545400,,,,,,,"Under Construction | 542 Belvedere Drive, 21 | Alpharetta, GA 30022 | Homesite - 21 | Available Late 2026 | PRICED AT $545,400 | 1,762 | 2 | 2.0 | 1 | The Elmwood | | | Brookside Reserve | 542 Belvedere Drive, 21 | Alpharetta, GA 30022 | Condominium | $545,400 | Quick Move-In",
2026-09-05,The Providence Group,Atlanta,https://theprovidencegroup.com/new-homes/available/,https://theprovidencegroup.com/new-homes/available/,1250e904b94ccfe861,,"542 Otwell Avenue Cumming, GA 30040",,,Quick Move-In,771225,,,,,,,"Quick Move-In | 542 Otwell Avenue | Cumming, GA 30040 | Homesite - 242 | Available Now | PRICED AT $771,225 | 2,583 | 4 | 3.5 | 2 | The McDaniel | | | Promenade at Sawnee Village | 3D Virtual Tour | 542 Otwell Avenue | Cumming, GA 30040 | Single Family | $771,225 | Quick Move-In",
2026-09-05,The Providence Group,Atlanta,https://theprovidencegroup.com/new-homes/available/,https://theprovidencegroup.com/new-homes/available/,7b0b5cad8013ac9370,,"5434 Howington Court Buford, GA 30518",,,Quick Move-In,484700,,,,,,,"Quick Move-In | 5434 Howington Court, 189 | Buford, GA 30518 | Homesite - 189 | Available Now | PRICED AT $484,700 | 1,893 | 3 | 3.5 | 2 | The Glendale | | | Millcroft Townhomes | 3D Virtual Tour | 5434 Howington Court, 189 | Buford, GA 30518 | Townhouse | $484,700 | Under Construction",
2026-09-05,The Providence Group,Atlanta,https://theprovidencegroup.com/new-homes/available/,https://theprovidencegroup.com/new-homes/available/,f5daf49b3f471eed6f,,"546 Belvedere Drive Alpharetta, GA 30022",,,Under Construction,487810,,,,,,,"Under Construction | 546 Belvedere Drive, 20 | Alpharetta, GA 30022 | Homesite - 20 | Available Late 2026 | PRICED AT $487,810 | 1,213 | 2 | 2.0 | 1 | The Rosewood II | | | Brookside Reserve | 546 Belvedere Drive, 20 | Alpharetta, GA 30022 | Condominium | $487,810 | Under Construction",
2026-09-05,The Providence Group,Atlanta,https://theprovidencegroup.com/new-homes/available/,https://theprovidencegroup.com/new-homes/available/,5092bbbf6376ae5a64,,"547 Pearl Street Cumming, GA 30040",,,Under Construction,674999,,,,,,,"Under Construction | 547 Pearl Street | Cumming, GA 30040 | Homesite - 11 | PRICED AT $674,999 | 2,221 | 3 | 3.0 | 2 | The Jordan | | | Promenade at Sawnee Village | 3D Virtual Tour | 547 Pearl Street | Cumming, GA 30040 | Single Family | $674,999 | Under Construction",
2026-09-05,The Providence Group,Atlanta,https://theprovidencegroup.com/new-homes/available/,https://theprovidencegroup.com/new-homes/available/,78aa08ea4679c88ae7,,"549 Belvedere Drive Alpharetta, GA 30022",,,Under Construction,512850,,,,,,,"Under Construction | 549 Belvedere Drive, 13 | Alpharetta, GA 30022 | Homesite - 13 | Available Fall 2026 | PRICED AT $512,850 | 1,450 | 2 | 2.5 | 1 | The Magnolia | | | Brookside Reserve | 3D Virtual Tour | 549 Belvedere Drive, 13 | Alpharetta, GA 30022 | Condominium | $512,850 | Under Construction",
2026-09-05,The Providence Group,Atlanta,https://theprovidencegroup.com/new-homes/available/,https://theprovidencegroup.com/new-homes/available/,9a707a448c2d30f928,,"551 Pearl Street Cumming, GA 30040",,,Under Construction,599900,,,,,,,"Under Construction | 551 Pearl Street | Cumming, GA 30040 | Homesite - 10 | PRICED AT $599,900 | 1,797 | 3 | 2.0 | 2 | The Lawrence | | | Promenade at Sawnee Village | 3D Virtual Tour | 551 Pearl Street | Cumming, GA 30040 | Single Family | $599,900 | Under Construction",
2026-09-05,The Providence Group,Atlanta,https://theprovidencegroup.com/new-homes/available/,https://theprovidencegroup.com/new-homes/available/,da9312a83f6030cece,,"553 Belvedere Drive Alpharetta, GA 30022",,,Under Construction,587400,,,,,,,"Under Construction | 553 Belvedere Drive, 16 | Alpharetta, GA 30022 | Homesite - 16 | Available Fall 2026 | PRICED AT $587,400 | 1,776 | 3 | 3.5 | 1 | The Oleander | | | Brookside Reserve | 3D Virtual Tour | 553 Belvedere Drive, 16 | Alpharetta, GA 30022 | Condominium | $587,400 | Under Construction",
2026-09-05,The Providence Group,Atlanta,https://theprovidencegroup.com/new-homes/available/,https://theprovidencegroup.com/new-homes/available/,4b56ecb9daecccf1f5,,"554 Belvedere Drive Alpharetta, GA 30022",,,Under Construction,497400,,,,,,,"Under Construction | 554 Belvedere Drive, 18 | Alpharetta, GA 30022 | Homesite - 18 | Available Fall 2026 | PRICED AT $497,400 | 1,213 | 2 | 2.0 | 1 | The Rosewood II | | | Brookside Reserve | 554 Belvedere Drive, 18 | Alpharetta, GA 30022 | Condominium | $497,400 | Under Construction",
2026-09-05,The Providence Group,Atlanta,https://theprovidencegroup.com/new-homes/available/,https://theprovidencegroup.com/new-homes/available/,d88e018f12d5eb4815,,"555 Pearl Street Cumming, GA 30040",,,Under Construction,696445,,,,,,,"Under Construction | 555 Pearl Street | Cumming, GA 30040 | Homesite - 7 | PRICED AT $696,445 | 2,221 | 3 | 3.0 | 2 | The Milton | | | Promenade at Sawnee Village | 3D Virtual Tour | 555 Pearl Street | Cumming, GA 30040 | Single Family | $696,445 | Under Construction | 5561 Broad River View | Peachtree Corners, GA 30092 | Homesite - 357 | PRICED AT $1,465,000 | 4,234 | 4 | Full 4 | Half 2 | 2 | The Oakhurst II | | | Waterside Single Family | 3D Virtual Tour | 5561 Broad River View | Peachtree Corners, GA 30092 | Single Family | $1,465,000 | Under Construction",
2026-09-05,The Providence Group,Atlanta,https://theprovidencegroup.com/new-homes/available/,https://theprovidencegroup.com/new-homes/available/,9e362a03e50654cf3f,,"558 Belvedere Drive Alpharetta, GA 30022",,,Under Construction,565400,,,,,,,"Under Construction | 558 Belvedere Drive, 17 | Alpharetta, GA 30022 | Homesite - 17 | Available Fall 2026 | PRICED AT $565,400 | 1,707 | 2 | 2.0 | 1 | The Elmwood End | | | Brookside Reserve | 558 Belvedere Drive, 17 | Alpharetta, GA 30022 | Condominium | $565,400 | Under Construction",
2026-09-05,The Providence Group,Atlanta,https://theprovidencegroup.com/new-homes/available/,https://theprovidencegroup.com/new-homes/available/,c493aa99d811ef37da,,"563 Sawnee Village Boulevard Cumming, GA 30040",,,Under Construction,709220,,,,,,,"Under Construction | 563 Sawnee Village Boulevard | Cumming, GA 30040 | Homesite - 246 | PRICED AT $709,220 | 1,791 | 3 | 2.0 | 2 | The Langston | | | Promenade at Sawnee Village | 3D Virtual Tour | 563 Sawnee Village Boulevard | Cumming, GA 30040 | Single Family | $709,220 | Quick Move-In",
2026-09-05,The Providence Group,Atlanta,https://theprovidencegroup.com/new-homes/available/,https://theprovidencegroup.com/new-homes/available/,f08cd0573461d3df7e,,"564 Sawnee Village Boulevard Cumming, GA 30040",,,Quick Move-In,899710,,,,,,,"Quick Move-In | 564 Sawnee Village Boulevard | Cumming, GA 30040 | Homesite - 79 | Available Now | PRICED AT $899,710 | 3,059 | 4 | 4.0 | 2 | The Blaylock | | | Promenade at Sawnee Village | 3D Virtual Tour | 564 Sawnee Village Boulevard | Cumming, GA 30040 | Single Family | $899,710 | Under Construction",
2026-09-05,The Providence Group,Atlanta,https://theprovidencegroup.com/new-homes/available/,https://theprovidencegroup.com/new-homes/available/,6ecd3b1b6648e731df,,"565 Sawnee Village Boulevard Cumming, GA 30040",,,Under Construction,749410,,,,,,,"Under Construction | 565 Sawnee Village Boulevard | Cumming, GA 30040 | Homesite - 245 | PRICED AT $749,410 | 2,620 | 4 | 3.5 | 2 | The Kenton | | | Promenade at Sawnee Village | 3D Virtual Tour | 565 Sawnee Village Boulevard | Cumming, GA 30040 | Single Family | $749,410 | Under Construction | 5683 Broad River View, 440 | Peachtree Corners, GA 30092 | Homesite - 440 | PRICED AT $989,050 | 3,034 | 4 | 3.5 | 2 | 3D Virtual Tour | 5683 Broad River View, 440 | Peachtree Corners, GA 30092 | $989,050 | HOME OF THE MONTH | Under Construction | 5695 Broad River View, 444 | Peachtree Corners, GA 30092 | Homesite - 444 | PRICED AT $999,900 | 3,034 | 4 | 3.5 | 2 | The Ellington | | | Waterside Townhomes | 3D Virtual Tour | 5695 Broad River View, 444 | Peachtree Corners, GA 30092 | Townhome | $999,900 | HOME OF THE MONTH | Quick Move-In",
2026-09-05,The Providence Group,Atlanta,https://theprovidencegroup.com/new-homes/available/,https://theprovidencegroup.com/new-homes/available/,b870d8e926bcea33b7,,"572 Sawnee Village Boulevard Cumming, GA 30040",,,Quick Move-In,839900,,,,,,,"Quick Move-In | 572 Sawnee Village Boulevard | Cumming, GA 30040 | Homesite - 83 | Available Now | PRICED AT $839,900 | 3,140 | 3 | 3.5 | 2 | The Bullard | | | Promenade at Sawnee Village | 3D Virtual Tour | 572 Sawnee Village Boulevard | Cumming, GA 30040 | Single Family | $839,900 | Under Construction",
2026-09-05,The Providence Group,Atlanta,https://theprovidencegroup.com/new-homes/available/,https://theprovidencegroup.com/new-homes/available/,ed0a89770bf69ea7d7,,"585 Gavitt Drive Cumming, GA 30040",,,Under Construction,712750,,,,,,,"Under Construction | 585 Gavitt Drive | Cumming, GA 30040 | Homesite - 121 | PRICED AT $712,750 | 2,500 | 3 | 3.0 | 2 | The Milton | | | Promenade at Sawnee Village | 3D Virtual Tour | 585 Gavitt Drive | Cumming, GA 30040 | Single Family | $712,750 | Under Construction",
2026-09-05,The Providence Group,Atlanta,https://theprovidencegroup.com/new-homes/available/,https://theprovidencegroup.com/new-homes/available/,aa2b95064dc7738e6b,,"605 Beechwood Way Hoschton, GA 30548",,,Under Construction,482580,,,,,,,"Under Construction | 605 Beechwood Way | Hoschton, GA 30548 | Homesite - 307 | Available Late 2026 | PRICED AT $482,580 | 2,016 | 4 | 3.0 | 2 | The Copeland | | | The Villas at Aberdeen | 605 Beechwood Way | Hoschton, GA 30548 | Single Family | $482,580 | Under Construction",
2026-09-05,The Providence Group,Atlanta,https://theprovidencegroup.com/new-homes/available/,https://theprovidencegroup.com/new-homes/available/,8fbd77248b06cbbd6e,,"616 Silva Street Cumming, GA 30040",,,Under Construction,634360,,,,,,,"Under Construction | 616 Silva Street | Cumming, GA 30040 | Homesite - 115 | Available Fall 2026 | PRICED AT $634,360 | 2,518 | 4 | 3.0 | 2 | The Caplin | | | Palisades Single Family | 3D Virtual Tour | 616 Silva Street | Cumming, GA 30040 | Single Family | $634,360 | Under Construction",
2026-09-05,The Providence Group,Atlanta,https://theprovidencegroup.com/new-homes/available/,https://theprovidencegroup.com/new-homes/available/,c4680c8740b0df2a35,,"620 Silva Street Cumming, GA 30040",,,Under Construction,636745,,,,,,,"Under Construction | 620 Silva Street | Cumming, GA 30040 | Homesite - 113 | PRICED AT $636,745 | 2,453 | 4 | 3.0 | 2 | The Carter | | | Palisades Single Family | 3D Virtual Tour | 620 Silva Street | Cumming, GA 30040 | Single Family | $636,745 | Under Construction",
2026-09-05,The Providence Group,Atlanta,https://theprovidencegroup.com/new-homes/available/,https://theprovidencegroup.com/new-homes/available/,6f490fbec1255ee41d,,"626 Skytop Drive Cumming, GA 30040",,,Under Construction,484900,,,,,,,"Under Construction | 626 Skytop Drive, 159 | Cumming, GA 30040 | Homesite - 159 | PRICED AT $484,900 | 1,978 | 3 | 3.5 | 2 | The Garwood | | | Palisades Townhomes | 3D Virtual Tour | 626 Skytop Drive, 159 | Cumming, GA 30040 | Townhome | $484,900 | Under Construction",
2026-09-05,The Providence Group,Atlanta,https://theprovidencegroup.com/new-homes/available/,https://theprovidencegroup.com/new-homes/available/,9d282107a5a3a48b4b,,"630 Skytop Drive Cumming, GA 30040",,,Under Construction,538650,,,,,,,"630 Skytop Drive, 157 | Cumming, GA 30040 | Homesite - 157 | PRICED AT $538,650 | 2,004 | 3 | 3.5 | 2 | The Garwood | | | Palisades Townhomes | 3D Virtual Tour | 630 Skytop Drive, 157 | Cumming, GA 30040 | Townhome | $538,650 | Under Construction",
2026-09-05,The Providence Group,Atlanta,https://theprovidencegroup.com/new-homes/available/,https://theprovidencegroup.com/new-homes/available/,aaf019f4b47569aa50,,"646 Skytop Drive Cumming, GA 30040",,,Under Construction,508670,,,,,,,"Under Construction | 646 Skytop Drive, 150 | Cumming, GA 30040 | Homesite - 150 | PRICED AT $508,670 | 2,004 | 3 | 3.5 | 2 | The Garwood | | | Palisades Townhomes | 3D Virtual Tour | 646 Skytop Drive, 150 | Cumming, GA 30040 | Townhome | $508,670 | Under Construction",
2026-09-05,The Providence Group,Atlanta,https://theprovidencegroup.com/new-homes/available/,https://theprovidencegroup.com/new-homes/available/,8c787a189ec588abe5,,"653 Silva Street Cumming, GA 30040",,,Under Construction,469900,,,,,,,"Under Construction | 653 Silva Street, 139 | Cumming, GA 30040 | Homesite - 139 | PRICED AT $469,900 | 1,903 | 3 | 3.5 | 2 | The Glendale | | | Palisades Townhomes | 3D Virtual Tour | 653 Silva Street, 139 | Cumming, GA 30040 | Townhome | $469,900 | Quick Move-In",
2026-09-05,The Providence Group,Atlanta,https://theprovidencegroup.com/new-homes/available/,https://theprovidencegroup.com/new-homes/available/,cf3d0640a64bcce0d3,,"659 Silva Street Cumming, GA 30040",,,Quick Move-In,507900,,,,,,,"Quick Move-In | 659 Silva Street, 142 | Cumming, GA 30040 | Homesite - 142 | Available Now | PRICED AT $507,900 | 1,978 | 3 | 3.5 | 2 | The Glendale | | | Palisades Townhomes | 3D Virtual Tour | 659 Silva Street, 142 | Cumming, GA 30040 | Townhome | $507,900 | Under Construction",
2026-09-05,The Providence Group,Atlanta,https://theprovidencegroup.com/new-homes/available/,https://theprovidencegroup.com/new-homes/available/,87d21e07da2041927d,,"678 Summit Hill Way Cumming, GA 30040",,,Under Construction,599720,,,,,,,"Under Construction | 678 Summit Hill Way | Cumming, GA 30040 | Homesite - 22 | PRICED AT $599,720 | 2,284 | 3 | 2.5 | 2 | The Cameron | | | Palisades Single Family | 3D Virtual Tour | 678 Summit Hill Way | Cumming, GA 30040 | Single Family | $599,720 | Under Construction",
2026-09-05,The Providence Group,Atlanta,https://theprovidencegroup.com/new-homes/available/,https://theprovidencegroup.com/new-homes/available/,a2fa71838ab3a82c0c,,"879 Eastman Court Hoschton, GA 30548",,,Under Construction,548930,,,,,,,"Under Construction | 879 Eastman Court | Hoschton, GA 30548 | Homesite - 93 | PRICED AT $548,930 | 2,464 | 3 | 3.0 | 2 | The Bayfield | | | Aberdeen | 3D Virtual Tour | 879 Eastman Court | Hoschton, GA 30548 | Single Family | $548,930 | Under Construction",
2026-09-05,The Providence Group,Atlanta,https://theprovidencegroup.com/new-homes/available/,https://theprovidencegroup.com/new-homes/available/,5bc88a7068fff93e96,,"891 Eastman Court Hoschton, GA 30548",,,Under Construction,624650,,,,,,,"Under Construction | 891 Eastman Court | Hoschton, GA 30548 | Homesite - 94 | PRICED AT $624,650 | 3,213 | 4 | 3.0 | 2 | The Mansfield | | | Aberdeen | 3D Virtual Tour | 891 Eastman Court | Hoschton, GA 30548 | Single Family | $624,650 | Under Construction",
2026-09-05,The Providence Group,Atlanta,https://theprovidencegroup.com/new-homes/available/,https://theprovidencegroup.com/new-homes/available/,3a4e61acb90dc59333,,"899 Eastman Court Hoschton, GA 30548",,,Under Construction,592100,,,,,,,"Under Construction | 899 Eastman Court | Hoschton, GA 30548 | Homesite - 95 | Available Fall 2026 | PRICED AT $592,100 | 2,764 | 4 | 2.5 | 2 | The Madilyn | | | Aberdeen | 3D Virtual Tour | 899 Eastman Court | Hoschton, GA 30548 | Single Family | $592,100 | Under Construction",
2026-09-05,The Providence Group,Atlanta,https://theprovidencegroup.com/new-homes/available/,https://theprovidencegroup.com/new-homes/available/,7e7d958b4048714694,,"901 Shire Elm Street Johns Creek, GA 30022",,,Under Construction,771410,,,,,,,"Under Construction | 901 Shire Elm Street, 22 | Johns Creek, GA 30022 | PRICED AT $771,410 | 2,400 | 4 | 3.5 | 2 | The Benton III | | | Ward's Crossing Townhomes | 3D Virtual Tour | 901 Shire Elm Street, 22 | Johns Creek, GA 30022 | Townhome | $771,410 | Under Construction",
2026-09-05,The Providence Group,Atlanta,https://theprovidencegroup.com/new-homes/available/,https://theprovidencegroup.com/new-homes/available/,9fbebe92fd45b097c7,,"903 Shire Elm Street Johns Creek, GA 30022",,,Under Construction,729140,,,,,,,"Under Construction | 903 Shire Elm Street, 23 | Johns Creek, GA 30022 | Homesite - 23 | PRICED AT $729,140 | 2,400 | 4 | 3.5 | 2 | The Benton III | | | Ward's Crossing Townhomes | 3D Virtual Tour | 903 Shire Elm Street, 23 | Johns Creek, GA 30022 | Townhome | $729,140 | Under Construction",
2026-09-05,The Providence Group,Atlanta,https://theprovidencegroup.com/new-homes/available/,https://theprovidencegroup.com/new-homes/available/,6c01020ce2fed7834b,,"905 Shire Elm Street Johns Creek, GA 30022",,,Under Construction,719980,,,,,,,"Under Construction | 905 Shire Elm Street, 24 | Johns Creek, GA 30022 | Homesite - 22 | PRICED AT $719,980 | 2,400 | 4 | 3.5 | 2 | The Benton III | | | Ward's Crossing Townhomes | 3D Virtual Tour | 905 Shire Elm Street, 24 | Johns Creek, GA 30022 | Townhome | $719,980 | Under Construction",
2026-09-05,The Providence Group,Atlanta,https://theprovidencegroup.com/new-homes/available/,https://theprovidencegroup.com/new-homes/available/,4ba93f0fbfee0977af,,"909 Shire Elm Street Johns Creek, GA 30022",,,Under Construction,753090,,,,,,,"Under Construction | 909 Shire Elm Street, 26 | Johns Creek, GA 30022 | Homesite - 26 | PRICED AT $753,090 | 2,400 | 4 | 3.5 | 2 | The Benton III | | | Ward's Crossing Townhomes | 3D Virtual Tour | 909 Shire Elm Street, 26 | Johns Creek, GA 30022 | Townhome | $753,090 | ← | Move left | → | Move right | ↑ | Move up | ↓ | Move down | + | Zoom in | - | Zoom out | Home | Jump left by 75% | End | Jump right by 75% | Page Up | Jump up by 75% | Page Down | Jump down by 75% | Keyboard shortcuts | Map Data | Map data ©2026 Google, INEGI | Map data ©2026 Google, INEGI | 50 km | Click to toggle between metric and imperial units | Terms | Report a map error | X | New Search | SEARCH | Find A Home | About Us | Design Studio | Homebuying Tools | Building Process | Testimonials | Contact | Blog | Headquarters | The Providence Group | of Georgia, LLC",
2026-09-05,GHO Homes,Florida Treasure Coast,https://www.ghohomes.com/new-homes/florida/indian-river-county/the-island-vero-beach/seaglass,https://www.ghohomes.com/new-homes/florida/indian-river-county/the-island-vero-beach/seaglass,caaaa5e4c409c60286,Seaglass,"1984 Frosted Turquoise Way Vero Beach, FL",,,Move-In: 12/2026,1412000,,,,,,,"1984 Frosted Turquoise Way | | Seabreeze Grande | Lot: 70 | | | Move-In: 12/2026 | Toggle Favorite | $1,412,000 | Impressive Vero Beach Treasure with beach access | 3 | 3 | 2,254",
2026-09-05,GHO Homes,Florida Treasure Coast,https://www.ghohomes.com/new-homes/florida/indian-river-county/the-island-vero-beach/seaglass,https://www.ghohomes.com/new-homes/florida/indian-river-county/the-island-vero-beach/seaglass,1d935bf1ded7bcfba0,Seaglass,"1976 Frosted Turquoise Way Vero Beach, FL",,,Move-In: 01/2027,1445000,,,,,,,"1976 Frosted Turquoise Way | | Seabreeze Grande | Lot: 69 | | | Move-In: 01/2027 | Toggle Favorite | $1,445,000 | Island Living at its Finest | 3 | 3 | 2,254",
2026-09-05,GHO Homes,Florida Treasure Coast,https://www.ghohomes.com/new-homes/florida/indian-river-county/the-island-vero-beach/seaglass,https://www.ghohomes.com/new-homes/florida/indian-river-county/the-island-vero-beach/seaglass,7fd7e9d4572fb052b4,Seaglass,"9199 Seaglass Court Vero Beach, FL",,,Move-In: 09/2026,1955000,2155000.0,,,,,Price Cut,"9199 Seaglass Court | | Cerulean Grande | Lot: 14 | | | Move-In: 09/2026 | Toggle Favorite | $2,155,000 | $1,955,000 | Elegance and Relaxation all in one. | 3 | 3.5 | 2,626",
2026-09-05,GHO Homes,Florida Treasure Coast,https://www.ghohomes.com/new-homes/florida/indian-river-county/the-island-vero-beach/seaglass,https://www.ghohomes.com/new-homes/florida/indian-river-county/the-island-vero-beach/seaglass,c02b472ed1ceef90b5,Seaglass,"9259 Seaglass Court Vero Beach, FL",,,Move-In Ready,2095000,2580000.0,,,,,Price Cut,"9259 Seaglass Court | | Sapphire | Lot: 5 | | | Move-In Ready | Toggle Favorite | $2,580,000 | $2,095,000 | Designer Decorated Model | 2 | 3 | 2,713",
2026-09-05,GHO Homes,Florida Treasure Coast,https://www.ghohomes.com/new-homes/florida/indian-river-county/the-island-vero-beach/seaglass,https://www.ghohomes.com/new-homes/florida/indian-river-county/the-island-vero-beach/seaglass,79f1af84a44f759201,Seaglass,"9241 Seaglass Court Vero Beach, FL",,,Move-In Ready,2168000,2368000.0,,,,,Price Cut,"9241 Seaglass Court | | Indigo Grande | Lot: 8 | | | Move-In Ready | Toggle Favorite | $2,368,000 | $2,168,000 | Semi-furnished Home Close to Beach | 3 | 3 | 2,720",
2026-09-05,GHO Homes,Florida Treasure Coast,https://www.ghohomes.com/new-homes/florida/indian-river-county/the-island-vero-beach/seaglass,https://www.ghohomes.com/new-homes/florida/indian-river-county/the-island-vero-beach/seaglass,08b4daf6c8b6828bc8,Seaglass,"9160 Seaglass Court Vero Beach, FL",,,Move-In Ready,2180000,2500000.0,,,,,Price Cut,"9160 Seaglass Court | | Citron | Lot: 38 | | | Move-In Ready | Toggle Favorite | $2,500,000 | $2,180,000 | Lakeside Citron | 3 | 3.5 | 2,954",
2026-09-05,GHO Homes,Florida Treasure Coast,https://www.ghohomes.com/new-homes/florida/indian-river-county/the-island-vero-beach/seaglass,https://www.ghohomes.com/new-homes/florida/indian-river-county/the-island-vero-beach/seaglass,595d37de23b306310e,Seaglass,"9126 Seaglass Court Vero Beach, FL",,,Move-In: 12/2026,2482000,,,,,,,"9126 Seaglass Court | | Indigo Grande | Lot: 33 | | | Move-In: 12/2026 | Toggle Favorite | $2,482,000 | A Perfect Place to Call Home | 3 | 3 | 2,786",
2026-09-05,GHO Homes,Florida Treasure Coast,https://www.ghohomes.com/new-homes/florida/indian-river-county/the-island-vero-beach/the-strand,https://www.ghohomes.com/new-homes/florida/indian-river-county/the-island-vero-beach/the-strand,1a195548583f6f6ce8,The Strand,"233 Strand Square Vero Beach, FL",,,Move-In: 04/2027,2380000,,,,,,,"233 Strand Square | | Bridgewater | Lot: 5 | | | Move-In: 04/2027 | Toggle Favorite | $2,380,000 | The Island is Calling | 3 | 3.5 | 3,242",
2026-09-05,GHO Homes,Florida Treasure Coast,https://www.ghohomes.com/new-homes/florida/indian-river-county/vero-beach/bent-pine-preserve,https://www.ghohomes.com/new-homes/florida/indian-river-county/vero-beach/bent-pine-preserve,9a4de8dd4e7400ff7f,Bent Pine Preserve,"9265 Seaglass Court Vero Beach, FL",,,,1985000,,,,,,,"9265 Seaglass Court | Vero Beach | , | FL | 32963 | Gated | Club | 7 | Inventory | 2 | 2 | 2,254 - 2,990 | Now Selling Westside | The Reserve at Grand Harbor | Toggle Favorite | From $1.8 Million to over $2.5 Million | 2268 Grand Harbor Reserve Sq | Vero Beach | , | FL | 32967 | Gated | Club | 4 | Inventory | 2 | 3 | 2,973 - 3,605 | NOW SELLING BEACHSIDE VERO BEACH | Central Beach | Toggle Favorite | 1 Homes from $1,985,000 | 1 | Inventory | 2 | 3 | 2,943 - 3,544 | NOW SELLING BEACHSIDE VERO BEACH | The Strand | Toggle Favorite | From $2 Million",
2026-09-05,GHO Homes,Florida Treasure Coast,https://www.ghohomes.com/new-homes/florida/indian-river-county/vero-beach/high-pointe,https://www.ghohomes.com/new-homes/florida/indian-river-county/vero-beach/high-pointe,293004a51125d1abd1,High Pointe,"4066 Tower Pointe Way Vero Beach, FL",,,Move-In Ready,593580,630580.0,,,,,Price Cut,"4066 Tower Pointe Way | | Cordella Jem | Lot: 129 | | | Move-In Ready | Toggle Favorite | $630,580 | $593,580 | Spacious, secluded homesite. Coffer ceiling in the foyer. Expansive covered patio. | 4 | 2 | 1,899",
2026-09-05,GHO Homes,Florida Treasure Coast,https://www.ghohomes.com/new-homes/florida/indian-river-county/vero-beach/high-pointe,https://www.ghohomes.com/new-homes/florida/indian-river-county/vero-beach/high-pointe,ee8fe0da032c8f7553,High Pointe,"4090 Tower Pointe Way Vero Beach, FL",,,Move-In Ready,613344,651844.0,,,,,Price Cut,"4090 Tower Pointe Way | | Cordella Grande | Lot: 130 | | | Move-In Ready | Toggle Favorite | $651,844 | $613,344 | Expansive, private lot. Gourmet tuxedo kitchen. | 3 | 3 | 2,190",
2026-09-05,GHO Homes,Florida Treasure Coast,https://www.ghohomes.com/new-homes/florida/indian-river-county/vero-beach/high-pointe,https://www.ghohomes.com/new-homes/florida/indian-river-county/vero-beach/high-pointe,24c18e0a2a0302e554,High Pointe,"6143 Overlook Terrace Vero Beach, FL",,,Move-In: 11/2026,636904,,,,,,,"6143 Overlook Terrace | | Cordella Jem | Lot: 234 | | | Move-In: 11/2026 | Toggle Favorite | $636,904 | Corner lot. Tuxedo kitchen upgrade & expansive covered patio. | 3 | 2 | 1,899",
2026-09-05,GHO Homes,Florida Treasure Coast,https://www.ghohomes.com/new-homes/florida/indian-river-county/vero-beach/high-pointe,https://www.ghohomes.com/new-homes/florida/indian-river-county/vero-beach/high-pointe,dc2c513267862f7a5a,High Pointe,"4018 Tower Pointe Way Vero Beach, FL",,,Move-In Ready,641296,679796.0,,,,,Price Cut,"4018 Tower Pointe Way | | Capistrano Grande | Lot: 127 | | | Move-In Ready | Toggle Favorite | $679,796 | $641,296 | Spacious private homesite. Stunning upgraded countertops in kitchen and egg-crate coffer ceiling in great room. | 3 | 3 | 2,361",
2026-09-05,GHO Homes,Florida Treasure Coast,https://www.ghohomes.com/new-homes/florida/indian-river-county/vero-beach/high-pointe,https://www.ghohomes.com/new-homes/florida/indian-river-county/vero-beach/high-pointe,5b6a03971291d850a8,High Pointe,"6273 Overlook Terrace Vero Beach, FL",,,Move-In: 11/2026,693677,,,,,,,"6273 Overlook Terrace | | Capistrano Grande | Lot: 222 | | | Move-In: 11/2026 | Toggle Favorite | $693,677 | Spacious corner lot. Exquisite gourmet kitchen. | 3 | 3 | 2,361",
2026-09-05,GHO Homes,Florida Treasure Coast,https://www.ghohomes.com/new-homes/florida/indian-river-county/vero-beach/lucaya-pointe,https://www.ghohomes.com/new-homes/florida/indian-river-county/vero-beach/lucaya-pointe,0df7cdf54a7b2dbabe,Lucaya Pointe,"4121 Lucaya Pointe Way Vero Beach, FL",,,Move-In Ready,799990,,,,,,,"4121 Lucaya Pointe Way | | Cypress | Lot: 3 | | | Move-In Ready | Toggle Favorite | $799,990 | Room For Your Toys & More!!!! | 3 | 2.5 | 2,241",
2026-09-05,GHO Homes,Florida Treasure Coast,https://www.ghohomes.com/new-homes/florida/indian-river-county/vero-beach/lucaya-pointe,https://www.ghohomes.com/new-homes/florida/indian-river-county/vero-beach/lucaya-pointe,7d0831b8e2ee59eea5,Lucaya Pointe,"4133 Lucaya Pointe Way Vero Beach, FL",,,Move-In Ready,845990,959081.0,,,,,Price Cut,"4133 Lucaya Pointe Way | | Dahlia 21 | Lot: 1 | | | Move-In Ready | Toggle Favorite | $959,081 | $845,990 | Courtyard Home With a Private Pool | 3 | 3 | 2,657",
2026-09-05,GHO Homes,Florida Treasure Coast,https://www.ghohomes.com/new-homes/florida/indian-river-county/vero-beach/lucaya-pointe,https://www.ghohomes.com/new-homes/florida/indian-river-county/vero-beach/lucaya-pointe,7ddfbdf62656a6342c,Lucaya Pointe,"1920 Arawak Street Vero Beach, FL",,,Move-In: 10/2026,775221,,,,,,,"1920 Arawak Street | | Seabreeze | Lot: 41 | | | Move-In: 10/2026 | Toggle Favorite | $775,221 | Refined Luxury. Ready for Fall Move-in, | 3 | 3 | 2,244",
2026-09-05,GHO Homes,Florida Treasure Coast,https://www.ghohomes.com/new-homes/florida/indian-river-county/vero-beach/ravens-landing,https://www.ghohomes.com/new-homes/florida/indian-river-county/vero-beach/ravens-landing,7f51ea1bf0ebeeed41,Raven's Landing,"692 Ravens Landing Vero Beach, FL",,,Move-In Ready,747900,767900.0,,,,,Price Cut,"692 Ravens Landing Drive | | Aberdeen | Lot: 28 | | | Move-In Ready | Toggle Favorite | $767,900 | $747,900 | Preserve Homesite with Fireplace | 3 | 2 | 2,284",
2026-09-05,GHO Homes,Florida Treasure Coast,https://www.ghohomes.com/new-homes/florida/indian-river-county/vero-beach/ravens-landing,https://www.ghohomes.com/new-homes/florida/indian-river-county/vero-beach/ravens-landing,a7482ba37779e30451,Raven's Landing,"6562 Beltran Lane Vero Beach, FL",,,Move-In: 10/2026,764900,,,,,,,"6562 Beltran Lane | | Irvine | Lot: 3 | | | Move-In: 10/2026 | Toggle Favorite | $764,900 | Best Value in Raven's Landing | 4 | 3 | 2,372",
2026-09-05,GHO Homes,Florida Treasure Coast,https://www.ghohomes.com/new-homes/florida/indian-river-county/vero-beach/ravens-landing,https://www.ghohomes.com/new-homes/florida/indian-river-county/vero-beach/ravens-landing,a2c27375c60c3def5b,Raven's Landing,"6549 Beltran Lane Vero Beach, FL",,,Move-In: 12/2026,785900,,,,,,,"6549 Beltran Lane | | Irvine | Lot: 10 | | | Move-In: 12/2026 | Toggle Favorite | $785,900 | Lakefront at Ravens Landing | 3 | 3 | 2,372",
2026-09-05,GHO Homes,Florida Treasure Coast,https://www.ghohomes.com/new-homes/florida/indian-river-county/vero-beach/ravens-landing,https://www.ghohomes.com/new-homes/florida/indian-river-county/vero-beach/ravens-landing,91028f36d735effbe2,Raven's Landing,"6574 Beltran Lane Vero Beach, FL",,,Move-In: 11/2026,868900,,,,,,,"6574 Beltran Lane | | Sterling | Lot: 5 | | | Move-In: 11/2026 | Toggle Favorite | $868,900 | Largest Floorplan in Ravens Landing | 4 | 3.5 | 2,737",
2026-09-05,GHO Homes,Florida Treasure Coast,https://www.ghohomes.com/new-homes/florida/indian-river-county/vero-beach/ravens-landing,https://www.ghohomes.com/new-homes/florida/indian-river-county/vero-beach/ravens-landing,30c2660d83b74c9493,Raven's Landing,"729 Ravens Landing Vero Beach, FL",,,Move-In: 09/2026,905900,,,,,,,"729 Ravens Landing Drive | | Irvine Grande | Lot: 12 | | | Move-In: 09/2026 | Toggle Favorite | $905,900 | Lakefront Pool Home | 3 | 3 | 2,467",
2026-09-05,GHO Homes,Florida Treasure Coast,https://www.ghohomes.com/new-homes/florida/indian-river-county/vero-beach/the-falls-at-grand-harbor,https://www.ghohomes.com/new-homes/florida/indian-river-county/vero-beach/the-falls-at-grand-harbor,c45b21becc304241c4,The Falls at Grand Harbor,"2145 Falls Circle Vero Beach, FL",,,Move-In Ready,740444,932616.0,,,,,Price Cut,"2145 Falls Circle | | Beacon Grande | Lot: 52 | | | Move-In Ready | Toggle Favorite | $932,616 | Premium Finishes and Features | 4 | 2.5 | 2,524 | 2169 Falls Manor | | Beacon | Lot: 70 | | | Move-In: 12/2026 | Toggle Favorite | $740,444 | New Beacon model with Grand Harbor Sports Membership | 3 | 2 | 1,893 | 2108 Falls Manor | | Beacon | Lot: 100 | | | Move-In: 02/2027 | Toggle Favorite | $750,685 | Luxury meets lifestyle! Beacon model includes a Grand Harbor Sports Membership with access to two championship golf courses. | 3 | 2 | 1,893 | 2147 Falls Manor | | Mirador",
2026-09-05,GHO Homes,Florida Treasure Coast,https://www.ghohomes.com/new-homes/florida/indian-river-county/vero-beach/the-reserve-at-grand-harbor,https://www.ghohomes.com/new-homes/florida/indian-river-county/vero-beach/the-reserve-at-grand-harbor,7c5653cf790bb4a5f5,The Reserve at Grand Harbor,"2263 Grand Harbor Reserve Square Vero Beach, FL",,,Move-In: 11/2026,1944000,2094000.0,,,,,Price Cut,"2263 Grand Harbor Reserve Square | | Bridgewater | Lot: 29 | | | Move-In: 11/2026 | Toggle Favorite | $2,094,000 | $1,944,000 | Exceptional Design with a Preserve View | 3 | 3.5 | 3,242",
2026-09-05,GHO Homes,Florida Treasure Coast,https://www.ghohomes.com/new-homes/florida/indian-river-county/vero-beach/the-reserve-at-grand-harbor,https://www.ghohomes.com/new-homes/florida/indian-river-county/vero-beach/the-reserve-at-grand-harbor,aaaffdb7945dece86d,The Reserve at Grand Harbor,"2267 Grand Harbor Reserve Square Vero Beach, FL",,,Move-In: 12/2026,1995000,2315000.0,,,,,Price Cut,"2267 Grand Harbor Reserve Square | | Artistry | Lot: 30 | | | Move-In: 12/2026 | Toggle Favorite | $2,195,000 | $1,995,000 | Artistry newest plan | 4 | 4 | 3,388 | 2279 Grand Harbor Reserve Sq | | Anson | Lot: 33 | | | Move-In: 12/2026 | Toggle Favorite | $2,315,000 | $2,115,000 | End of Year Move-In | 3 | 4.5 | 3,475",
2026-09-05,GHO Homes,Florida Treasure Coast,https://www.ghohomes.com/new-homes/florida/indian-river-county/vero-beach/the-reserve-at-grand-harbor,https://www.ghohomes.com/new-homes/florida/indian-river-county/vero-beach/the-reserve-at-grand-harbor,b1af20ea35b0a36029,The Reserve at Grand Harbor,"2150 Grand Harbor Reserve Square Vero Beach, FL",,,Move-In: 02/2027,2267000,,,,,,,"2150 Grand Harbor Reserve Square | | Bridgewater | Lot: 69 | | | Move-In: 02/2027 | Toggle Favorite | $2,267,000 | Bridgewater - Under Construction | 3 | 3.5 | 3,242",
2026-09-05,GHO Homes,Florida Treasure Coast,https://www.ghohomes.com/new-homes/florida/st-lucie-county/port-st-lucie/tesoro-club,https://www.ghohomes.com/new-homes/florida/st-lucie-county/port-st-lucie/tesoro-club,aa34fe36686845c455,Tesoro Club,"162 SE Rio Angelica Port St. Lucie, FL",,,Move-In: 12/2026,1719000,,,,,,,"162 SE Rio Angelica | | Renata 58 | Lot: 98 | | | Move-In: 12/2026 | Toggle Favorite | $1,719,000 | Traditional Elegance Meets Modern Luxury: Ready Late 2026 | 3 | 3.5 | 3,109",
2026-09-05,GHO Homes,Florida Treasure Coast,https://www.ghohomes.com/new-homes/florida/st-lucie-county/port-st-lucie/tesoro-club,https://www.ghohomes.com/new-homes/florida/st-lucie-county/port-st-lucie/tesoro-club,5d4f81ba142ef5d798,Tesoro Club,"109 SE Via Verona Port St. Lucie, FL",,,Move-In Ready,1688990,1848464.0,,,,,Price Cut,"109 SE Via Verona | | Madrona 58 | Lot: 24 | | | Move-In Ready | Toggle Favorite | $1,848,464 | $1,688,990 | Bright and Welcoming. Distinguished Features. | 3 | 4.5 | 3,204",
2026-09-05,GHO Homes,Florida Treasure Coast,https://www.ghohomes.com/new-homes/florida/st-lucie-county/port-st-lucie/tesoro-club,https://www.ghohomes.com/new-homes/florida/st-lucie-county/port-st-lucie/tesoro-club,d4dbf90cf63211728d,Tesoro Club,"110 SE Via Verona Port St. Lucie, FL",,,Move-In Ready,1777653,,,,,,,"110 SE Via Verona | | Alessia 58 | Move-In Ready | Toggle Favorite | $1,777,653 | Entertainers Delight with Golf View | 3 | 3.5 | 3,274",
2026-09-05,GHO Homes,Florida Treasure Coast,https://www.ghohomes.com/new-homes/florida/st-lucie-county/port-st-lucie/tesoro-club,https://www.ghohomes.com/new-homes/florida/st-lucie-county/port-st-lucie/tesoro-club,4f307df9f7c9fed86c,Tesoro Club,"170 SE Rio Angelica Port St. Lucie, FL",,,Move-In Ready,2160792,,,,,,,"170 SE Rio Angelica | | Keenan 58 | Lot: 94 | | | Move-In Ready | Toggle Favorite | $2,160,792 | Partial Furnished! Main Living, Master Suite & Lanai | 3 | 3.5 | 3,299",
2026-09-05,GHO Homes,Florida Treasure Coast,https://www.ghohomes.com/new-homes/florida/st-lucie-county/tradition/belterra,https://www.ghohomes.com/new-homes/florida/st-lucie-county/tradition/belterra,d00f918207d2a8460d,BELTERRA,"9404 SW Pinnacle Place Port St. Lucie, FL",,,Move-In Ready,789000,811597.0,,,,,Price Cut,"9404 SW Pinnacle Place North | | Laurel | Lot: 34 | | | Move-In Ready | Toggle Favorite | $811,597 | $789,000 | Panoramic outdoor living with screened pool and lake views. | 3 | 2.5 | 2,241",
2026-09-05,GHO Homes,Florida Treasure Coast,https://www.ghohomes.com/new-homes/florida/st-lucie-county/tradition/belterra,https://www.ghohomes.com/new-homes/florida/st-lucie-county/tradition/belterra,bc2ec439bad697e688,BELTERRA,"9363 SW Pinnacle Place Port St. Lucie, FL",,,Move-In: 12/2026,825564,,,,,,,"9363 SW Pinnacle Place North | | Iris Grande | Lot: 6 | | | Move-In: 12/2026 | Toggle Favorite | $825,564 | Private Pool, Private Homesite, Perfection! | 3 | 3 | 2,361",
2026-09-05,GHO Homes,Florida Treasure Coast,https://www.ghohomes.com/new-homes/florida/st-lucie-county/tradition/belterra,https://www.ghohomes.com/new-homes/florida/st-lucie-county/tradition/belterra,af7b567d08e91f229e,BELTERRA,"14261 SW Pinnacle Court Port St. Lucie, FL",,,Move-In: 02/2027,865709,,,,,,,"14261 SW Pinnacle Court | | Iris Grande | Lot: 98 | | | Move-In: 02/2027 | Toggle Favorite | $865,709 | Private Pool, Private Homesite! | 3 | 3 | 2,361",
2026-09-05,GHO Homes,Florida Treasure Coast,https://www.ghohomes.com/new-homes/florida/st-lucie-county/tradition/belterra,https://www.ghohomes.com/new-homes/florida/st-lucie-county/tradition/belterra,5427fd91959400975b,BELTERRA,"14309 SW Pinnacle Court Port St. Lucie, FL",,,Move-In: 02/2027,945209,,,,,,,"14309 SW Pinnacle Court | | Willow | Lot: 104 | | | Move-In: 02/2027 | Toggle Favorite | $945,209 | Private Pool with Cabana Bath, Private Homesite! | 3 | 3 | 2,603",
2026-09-05,GHO Homes,Florida Treasure Coast,https://www.ghohomes.com/new-homes/florida/st-lucie-county/tradition/belterra,https://www.ghohomes.com/new-homes/florida/st-lucie-county/tradition/belterra,ee58481c8954a6416a,BELTERRA,"14157 SW Pinnacle Court Port St. Lucie, FL",,,Move-In Ready,1230020,,,,,,,"14157 SW Pinnacle Court | | Callie | Lot: 85 | | | Move-In Ready | Toggle Favorite | $1,230,020 | Private Pool, Private SPA, Private Homesite! | 4 | 3.5 | 3,144",
2026-09-05,GHO Homes,Florida Treasure Coast,https://www.ghohomes.com/new-homes/florida/st-lucie-county/tradition/belterra,https://www.ghohomes.com/new-homes/florida/st-lucie-county/tradition/belterra,3a0a6cb85359bae48a,BELTERRA,"13952 SW Belterra Drive Port St. Lucie, FL",,,Move-In Ready,1270000,1310990.0,,,,,Price Cut,"13952 SW Belterra Drive | | Sage | Lot: 140 | | | Move-In Ready | Toggle Favorite | $1,310,990 | $1,270,000 | Decorated Model! Lake view with private pool & spa | 3 | 2.5 | 2,790",
2026-09-05,GHO Homes,Florida Treasure Coast,https://www.ghohomes.com/new-homes/florida/st-lucie-county/tradition/lake-park-at-tradition,https://www.ghohomes.com/new-homes/florida/st-lucie-county/tradition/lake-park-at-tradition,58ca84bcebbc1e0309,Lake Park at Tradition,"11234 SW Park Village Court Port St. Lucie, FL",,,Move-In: 09/2026,410987,496987.0,,,,,Price Cut,"11234 SW Park Village Court | | Lucida Jem | Lot: 335 | | | Move-In: 09/2026 | Toggle Favorite | $496,987 | $410,987 | Peaceful cul-de-sac location. | 3 | 2 | 1,879",
2026-09-05,GHO Homes,Florida Treasure Coast,https://www.ghohomes.com/new-homes/florida/st-lucie-county/tradition/lake-park-at-tradition,https://www.ghohomes.com/new-homes/florida/st-lucie-county/tradition/lake-park-at-tradition,3e7fe500c48fe8a6cc,Lake Park at Tradition,"12507 SW Sunrise Lake Terrace Port St. Lucie, FL",,,Move-In Ready,429950,528897.0,,,,,Price Cut,"12507 SW Sunrise Lake Terrace | | Lucida | Lot: 400 | | | Move-In Ready | Toggle Favorite | $528,897 | $429,950 | Private nature preserve view. | 2 | 2 | 2,036",
2026-09-05,GHO Homes,Florida Treasure Coast,https://www.ghohomes.com/new-homes/florida/st-lucie-county/tradition/lake-park-at-tradition,https://www.ghohomes.com/new-homes/florida/st-lucie-county/tradition/lake-park-at-tradition,7c4b75bfba3d8bc346,Lake Park at Tradition,"12501 SW Sunrise Lake Terrace Port St. Lucie, FL",,,Move-In Ready,490950,630190.0,,,,,Price Cut,"12501 SW Sunrise Lake Terrace | | Palomar | Lot: 399 | | | Move-In Ready | Toggle Favorite | $630,190 | $490,950 | Private nature preserve view. Expanded screened lanai. | 3 | 2.5 | 2,319",
2026-09-05,GHO Homes,Florida Treasure Coast,https://www.ghohomes.com/new-homes/florida/st-lucie-county/tradition/lake-park-at-tradition,https://www.ghohomes.com/new-homes/florida/st-lucie-county/tradition/lake-park-at-tradition,c1b97ac94933dbe64a,Lake Park at Tradition,"12735 SW Sunrise Lake Terrace Port St. Lucie, FL",,,Move-In Ready,495000,,,,,,,"12735 SW Sunrise Lake Terrace | | Palomar | Lot: 371 | | | Move-In Ready | Toggle Favorite | $495,000 | Furnished Designer Model Home | 2 | 2.5 | 2,278 | 12351 SW Sunriswe Lake Terr | | Palomar | Lot: 374 | | | Move-In: 12/2026 | Toggle Favorite | $530,240 | Lakefront Homesite | 3 | 2.5 | 2,278",
