snapshot_date,brand,market,source_url,url,home_key,community,address,lot,plan,status,price,prior_price,sqft,beds,baths,garage,incentive_text,raw_text,qa_flag
2026-07-31,Southgate Homes,DFW,https://southgatehomes.com/communities/eliana/,https://southgatehomes.com/communities/eliana/4616-floral-fields-way-mckinney-tx-75071/,e74f117ff026008961,Eliana,"4616 Floral Fields Way McKinney, TX 75071",Lot 1,,Quick Move-in,799900,,,3.0,,,,"Quick Move-in Homes | Choose from select Southgate homes currently under construction or available now for a quicker move-in. | Bennett | Ready September | 4616 Floral Fields Way | McKinney, TX 75071 | 60' Wide Lot | 2,958 Sq. Ft. | 1 Story | 3 Beds | 3 Car Garage | 3 & 1 Half Baths | Lot 1 | $799,900 | View Listing | Madison II | Ready October",
2026-07-31,Southgate Homes,DFW,https://southgatehomes.com/communities/eliana/,https://southgatehomes.com/communities/eliana/8729-porch-place-mckinney-tx-75071/,0178075250485bcbe0,Eliana,"8729 Porch Place McKinney, TX 75071",Lot 40,,Ready October,1099900,,,5.0,,,,"Madison II | Ready October | 8729 Porch Place | McKinney, TX 75071 | 60' Wide Lot | 4,470 Sq. Ft. | 2 Stories | 5 Beds | 3 Car Garage | 5 & 1 Half Baths | Lot 40 | $1,099,900 | View Listing | Addison III | Ready October",
2026-07-31,Southgate Homes,DFW,https://southgatehomes.com/communities/eliana/,https://southgatehomes.com/communities/eliana/4624-floral-fields-way-mckinney-tx-75071/,01f670877b783b4653,Eliana,"4624 Floral Fields Way McKinney, TX 75071",Lot 2,,Ready October,1049900,,,5.0,,,,"Addison III | Ready October | 4624 Floral Fields Way | McKinney, TX 75071 | 60' Wide Lot | 4,182 Sq. Ft. | 2 Stories | 5 Beds | 3 Car Garage | 5 & 1 Half Baths | Lot 2 | $1,049,900 | View Listing | Connor | Ready October",
2026-07-31,Southgate Homes,DFW,https://southgatehomes.com/communities/eliana/,https://southgatehomes.com/communities/eliana/4628-floral-fields-way-mckinney-tx-75071/,eee8d7952ad0ef3fb8,Eliana,"4628 Floral Fields Way McKinney, TX 75071",Lot 3,,Ready October,799900,,,3.0,,,,"Connor | Ready October | 4628 Floral Fields Way | McKinney, TX 75071 | 60' Wide Lot | 2,996 Sq. Ft. | 1 Story | 3 Beds | 3 Car Garage | 3 & 1 Half Baths | Lot 3 | $799,900 | View Listing | Stella | Ready November",
2026-07-31,Southgate Homes,DFW,https://southgatehomes.com/communities/eliana/,https://southgatehomes.com/communities/eliana/8733-porch-place-mckinney-tx-75071/,01ce276bddc39ac7f3,Eliana,"8733 Porch Place McKinney, TX 75071",Lot 39,,Ready November,1094900,,,5.0,5.0,,,"Stella | Ready November | 8733 Porch Place | McKinney, TX 75071 | 60' Wide Lot | 4,170 Sq. Ft. | 2 Stories | 5 Beds | 3 Car Garage | 5 Baths | Lot 39 | $1,094,900 | View Listing | Ashland III | Ready November",
2026-07-31,Southgate Homes,DFW,https://southgatehomes.com/communities/eliana/,https://southgatehomes.com/communities/eliana/8728-porch-place-mckinney-tx-75071/,db3c508131e6fa8c0a,Eliana,"8728 Porch Place McKinney, TX 75071",Lot 34,,Ready November,1024900,,,5.0,,,,"Ashland III | Ready November | 8728 Porch Place | McKinney, TX 75071 | 60' Wide Lot | 4,015 Sq. Ft. | 2 Stories | 5 Beds | 3 Car Garage | 5 & 1 Half Baths | Lot 34 | $1,024,900 | View Listing | Brenham III | Ready November",
2026-07-31,Southgate Homes,DFW,https://southgatehomes.com/communities/eliana/,https://southgatehomes.com/communities/eliana/4621-glowing-meadow-drive-mckinney-tx-75071/,9cb98590473c67591f,Eliana,"4621 Glowing Meadow Drive McKinney, TX 75071",Lot 16,,Ready November,1049964,,,4.0,4.0,,,"Brenham III | Ready November | 4621 Glowing Meadow Drive | McKinney, TX 75071 | 60' Wide Lot | 3,800 Sq. Ft. | 2 Stories | 4 Beds | 3 Car Garage | 4 Baths | Lot 16 | $1,049,964 | View Listing | Bennett | Ready December",
2026-07-31,Southgate Homes,DFW,https://southgatehomes.com/communities/eliana/,https://southgatehomes.com/communities/eliana/4709-glowing-meadow-drive-mckinney-tx-75071/,5482e8ae07d26cfce5,Eliana,"4709 Glowing Meadow Drive McKinney, TX 75071",Lot 9,,Ready December,868271,,,3.0,,,,"Bennett | Ready December | 4709 Glowing Meadow Drive | McKinney, TX 75071 | 60' Wide Lot | 2,928 Sq. Ft. | 1 Story | 3 Beds | 3 Car Garage | 3 & 1 Half Baths | Lot 9 | $868,271 | View Listing | Griffin V | Ready December",
2026-07-31,Southgate Homes,DFW,https://southgatehomes.com/communities/eliana/,https://southgatehomes.com/communities/eliana/8716-carnation-court-mckinney-tx-75071/,dfc2940f85a021f866,Eliana,"8716 Carnation Court McKinney, TX 75071",Lot 41,,Ready December,947284,,,4.0,4.0,,,"Griffin V | Ready December | 8716 Carnation Court | McKinney, TX 75071 | 60' Wide Lot | 3,398 Sq. Ft. | 1.5 Stories | 4 Beds | 3 Car Garage | 4 Baths | Lot 41 | $947,284 | View Listing | View All Properties",
2026-07-31,Southgate Homes,DFW,https://southgatehomes.com/community-detail/painted-tree-50-series/,https://southgatehomes.com/communities/painted-tree-50-series/4009-bentsen-street-mckinney-tx-75071/,6ff341142d99e82510,Painted Tree 50' Series,"4009 Bentsen Street McKinney, TX 75071",Lot 20,,Quick Move-in,859688,,,4.0,,,,"Quick Move-in Homes | Choose from select Southgate homes currently under construction or available now for a quicker move-in. | Justin | Ready Now | 4009 Bentsen Street | McKinney, TX 75071 | 50' Wide Lot | 3,728 Sq. Ft. | 2 Stories | 4 Beds | 3 Car Garage | 4 & 1 Half Baths | Lot 20 | $859,688 | View Listing | Justin | Ready Now",
2026-07-31,Southgate Homes,DFW,https://southgatehomes.com/community-detail/painted-tree-50-series/,https://southgatehomes.com/communities/painted-tree-50-series/3920-bentsen-street-mckinney-tx-75071/,8beb69a15cf4ccf1c6,Painted Tree 50' Series,"3920 Bentsen Street McKinney, TX 75071",Lot 31,,Ready Now,788990,,,4.0,,,,"Justin | Ready Now | 3920 Bentsen Street | McKinney, TX 75071 | 50' Wide Lot | 3,728 Sq. Ft. | 2 Stories | 4 Beds | 3 Car Garage | 4 & 1 Half Baths | Lot 31 | $788,990 | View Listing | Emerson | Ready August",
2026-07-31,Southgate Homes,DFW,https://southgatehomes.com/community-detail/painted-tree-50-series/,https://southgatehomes.com/communities/painted-tree-50-series/4013-bentsen-street-mckinney-tx-75071/,0c178b17498588fc19,Painted Tree 50' Series,"4013 Bentsen Street McKinney, TX 75071",Lot 21,,Ready August,859909,,,5.0,,,,"Emerson | Ready August | 4013 Bentsen Street | McKinney, TX 75071 | 50' Wide Lot | 3,875 Sq. Ft. | 2 Stories | 5 Beds | 2 Car Garage | 5 & 1 Half Baths | Lot 21 | $859,909 | View Listing | Emerson | Ready August",
2026-07-31,Southgate Homes,DFW,https://southgatehomes.com/community-detail/painted-tree-50-series/,https://southgatehomes.com/communities/painted-tree-50-series/4000-hibiscus-drive-mckinney-tx-75071/,012f180e07d24b2582,Painted Tree 50' Series,"4000 Hibiscus Drive McKinney, TX 75071",Lot 57,,Ready August,847500,,,5.0,,,,"Emerson | Ready August | 4000 Hibiscus Drive | McKinney, TX 75071 | 50' Wide Lot | 3,875 Sq. Ft. | 2 Stories | 5 Beds | 2 Car Garage | 5 & 1 Half Baths | Lot 57 | $847,500 | View Listing | Lakewood III | Ready September",
2026-07-31,Southgate Homes,DFW,https://southgatehomes.com/community-detail/painted-tree-50-series/,https://southgatehomes.com/communities/painted-tree-50-series/3908-bentsen-street-mckinney-tx-75071/,2dd4106a5f4bda1ba9,Painted Tree 50' Series,"3908 Bentsen Street McKinney, TX 75071",Lot 34,,Ready September,892529,,,5.0,,,,"Lakewood III | Ready September | 3908 Bentsen Street | McKinney, TX 75071 | 50' Wide Lot | 3,942 Sq. Ft. | 2 Stories | 5 Beds | 3 Car Garage | 4 & 1 Half Baths | Lot 34 | $892,529 | View Listing | View All Properties",
2026-07-31,Southgate Homes,DFW,https://southgatehomes.com/communities/prosper-ridge/,https://southgatehomes.com/communities/prosper-ridge/841-rosso-drive-prosper-tx-75078/,c5b273abf9362405f4,Prosper Ridge,"841 Rosso Drive Prosper, TX 75078",Lot 10,,Quick Move-in,999990,,,4.0,,,,"Quick Move-in Homes | Choose from select Southgate homes currently under construction or available now for a quicker move-in. | Custom | Ready Now | 841 Rosso Drive | Prosper, TX 75078 | 80' Wide Lot | 3,893 Sq. Ft. | 2 Stories | 4 Beds | 3 Car Garage | 4 & 1 Half Baths | Lot 10 | $999,990 | View Listing | Custom III | Ready Now",
2026-07-31,Southgate Homes,DFW,https://southgatehomes.com/communities/prosper-ridge/,https://southgatehomes.com/communities/prosper-ridge/2460-harpole-road-prosper-tx-75078/,0a8eaebdc70df67af2,Prosper Ridge,"2460 Harpole Road Prosper, TX 75078",Lot 32,,Ready Now,899990,,,4.0,,,,"Custom III | Ready Now | 2460 Harpole Road | Prosper, TX 75078 | 80' Wide Lot | 3,881 Sq. Ft. | 2 Stories | 4 Beds | 2 Car Garage | 4 & 1 Half Baths | Lot 32 | $899,990 | View Listing | Custom | Ready August",
2026-07-31,Southgate Homes,DFW,https://southgatehomes.com/communities/prosper-ridge/,https://southgatehomes.com/communities/prosper-ridge/2480-harpole-road-prosper-tx-75078/,511d7f8166a3c3fc19,Prosper Ridge,"2480 Harpole Road Prosper, TX 75078",Lot 31,,Ready August,929990,,,4.0,,,,"Custom | Ready August | 2480 Harpole Road | Prosper, TX 75078 | 80' Wide Lot | 3,893 Sq. Ft. | 2 Stories | 4 Beds | 3 Car Garage | 4 & 1 Half Baths | Lot 31 | $929,990 | View Listing | Custom II | Ready August",
2026-07-31,Southgate Homes,DFW,https://southgatehomes.com/communities/prosper-ridge/,https://southgatehomes.com/communities/prosper-ridge/2540-harpole-road-prosper-tx-75078/,52fc21e81c5b4a7c24,Prosper Ridge,"2540 Harpole Road Prosper, TX 75078",Lot 29,,Ready August,999990,,,5.0,,,,"Custom II | Ready August | 2540 Harpole Road | Prosper, TX 75078 | 80' Wide Lot | 4,182 Sq. Ft. | 2 Stories | 5 Beds | 3 Car Garage | 5 & 1 Half Baths | Lot 29 | $999,990 | View Listing",
2026-07-31,Southgate Homes,DFW,https://southgatehomes.com/communities/the-reserve-at-watters/,https://southgatehomes.com/communities/the-reserve-at-watters/2122-wakefield-lane-allen-tx-75013/,cf3d371e04f44932d3,The Reserve at Watters,"2122 Wakefield Lane Allen, TX 75013",Lot 51,,Quick Move-in,1197579,,,5.0,,,,"Quick Move-in Homes | Choose from select Southgate homes currently under construction or available now for a quicker move-in. | Reese II | Ready August | 2122 Wakefield Lane | Allen, TX 75013 | 65' Wide Lot | 4,315 Sq. Ft. | 2 Stories | 5 Beds | 3 Car Garage | 5 & 1 Half Baths | Lot 51 | $1,197,579 | View Listing",
2026-07-31,Southgate Homes,DFW,https://southgatehomes.com/communities/windsong-ranch-61-series/,https://southgatehomes.com/communities/windsong-ranch-61-series/4300-old-rosebud-lane-prosper-tx-75078/,a1274184546e90aaa0,Windsong Ranch 61' Series,"4300 Old Rosebud Lane Prosper, TX 75078",Lot 1,,Quick Move-in,1199000,1445000.0,,5.0,,,Price Cut | New Lower Price,"Quick Move-in Homes | Choose from select Southgate homes currently under construction or available now for a quicker move-in. | Addison II | New Lower Price | Virtual Tour | Ready Now | 4300 Old Rosebud Lane | Prosper, TX 75078 | 61' Wide Lot | 3,799 Sq. Ft. | 2 Stories | 5 Beds | 3 Car Garage | 5 & 1 Half Baths | Lot 1 | $1,199,000 | $1,445,000 | View Listing",
2026-07-31,Trophy Signature Homes,DFW,https://trophysignaturehomes.com/homes/dallas-ft-worth,https://trophysignaturehomes.com/homes/dallas-ft-worth/lavon/trails-of-lavon/1245-wolfsbane-drive,c7fd7ab3ac7097d927,Trails of Lavon,"1245 Wolfsbane Drive Lavon, TX 75166",,Ash,Available | Now,267990,,,,,,,"$267,990 | 1245 Wolfsbane Drive | Lavon, TX 75166 | 3 | Beds | 2 | Baths | 1,237 | SQ FT | Available Date: | Now | Community | Trails of Lavon | Floor Plan | Ash | View Detail | As low as | $1,826",
2026-07-31,Trophy Signature Homes,DFW,https://trophysignaturehomes.com/homes/dallas-ft-worth,https://trophysignaturehomes.com/homes/dallas-ft-worth/mckinney/southridge/506-green-gables-drive,c2682b454273f0a40b,Southridge,"506 Green Gables Drive McKinney, TX 75071",,Ash,Available | Now,265990,,,,,,,"$265,990 | 506 Green Gables Drive | McKinney, TX 75071 | 3 | Beds | 2 | Baths | 1,237 | SQ FT | Available Date: | Now | Community | Southridge | Floor Plan | Ash | View Detail | As low as | $1,848",
2026-07-31,Trophy Signature Homes,DFW,https://trophysignaturehomes.com/homes/dallas-ft-worth,https://trophysignaturehomes.com/homes/dallas-ft-worth/lavon/trails-of-lavon/857-river-lane,d9e3b7a7afd4de6aae,Trails of Lavon,"857 River Lane Lavon, TX 75166",,Ash,Available | Now,267990,,,,,,,"$267,990 | Tuesday & Thursday 12-2 and Saturday & Sunday 1-3 | Open | House | Tuesday - Saturday 11AM - 4PM | Sunday 1PM - 5PM | 857 River Lane | Lavon, TX 75166 | 3 | Beds | 2 | Baths | 1,237 | SQ FT | Available Date: | Now | Community | Trails of Lavon | Floor Plan | Ash | View Detail | As low as | $2,010",
2026-07-31,Trophy Signature Homes,DFW,https://trophysignaturehomes.com/homes/dallas-ft-worth,https://trophysignaturehomes.com/homes/dallas-ft-worth/lavon/nicholson-ranch/345-millwood-lane,66c70322d0131c4adf,Nicholson Ranch,"345 Millwood Lane Lavon, TX 75166",,Ash,Available | Now,267990,,,,,,,"$267,990 | 345 Millwood Lane | Lavon, TX 75166 | 3 | Beds | 2 | Baths | 1,237 | SQ FT | Available Date: | Now | Community | Nicholson Ranch | Floor Plan | Ash | View Detail | As low as | $1,819",
2026-07-31,Trophy Signature Homes,DFW,https://trophysignaturehomes.com/homes/dallas-ft-worth,https://trophysignaturehomes.com/homes/dallas-ft-worth/farmersville/lakehaven/4012-nasworthy-drive,912efd432b2a7a6bd0,Lakehaven,"4012 Nasworthy Drive Farmersville, TX 75442",,Birch,Est Completion | August 2026,239989,,,,,,,"$239,989 | 4012 Nasworthy Drive | Farmersville, TX 75442 | 3 | Beds | 2 | Baths | 1,335 | SQ FT | Est Completion Date: | August 2026 | Community | Lakehaven | Floor Plan | Birch | View Detail | As low as | $1,721",
2026-07-31,Trophy Signature Homes,DFW,https://trophysignaturehomes.com/homes/dallas-ft-worth,https://trophysignaturehomes.com/homes/dallas-ft-worth/princeton/lowry-trails/2714-baynes-place,bedd3b7f27cef8c7c4,Lowry Trails,"2714 Baynes Place Princeton, TX 75407",,Birch,Est Completion | August 2026,262990,,,,,,,"$262,990 | 2714 Baynes Place | Princeton, TX 75407 | 3 | Beds | 2 | Baths | 1,335 | SQ FT | Est Completion Date: | August 2026 | Community | Lowry Trails | Floor Plan | Birch | View Detail | As low as | $1,819",
2026-07-31,Trophy Signature Homes,DFW,https://trophysignaturehomes.com/homes/dallas-ft-worth,https://trophysignaturehomes.com/homes/dallas-ft-worth/farmersville/lakehaven/4200-zoe-lane,f7a4aee6f6ba8e95b0,Lakehaven,"4200 Zoe Lane Farmersville, TX 75442",,Birch,Est Completion | October 2026,239990,,,,,,,"$239,990 | 4200 Zoe Lane | Farmersville, TX 75442 | 3 | Beds | 2 | Baths | 1,335 | SQ FT | Est Completion Date: | October 2026 | Community | Lakehaven | Floor Plan | Birch | View Detail | As low as | $1,721",
2026-07-31,Trophy Signature Homes,DFW,https://trophysignaturehomes.com/homes/dallas-ft-worth,https://trophysignaturehomes.com/homes/dallas-ft-worth/princeton/lowry-trails/2707-baynes-place,6452638360f27245b7,Lowry Trails,"2707 Baynes Place Princeton, TX 75407",,Birch,Est Completion | August 2026,262990,,,,,,,"$262,990 | Open | House | Thursday 12PM - 2PM | Saturday & Sunday 1PM - 3PM | 2707 Baynes Place | Princeton, TX 75407 | 3 | Beds | 2 | Baths | 1,335 | SQ FT | Est Completion Date: | August 2026 | Community | Lowry Trails | Floor Plan | Birch | View Detail | As low as | $1,902",
2026-07-31,Trophy Signature Homes,DFW,https://trophysignaturehomes.com/homes/dallas-ft-worth,https://trophysignaturehomes.com/homes/dallas-ft-worth/mckinney/eastridge/707-knox-river-drive,d528b96bbb0b659db4,Eastridge,"707 Knox River Drive McKinney, TX 75071",,Birch,Est Completion | August 2026,277990,,,,,,,"$277,990 | Open | House | Tuesday & Thursday 12PM - 2PM | Saturday & Sunday 1PM - 3PM | 707 Knox River Drive | McKinney, TX 75071 | 3 | Beds | 2 | Baths | 1,335 | SQ FT | Est Completion Date: | August 2026 | Community | Eastridge | Floor Plan | Birch | View Detail | As low as | $1,859",
2026-07-31,Trophy Signature Homes,DFW,https://trophysignaturehomes.com/homes/dallas-ft-worth,https://trophysignaturehomes.com/homes/dallas-ft-worth/mckinney/southridge/3405-high-valley-drive,8fdd5cc7d2cb0742a4,Southridge,"3405 High Valley Drive McKinney, TX 75071",,Birch,Available | Now,270990,,,,,,,"$270,990 | 3405 High Valley Drive | McKinney, TX 75071 | 3 | Beds | 2 | Baths | 1,351 | SQ FT | Available Date: | Now | Community | Southridge | Floor Plan | Birch | View Detail | As low as | $2,186",
2026-07-31,Trophy Signature Homes,DFW,https://trophysignaturehomes.com/homes/dallas-ft-worth,https://trophysignaturehomes.com/homes/dallas-ft-worth/forney/devonshire/1331-capecastle-lane,495f7acf8354def775,Devonshire,"1331 Capecastle Lane Forney, TX 75126",,Cedar,Est Completion | September 2026,286990,,,,,,,"$286,990 | 1331 Capecastle Lane | Forney, TX 75126 | 3 | Beds | 2 | Baths | 1,503 | SQ FT | Est Completion Date: | September 2026 | Community | Devonshire | Floor Plan | Cedar | View Detail | As low as | $1,785",
2026-07-31,Trophy Signature Homes,DFW,https://trophysignaturehomes.com/homes/dallas-ft-worth,https://trophysignaturehomes.com/homes/dallas-ft-worth/princeton/lowry-trails/2710-baynes-place,3d95ce4260954904ac,Lowry Trails,"2710 Baynes Place Princeton, TX 75407",,Cedar,Available | Now,272990,,,,,,,"$272,990 | Open | House | Thursday 12PM - 2PM | Saturday & Sunday 1PM - 3PM | 2710 Baynes Place | Princeton, TX 75407 | 3 | Beds | 2 | Baths | 1,503 | SQ FT | Available Date: | Now | Community | Lowry Trails | Floor Plan | Cedar | View Detail | As low as | $1,926",
2026-07-31,Trophy Signature Homes,DFW,https://trophysignaturehomes.com/homes/dallas-ft-worth,https://trophysignaturehomes.com/homes/dallas-ft-worth/mckinney/southridge/520-green-gables-drive,1cf49a0ad4f3f02f93,Southridge,"520 Green Gables Drive McKinney, TX 75071",,Cedar,Est Completion | August 2026,280990,,,,,,,"$280,990 | 520 Green Gables Drive | McKinney, TX 75071 | 3 | Beds | 2 | Baths | 1,503 | SQ FT | Est Completion Date: | August 2026 | Community | Southridge | Floor Plan | Cedar | View Detail | As low as | $1,975",
2026-07-31,Trophy Signature Homes,DFW,https://trophysignaturehomes.com/homes/dallas-ft-worth,https://trophysignaturehomes.com/homes/dallas-ft-worth/mckinney/eastridge/802-knox-river-drive,022771921e5db9e5b3,Eastridge,"802 Knox River Drive McKinney, TX 75071",,Cedar,Est Completion | August 2026,288990,,,,,,,"$288,990 | 802 Knox River Drive | McKinney, TX 75071 | 3 | Beds | 2 | Baths | 1,503 | SQ FT | Est Completion Date: | August 2026 | Community | Eastridge | Floor Plan | Cedar | View Detail | As low as | $1,892",
2026-07-31,Trophy Signature Homes,DFW,https://trophysignaturehomes.com/homes/dallas-ft-worth,https://trophysignaturehomes.com/homes/dallas-ft-worth/farmersville/lakehaven/4111-zoe-lane,b36a0bcf97fb9419f7,Lakehaven,"4111 Zoe Lane Farmersville, TX 75442",,Cedar,Est Completion | September 2026,249990,,,,,,,"$249,990 | 4111 Zoe Lane | Farmersville, TX 75442 | 3 | Beds | 2 | Baths | 1,504 | SQ FT | Est Completion Date: | September 2026 | Community | Lakehaven | Floor Plan | Cedar | View Detail | As low as | $1,892",
2026-07-31,Trophy Signature Homes,DFW,https://trophysignaturehomes.com/homes/dallas-ft-worth,https://trophysignaturehomes.com/homes/dallas-ft-worth/farmersville/lakehaven/4202-zoe-lane,8ab536e8a61b249dfd,Lakehaven,"4202 Zoe Lane Farmersville, TX 75442",,Cedar,Est Completion | October 2026,249990,,,,,,,"$249,990 | 4202 Zoe Lane | Farmersville, TX 75442 | 3 | Beds | 2 | Baths | 1,504 | SQ FT | Est Completion Date: | October 2026 | Community | Lakehaven | Floor Plan | Cedar | View Detail | As low as | $2,276",
2026-07-31,Trophy Signature Homes,DFW,https://trophysignaturehomes.com/homes/dallas-ft-worth,https://trophysignaturehomes.com/homes/dallas-ft-worth/lavon/elevon/295-bright-alcove-court,0a96b31b14ff2c0d74,Elevon,"295 Bright Alcove Court Lavon, TX 75166",,Amber,Available | Now,316990,319990.0,,,,,Price Cut | Savings Shown,"$316,990 | $319,990 | Save: | $3,000 | Open | House | Thursday 12PM - 4PM | Saturday & Sunday 12PM - 4PM | 295 Bright Alcove Court | Lavon, TX 75166 | 3 | Beds | 2 | Baths | 1,608 | SQ FT | Available Date: | Now | Community | Elevon | Floor Plan | Amber | Elevon | View Detail | As low as | $2,065",
2026-07-31,Trophy Signature Homes,DFW,https://trophysignaturehomes.com/homes/dallas-ft-worth,https://trophysignaturehomes.com/homes/dallas-ft-worth/princeton/windmore/1120-sundog-drive,60a2daebd0df2bf043,Windmore,"1120 Sundog Drive Princeton, TX 75407",,Hadley,Est Completion | August 2026,295990,,,,,,,"$295,990 | 1120 Sundog Drive | Princeton, TX 75407 | 3 | Beds | 2 | Baths | 1,628 | SQ FT | Est Completion Date: | August 2026 | Community | Windmore | Floor Plan | Hadley | View Detail | As low as | $2,141",
2026-07-31,Trophy Signature Homes,DFW,https://trophysignaturehomes.com/homes/dallas-ft-worth,https://trophysignaturehomes.com/homes/dallas-ft-worth/dallas-ft-worth/terra-vella/816-rockcloud-drive,752d91a42dc09a3f12,Terra Vella,"816 Rockcloud Drive Fort Worth, TX 76052",,Hadley,Est Completion | August 2026,311990,,,,,,,"$311,990 | Open | House | Tuesday & Thursday 12PM - 2PM | Saturday & Sunday 1PM - 3PM | 816 Rockcloud Drive | Fort Worth, TX 76052 | 3 | Beds | 2 | Baths | 1,628 | SQ FT | Est Completion Date: | August 2026 | Community | Terra Vella | Floor Plan | Hadley | View Detail | As low as | $2,302",
2026-07-31,Trophy Signature Homes,DFW,https://trophysignaturehomes.com/homes/dallas-ft-worth,https://trophysignaturehomes.com/homes/dallas-ft-worth/gunter/sunset-ranch/3112-paisley-drive,6a7e062e69c30c8a89,Sunset Ranch,"3112 Paisley Drive Gunter, TX 75058",,Hadley,Est Completion | October 2026,299990,,,,,,,"$299,990 | 3112 Paisley Drive | Gunter, TX 75058 | 3 | Beds | 2 | Baths | 1,628 | SQ FT | Est Completion Date: | October 2026 | Community | Sunset Ranch | Floor Plan | Hadley | View Detail | As low as | $2,024",
2026-07-31,Trophy Signature Homes,DFW,https://trophysignaturehomes.com/homes/dallas-ft-worth,https://trophysignaturehomes.com/homes/dallas-ft-worth/farmersville/lakehaven/4211-waco-drive,453b9c0dca3c5ed45b,Lakehaven,"4211 Waco Drive Farmersville, TX 75442",,Hadley,Est Completion | October 2026,267990,,,,,,,"$267,990 | 4211 Waco Drive | Farmersville, TX 75442 | 3 | Beds | 2 | Baths | 1,628 | SQ FT | Est Completion Date: | October 2026 | Community | Lakehaven | Floor Plan | Hadley | View Detail | As low as | $2,171",
2026-07-31,Trophy Signature Homes,DFW,https://trophysignaturehomes.com/homes/dallas-ft-worth,https://trophysignaturehomes.com/homes/dallas-ft-worth/lavon/nicholson-ranch/376-millwood-road,3c949b3c5fd7f11d72,Nicholson Ranch,"376 Millwood Road Lavon, TX 75166",,Pecan II,Est Completion | August 2026,289990,,,,,,,"$289,990 | 376 Millwood Road | Lavon, TX 75166 | 3 | Beds | 2 | Baths | 1,657 | SQ FT | Est Completion Date: | August 2026 | Community | Nicholson Ranch | Floor Plan | Pecan II | View Detail | As low as | $1,848",
2026-07-31,Trophy Signature Homes,DFW,https://trophysignaturehomes.com/homes/dallas-ft-worth,https://trophysignaturehomes.com/homes/dallas-ft-worth/princeton/lowry-trails/2717-baynes-place,0be8f359cbe2ce3e02,Lowry Trails,"2717 Baynes Place Princeton, TX 75407",,Pecan II,Est Completion | August 2026,282990,,,,,,,"$282,990 | 2717 Baynes Place | Princeton, TX 75407 | 3 | Beds | 2 | Baths | 1,657 | SQ FT | Est Completion Date: | August 2026 | Community | Lowry Trails | Floor Plan | Pecan II | View Detail | As low as | $2,162",
2026-07-31,Trophy Signature Homes,DFW,https://trophysignaturehomes.com/homes/dallas-ft-worth,https://trophysignaturehomes.com/homes/dallas-ft-worth/aubrey/belmont/8357-kingfisher-road,dda6224173a5870f7a,Belmont,"8357 Kingfisher Road Aubrey, TX 76227",,Pecan II,Est Completion | August 2026,294990,,,,,,,"$294,990 | 8357 Kingfisher Road | Aubrey, TX 76227 | 3 | Beds | 2 | Baths | 1,657 | SQ FT | Est Completion Date: | August 2026 | Community | Belmont | Floor Plan | Pecan II | View Detail | As low as | $2,162",
2026-07-31,Trophy Signature Homes,DFW,https://trophysignaturehomes.com/homes/dallas-ft-worth,https://trophysignaturehomes.com/homes/dallas-ft-worth/aubrey/belmont/8352-kingfisher-road,3a990a6e9e35932c6e,Belmont,"8352 Kingfisher Road Aubrey, TX 76227",,Pecan II,Est Completion | August 2026,294990,,,,,,,"$294,990 | 8352 Kingfisher Road | Aubrey, TX 76227 | 3 | Beds | 2 | Baths | 1,657 | SQ FT | Est Completion Date: | August 2026 | Community | Belmont | Floor Plan | Pecan II | View Detail | As low as | $2,071",
2026-07-31,Trophy Signature Homes,DFW,https://trophysignaturehomes.com/homes/dallas-ft-worth,https://trophysignaturehomes.com/homes/dallas-ft-worth/mckinney/eastridge/709-knox-river-drive,93e7a7c1659e2f2585,Eastridge,"709 Knox River Drive McKinney, TX 75071",,Pecan II,Est Completion | August 2026,303490,,,,,,,"$303,490 | 709 Knox River Drive | McKinney, TX 75071 | 3 | Beds | 2 | Baths | 1,657 | SQ FT | Est Completion Date: | August 2026 | Community | Eastridge | Floor Plan | Pecan II | View Detail | As low as | $2,147",
2026-07-31,Trophy Signature Homes,DFW,https://trophysignaturehomes.com/homes/dallas-ft-worth,https://trophysignaturehomes.com/homes/dallas-ft-worth/aubrey/belmont/8336-coastal-lane,c857120606cdfa8c21,Belmont,"8336 Coastal Lane Aubrey, TX 76227",,Pecan II,Available | Now,292990,314990.0,,,,,Price Cut | Savings Shown,"$292,990 | $314,990 | Save: | $22,000 | Open | House | Tuesday 12PM - 2PM | Saturday & Sunday 1PM - 3PM | 8336 Coastal Lane | Aubrey, TX 76227 | 3 | Beds | 2 | Baths | 1,659 | SQ FT | Available Date: | Now | Community | Belmont | Floor Plan | Pecan II | View Detail | As low as | $2,112",
2026-07-31,Trophy Signature Homes,DFW,https://trophysignaturehomes.com/homes/dallas-ft-worth,https://trophysignaturehomes.com/homes/dallas-ft-worth/aubrey/belmont/8208-coastal-lane,d7ab6ad08790455d9c,Belmont,"8208 Coastal Lane Aubrey, TX 76227",,Pecan II,Available | Now,287990,324990.0,,,,,Price Cut | Savings Shown,"$287,990 | $324,990 | Save: | $37,000 | Open | House | Tuesday 12PM - 2PM | Saturday & Sunday 1PM - 3PM | 8208 Coastal Lane | Aubrey, TX 76227 | 3 | Beds | 2 | Baths | 1,662 | SQ FT | Available Date: | Now | Community | Belmont | Floor Plan | Pecan II | View Detail | As low as | $2,171",
2026-07-31,Trophy Signature Homes,DFW,https://trophysignaturehomes.com/homes/dallas-ft-worth,https://trophysignaturehomes.com/homes/dallas-ft-worth/lavon/nicholson-ranch/361-millwood-road,16129aa3b0549c6d5d,Nicholson Ranch,"361 Millwood Road Lavon, TX 75166",,Pecan II,Available | Now,289990,,,,,,,"$289,990 | 361 Millwood Road | Lavon, TX 75166 | 3 | Beds | 2 | Baths | 1,662 | SQ FT | Available Date: | Now | Community | Nicholson Ranch | Floor Plan | Pecan II | View Detail | As low as | $1,973",
2026-07-31,Trophy Signature Homes,DFW,https://trophysignaturehomes.com/homes/dallas-ft-worth,https://trophysignaturehomes.com/homes/dallas-ft-worth/mckinney/southridge/518-green-gables-drive,56597dfb41f2837300,Southridge,"518 Green Gables Drive McKinney, TX 75071",,Pecan II,Est Completion | August 2026,287990,,,,,,,"$287,990 | 518 Green Gables Drive | McKinney, TX 75071 | 3 | Beds | 2 | Baths | 1,662 | SQ FT | Est Completion Date: | August 2026 | Community | Southridge | Floor Plan | Pecan II | View Detail | As low as | $2,127",
2026-07-31,Trophy Signature Homes,DFW,https://trophysignaturehomes.com/homes/dallas-ft-worth,https://trophysignaturehomes.com/homes/dallas-ft-worth/mckinney/eastridge/715-knox-river-drive,341b96272984f0e7de,Eastridge,"715 Knox River Drive McKinney, TX 75071",,Cypress,Available | Now,311990,,,,,,Savings Shown,"$311,990 | 318990 | Save: | $7,000 | Open | House | Tuesday & Thursday 12PM - 2PM | Saturday & Sunday 1PM - 3PM | 715 Knox River Drive | McKinney, TX 75071 | 4 | Beds | 3 | Baths | 1,703 | SQ FT | Available Date: | Now | Community | Eastridge | Floor Plan | Cypress | View Detail | As low as | $1,924",
2026-07-31,Trophy Signature Homes,DFW,https://trophysignaturehomes.com/homes/dallas-ft-worth,https://trophysignaturehomes.com/homes/dallas-ft-worth/princeton/lowry-trails/2712-baynes-place,f5a9dfde5b6ba78043,Lowry Trails,"2712 Baynes Place Princeton, TX 75407",,Cypress,Available | Now,294990,,,,,,,"$294,990 | Open | House | Thursday 12PM - 2PM | Saturday & Sunday 1PM - 3PM | 2712 Baynes Place | Princeton, TX 75407 | 4 | Beds | 3 | Baths | 1,703 | SQ FT | Available Date: | Now | Community | Lowry Trails | Floor Plan | Cypress | View Detail | As low as | $2,280",
2026-07-31,Trophy Signature Homes,DFW,https://trophysignaturehomes.com/homes/dallas-ft-worth,https://trophysignaturehomes.com/homes/dallas-ft-worth/lavon/nicholson-ranch/123-longhorn-lane,efcf2cc6a0e6f1ffa9,Nicholson Ranch,"123 Longhorn Lane Lavon, TX 75166",,Cypress,Est Completion | September 2026,304990,,,,,,,"$304,990 | 123 Longhorn Lane | Lavon, TX 75166 | 4 | Beds | 3 | Baths | 1,703 | SQ FT | Est Completion Date: | September 2026 | Community | Nicholson Ranch | Floor Plan | Cypress | View Detail | As low as | $2,230",
2026-07-31,Trophy Signature Homes,DFW,https://trophysignaturehomes.com/homes/dallas-ft-worth,https://trophysignaturehomes.com/homes/dallas-ft-worth/seagoville/stonehaven/1942-paddock-lane,55bcaead3747a88b28,Stonehaven,"1942 Paddock Lane Seagoville, TX 75159",,Turquoise,Est Completion | October 2026,311990,,,,,,,"$311,990 | 1942 Paddock Lane | Seagoville, TX 75159 | 3 | Beds | 2 | Baths | 1,768 | SQ FT | Est Completion Date: | October 2026 | Community | Stonehaven | Floor Plan | Turquoise | Stonehaven | View Detail | As low as | $2,363",
2026-07-31,Trophy Signature Homes,DFW,https://trophysignaturehomes.com/homes/dallas-ft-worth,https://trophysignaturehomes.com/homes/dallas-ft-worth/lavon/elevon/908-lost-holly-lane,945d00987363422c6e,Elevon,"908 Lost Holly Lane Lavon, TX 75166",,Turquoise,Available | Now,329990,,,,,,,"$329,990 | 908 Lost Holly Lane | Lavon, TX 75166 | 3 | Beds | 2 | Baths | 1,790 | SQ FT | Available Date: | Now | Community | Elevon | Floor Plan | Turquoise | Elevon | View Detail | As low as | $2,352",
2026-07-31,Trophy Signature Homes,DFW,https://trophysignaturehomes.com/homes/dallas-ft-worth,https://trophysignaturehomes.com/homes/dallas-ft-worth/forney/devonshire/1884-balfour-bend,5e41e9f171487f3217,Devonshire,"1884 Balfour Bend Forney, TX 75126",,Harper,Available | Now,309490,,,,,,Savings Shown,"$309,490 | 314490 | Save: | $5,000 | Open | House | Tuesday & Thursday 12PM - 4PM | Saturday & Sunday 12PM - 4PM | 1884 Balfour Bend | Forney, TX 75126 | 4 | Beds | 2 | Baths | 1,791 | SQ FT | Available Date: | Now | Community | Devonshire | Floor Plan | Harper | View Detail | As low as | $2,097",
2026-07-31,Trophy Signature Homes,DFW,https://trophysignaturehomes.com/homes/dallas-ft-worth,https://trophysignaturehomes.com/homes/dallas-ft-worth/farmersville/lakehaven/4105-fork-drive,5e0b90645354c68193,Lakehaven,"4105 Fork Drive Farmersville, TX 75442",,Harper,Est Completion | October 2026,277990,,,,,,,"$277,990 | 4105 Fork Drive | Farmersville, TX 75442 | 4 | Beds | 2 | Baths | 1,791 | SQ FT | Est Completion Date: | October 2026 | Community | Lakehaven | Floor Plan | Harper | View Detail | As low as | $2,132",
2026-07-31,Trophy Signature Homes,DFW,https://trophysignaturehomes.com/homes/dallas-ft-worth,https://trophysignaturehomes.com/homes/dallas-ft-worth/princeton/windmore/2301-warm-glow-way,7893128b42639b9f72,Windmore,"2301 Warm Glow Way Princeton, TX 75407",,Harper,Est Completion | September 2026,305990,,,,,,,"$305,990 | 2301 Warm Glow Way | Princeton, TX 75407 | 4 | Beds | 2 | Baths | 1,791 | SQ FT | Est Completion Date: | September 2026 | Community | Windmore | Floor Plan | Harper | View Detail | As low as | $2,139",
2026-07-31,Trophy Signature Homes,DFW,https://trophysignaturehomes.com/homes/dallas-ft-worth,https://trophysignaturehomes.com/homes/dallas-ft-worth/mckinney/southridge/119-fairlawn-drive,3ea25e1b2da302ab2d,Southridge,"119 Fairlawn Drive McKinney, TX 75071",,Emmy II,Est Completion | August 2026,312990,,,,,,Savings Shown,"$312,990 | 314990 | Save: | $2,000 | 119 Fairlawn Drive | McKinney, TX 75071 | 4 | Beds | 2 | Baths | 1,800 | SQ FT | Est Completion Date: | August 2026 | Community | Southridge | Floor Plan | Emmy II | View Detail | As low as | $2,299",
2026-07-31,Trophy Signature Homes,DFW,https://trophysignaturehomes.com/homes/dallas-ft-worth,https://trophysignaturehomes.com/homes/dallas-ft-worth/haslet/madero/1424-companero-street,2180dda5faf2e9c4ae,Madero,"1424 Companero Street Haslet, TX 76052",,Emmy II,Available | Now,329990,,,,,,,"$329,990 | 1424 Companero Street | Haslet, TX 76052 | 4 | Beds | 2 | Baths | 1,800 | SQ FT | Available Date: | Now | Community | Madero | Floor Plan | Emmy II | View Detail | As low as | $2,525",
2026-07-31,Trophy Signature Homes,DFW,https://trophysignaturehomes.com/homes/dallas-ft-worth,https://trophysignaturehomes.com/homes/dallas-ft-worth/gunter/sunset-ranch/2110-rowan-drive,1693e40679dfc9ab56,Sunset Ranch,"2110 Rowan Drive Gunter, TX 75058",,Emmy II,Available | Now,329990,339990.0,,,,,Price Cut | Savings Shown,"$329,990 | $339,990 | Save: | $10,000 | 2110 Rowan Drive | Gunter, TX 75058 | 4 | Beds | 2 | Baths | 1,800 | SQ FT | Available Date: | Now | Community | Sunset Ranch | Floor Plan | Emmy II | View Detail | As low as | $2,382",
2026-07-31,Trophy Signature Homes,DFW,https://trophysignaturehomes.com/homes/dallas-ft-worth,https://trophysignaturehomes.com/homes/dallas-ft-worth/forney/devonshire/1868-balfour-bend,5a6afe980345e65e50,Devonshire,"1868 Balfour Bend Forney, TX 75126",,Emmy II,Available | Now,313490,,,,,,Savings Shown,"$313,490 | 316490 | Save: | $3,000 | 1868 Balfour Bend | Forney, TX 75126 | 4 | Beds | 2 | Baths | 1,800 | SQ FT | Available Date: | Now | Community | Devonshire | Floor Plan | Emmy II | View Detail | As low as | $2,363",
2026-07-31,Trophy Signature Homes,DFW,https://trophysignaturehomes.com/homes/dallas-ft-worth,https://trophysignaturehomes.com/homes/dallas-ft-worth/lavon/elevon/285-hope-orchards-drive,7b2c24456e86296feb,Elevon,"285 Hope Orchards Drive Lavon, TX 75166",,Emmy II,Est Completion | August 2026,329990,,,,,,,"$329,990 | 285 Hope Orchards Drive | Lavon, TX 75166 | 4 | Beds | 2 | Baths | 1,800 | SQ FT | Est Completion Date: | August 2026 | Community | Elevon | Floor Plan | Emmy II | CP | View Detail | As low as | $2,259",
2026-07-31,Trophy Signature Homes,DFW,https://trophysignaturehomes.com/homes/dallas-ft-worth,https://trophysignaturehomes.com/homes/dallas-ft-worth/mckinney/eastridge/811-poppleton-drive,97ecad45b7f1637eb6,Eastridge,"811 Poppleton Drive McKinney, TX 75071",,Emmy II,Est Completion | September 2026,331990,,,,,,,"$331,990 | 811 Poppleton Drive | McKinney, TX 75071 | 4 | Beds | 2 | Baths | 1,800 | SQ FT | Est Completion Date: | September 2026 | Community | Eastridge | Floor Plan | Emmy II | View Detail | As low as | $2,139",
2026-07-31,Trophy Signature Homes,DFW,https://trophysignaturehomes.com/homes/dallas-ft-worth,https://trophysignaturehomes.com/homes/dallas-ft-worth/mckinney/southridge/204-whitlow-drive,38b1f1979832691979,Southridge,"204 Whitlow Drive McKinney, TX 75071",,Emmy II,Est Completion | August 2026,312990,,,,,,Savings Shown,"$312,990 | 314990 | Save: | $2,000 | 204 Whitlow Drive | McKinney, TX 75071 | 4 | Beds | 2 | Baths | 1,800 | SQ FT | Est Completion Date: | August 2026 | Community | Southridge | Floor Plan | Emmy II | View Detail | As low as | $2,525",
2026-07-31,Trophy Signature Homes,DFW,https://trophysignaturehomes.com/homes/dallas-ft-worth,https://trophysignaturehomes.com/homes/dallas-ft-worth/gunter/sunset-ranch/3204-azalea-lane,1f3016613358825284,Sunset Ranch,"3204 Azalea Lane Gunter, TX 75058",,Emmy II,Est Completion | August 2026,329990,,,,,,,"$329,990 | Open | House | Tuesday & Thursday 12PM - 2PM | Saturday & Sunday 1PM - 3PM | 3204 Azalea Lane | Gunter, TX 75058 | 4 | Beds | 2 | Baths | 1,800 | SQ FT | Est Completion Date: | August 2026 | Community | Sunset Ranch | Floor Plan | Emmy II | View Detail | As low as | $2,440",
2026-07-31,Trophy Signature Homes,DFW,https://trophysignaturehomes.com/homes/dallas-ft-worth,https://trophysignaturehomes.com/homes/dallas-ft-worth/crowley/tesoro-at-chisholm-trail-ranch/6648-valley-lake-lane,2332988f929eb86b31,Tesoro at Chisholm Trail Ranch,"6648 Valley Lake Lane Crowley, TX 76123",,Emmy II,Est Completion | August 2026,332990,,,,,,,"$332,990 | 6648 Valley Lake Lane | Crowley, TX 76123 | 4 | Beds | 2 | Baths | 1,800 | SQ FT | Est Completion Date: | August 2026 | Community | Tesoro at Chisholm Trail Ranch | Floor Plan | Emmy II | CP | View Detail | As low as | $2,208",
2026-07-31,Trophy Signature Homes,DFW,https://trophysignaturehomes.com/homes/dallas-ft-worth,https://trophysignaturehomes.com/homes/dallas-ft-worth/dallas-ft-worth/terra-vella/849-rockcloud-drive,6f2086243771ac5892,Terra Vella,"849 Rockcloud Drive Fort Worth, TX 76052",,Harper,Est Completion | August 2026,321990,,,,,,,"$321,990 | 849 Rockcloud Drive | Fort Worth, TX 76052 | 4 | Beds | 2 | Baths | 1,809 | SQ FT | Est Completion Date: | August 2026 | Community | Terra Vella | Floor Plan | Harper | View Detail | As low as | $2,119",
2026-07-31,Trophy Signature Homes,DFW,https://trophysignaturehomes.com/homes/dallas-ft-worth,https://trophysignaturehomes.com/homes/dallas-ft-worth/seagoville/stonehaven/2011-homestretch-drive,f8259630a79eb9f341,Stonehaven,"2011 Homestretch Drive Seagoville, TX 75159",,Harper,Est Completion | October 2026,295990,,,,,,,"$295,990 | 2011 Homestretch Drive | Seagoville, TX 75159 | 4 | Beds | 2 | Baths | 1,809 | SQ FT | Est Completion Date: | October 2026 | Community | Stonehaven | Floor Plan | Harper | View Detail | As low as | $2,791",
2026-07-31,Trophy Signature Homes,DFW,https://trophysignaturehomes.com/homes/dallas-ft-worth,https://trophysignaturehomes.com/homes/dallas-ft-worth/aledo/morningstar/753-lyft-lane,4dcd57f011d3bdd0e3,Morningstar,"753 Lyft Lane Aledo, TX 76008",,Emmy II,Available | Now,364990,378490.0,,,,,Price Cut | Savings Shown,"$364,990 | $378,490 | Save: | $13,500 | Open | House | Thursday 12PM - 2PM | Saturday & Sunday 1PM - 3PM | 753 Lyft Lane | Aledo, TX 76008 | 4 | Beds | 2 | Baths | 1,818 | SQ FT | Available Date: | Now | Community | Morningstar | Floor Plan | Emmy II | View Detail | As low as | $2,873",
2026-07-31,Trophy Signature Homes,DFW,https://trophysignaturehomes.com/homes/dallas-ft-worth,https://trophysignaturehomes.com/homes/dallas-ft-worth/aledo/morningstar/732-brightstar-drive,db6596e5adace9bc35,Morningstar,"732 Brightstar Drive Aledo, TX 76008",,Emmy II,Available | Now,375990,,,,,,,"$375,990 | 732 Brightstar Drive | Aledo, TX 76008 | 4 | Beds | 2 | Baths | 1,818 | SQ FT | Available Date: | Now | Community | Morningstar | Floor Plan | Emmy II | View Detail | As low as | $2,419",
2026-07-31,Trophy Signature Homes,DFW,https://trophysignaturehomes.com/homes/dallas-ft-worth,https://trophysignaturehomes.com/homes/dallas-ft-worth/crowley/tesoro-at-chisholm-trail-ranch/6664-coyote-valley-trail,c9b7e9b3500d070a42,Tesoro at Chisholm Trail Ranch,"6664 Coyote Valley Trail Crowley, TX 76036",,Emmy II,Available | Now,329990,,,,,,Savings Shown,"$329,990 | 332990 | Save: | $3,000 | 6664 Coyote Valley Trail | Crowley, TX 76036 | 4 | Beds | 2 | Baths | 1,818 | SQ FT | Available Date: | Now | Community | Tesoro at Chisholm Trail Ranch | Floor Plan | Emmy II | CP | View Detail | As low as | $2,383",
2026-07-31,Trophy Signature Homes,DFW,https://trophysignaturehomes.com/homes/dallas-ft-worth,https://trophysignaturehomes.com/homes/dallas-ft-worth/lavon/elevon/233-bright-alcove-court,4cc633541acf41f762,Elevon,"233 Bright Alcove Court Lavon, TX 75166",,Emmy II,Available | Now,332990,,,,,,,"$332,990 | 233 Bright Alcove Court | Lavon, TX 75166 | 4 | Beds | 2 | Baths | 1,818 | SQ FT | Available Date: | Now | Community | Elevon | Floor Plan | Emmy II | CP | View Detail | As low as | $2,276",
2026-07-31,Trophy Signature Homes,DFW,https://trophysignaturehomes.com/homes/dallas-ft-worth,https://trophysignaturehomes.com/homes/dallas-ft-worth/lavon/elevon/280-bright-alcove-court,2024d16907eb4748dc,Elevon,"280 Bright Alcove Court Lavon, TX 75166",,Quartz,Available | Now,316990,,,,,,Savings Shown,"$316,990 | 336990 | Save: | $20,000 | 280 Bright Alcove Court | Lavon, TX 75166 | 4 | Beds | 2 | Baths | 1,866 | SQ FT | Available Date: | Now | Community | Elevon | Floor Plan | Quartz | Elevon | View Detail | As low as | $2,490",
2026-07-31,Trophy Signature Homes,DFW,https://trophysignaturehomes.com/homes/dallas-ft-worth,https://trophysignaturehomes.com/homes/dallas-ft-worth/lavon/elevon/299-bright-alcove-court,7ca1dee312d0379087,Elevon,"299 Bright Alcove Court Lavon, TX 75166",,Quartz,Available | Now,348990,,,,,,Savings Shown,"$348,990 | 351990 | Save: | $3,000 | Open | House | Thursday 12PM - 4PM | Saturday & Sunday 12PM - 4PM | 299 Bright Alcove Court | Lavon, TX 75166 | 4 | Beds | 2 | Baths | 1,866 | SQ FT | Available Date: | Now | Community | Elevon | Floor Plan | Quartz | Elevon | View Detail | As low as | $2,319",
2026-07-31,Trophy Signature Homes,DFW,https://trophysignaturehomes.com/homes/dallas-ft-worth,https://trophysignaturehomes.com/homes/dallas-ft-worth/forney/devonshire/1326-capecastle-lane,5a3d4079da0dfa6d92,Devonshire,"1326 Capecastle Lane Forney, TX 75126",,Quartz,Est Completion | August 2026,304990,,,,,,,"$304,990 | 1326 Capecastle Lane | Forney, TX 75126 | 4 | Beds | 2 | Baths | 1,866 | SQ FT | Est Completion Date: | August 2026 | Community | Devonshire | Floor Plan | Quartz | Devonshire | View Detail | As low as | $2,334",
2026-07-31,Trophy Signature Homes,DFW,https://trophysignaturehomes.com/homes/dallas-ft-worth,https://trophysignaturehomes.com/homes/dallas-ft-worth/forney/devonshire/1329-capecastle-lane,c75e545d6a4080c6d7,Devonshire,"1329 Capecastle Lane Forney, TX 75126",,Quartz,Est Completion | August 2026,306990,,,,,,,"$306,990 | 1329 Capecastle Lane | Forney, TX 75126 | 4 | Beds | 2 | Baths | 1,866 | SQ FT | Est Completion Date: | August 2026 | Community | Devonshire | Floor Plan | Quartz | Devonshire | View Detail | As low as | $2,530",
2026-07-31,Trophy Signature Homes,DFW,https://trophysignaturehomes.com/homes/dallas-ft-worth,https://trophysignaturehomes.com/homes/dallas-ft-worth/lavon/elevon/293-hope-orchards-drive,2e5affadf9d60d4fd9,Elevon,"293 Hope Orchards Drive Lavon, TX 75166",,Diamond,Available | Now,354990,,,,,,,"$354,990 | 293 Hope Orchards Drive | Lavon, TX 75166 | 3 | Beds | 2 | Baths | 1,889 | SQ FT | Available Date: | Now | Community | Elevon | Floor Plan | Diamond | Elevon | View Detail | As low as | $2,371",
2026-07-31,Trophy Signature Homes,DFW,https://trophysignaturehomes.com/homes/dallas-ft-worth,https://trophysignaturehomes.com/homes/dallas-ft-worth/forney/devonshire/1327-capecastle-lane,65afa06d5d046910d1,Devonshire,"1327 Capecastle Lane Forney, TX 75126",,Diamond,Est Completion | September 2026,311990,,,,,,,"$311,990 | 1327 Capecastle Lane | Forney, TX 75126 | 3 | Beds | 2 | Baths | 1,889 | SQ FT | Est Completion Date: | September 2026 | Community | Devonshire | Floor Plan | Diamond | Devonshire | View Detail | As low as | $2,356",
2026-07-31,Trophy Signature Homes,DFW,https://trophysignaturehomes.com/homes/dallas-ft-worth,https://trophysignaturehomes.com/homes/dallas-ft-worth/forney/devonshire/1334-capecastle-lane,391472d0d2806fa620,Devonshire,"1334 Capecastle Lane Forney, TX 75126",,Diamond,Est Completion | October 2026,309990,,,,,,,"$309,990 | 1334 Capecastle Lane | Forney, TX 75126 | 3 | Beds | 2 | Baths | 1,909 | SQ FT | Est Completion Date: | October 2026 | Community | Devonshire | Floor Plan | Diamond | Devonshire | View Detail | As low as | $2,396",
2026-07-31,Trophy Signature Homes,DFW,https://trophysignaturehomes.com/homes/dallas-ft-worth,https://trophysignaturehomes.com/homes/dallas-ft-worth/aubrey/belmont/7620-kingfisher-road,4b17b3068bfa0e0229,Belmont,"7620 Kingfisher Road Aubrey, TX 76227",,Harrison,Available | Now,327990,364990.0,,,,,Price Cut | Savings Shown,"$327,990 | $364,990 | Save: | $37,000 | Open | House | Tuesday 12PM - 2PM | Saturday & Sunday 1PM - 3PM | 7620 Kingfisher Road | Aubrey, TX 76227 | 3 | Beds | 2 | Baths | 1,965 | SQ FT | Available Date: | Now | Community | Belmont | Floor Plan | Harrison | View Detail | As low as | $2,446",
2026-07-31,Trophy Signature Homes,DFW,https://trophysignaturehomes.com/homes/dallas-ft-worth,https://trophysignaturehomes.com/homes/dallas-ft-worth/aubrey/belmont/2225-magenta-lane,a4a3f778c1b8e33c0c,Belmont,"2225 Magenta Lane Aubrey, TX 76227",,Harrison,Available | Now,334990,356990.0,,,,,Price Cut | Savings Shown,"$334,990 | $356,990 | Save: | $22,000 | 2225 Magenta Lane | Aubrey, TX 76227 | 3 | Beds | 2 | Baths | 1,965 | SQ FT | Available Date: | Now | Community | Belmont | Floor Plan | Harrison | View Detail | As low as | $2,432",
2026-07-31,Trophy Signature Homes,DFW,https://trophysignaturehomes.com/homes/dallas-ft-worth,https://trophysignaturehomes.com/homes/dallas-ft-worth/aubrey/belmont/7720-kingfisher-road,d41b833ce80acc0d7c,Belmont,"7720 Kingfisher Road Aubrey, TX 76227",,Harrison,Est Completion | August 2026,332990,,,,,,,"$332,990 | 7720 Kingfisher Road | Aubrey, TX 76227 | 3 | Beds | 2 | Baths | 1,965 | SQ FT | Est Completion Date: | August 2026 | Community | Belmont | Floor Plan | Harrison | View Detail | As low as | $2,206",
2026-07-31,Trophy Signature Homes,DFW,https://trophysignaturehomes.com/homes/dallas-ft-worth,https://trophysignaturehomes.com/homes/dallas-ft-worth/mckinney/southridge/201-fairlawn-drive,218eaa8a34e571ded3,Southridge,"201 Fairlawn Drive McKinney, TX 75071",,Heisman,Available | Now,322990,,,,,,Savings Shown,"$322,990 | 322990 | Save: | $0 | 201 Fairlawn Drive | McKinney, TX 75071 | 3 | Beds | 2 | Baths | 1,975 | SQ FT | Available Date: | Now | Community | Southridge | Floor Plan | Heisman | View Detail | As low as | $2,459",
2026-07-31,Trophy Signature Homes,DFW,https://trophysignaturehomes.com/homes/dallas-ft-worth,https://trophysignaturehomes.com/homes/dallas-ft-worth/forney/devonshire/1870-balfour-bend,c39f9176937a3f8498,Devonshire,"1870 Balfour Bend Forney, TX 75126",,Heisman,Available | Now,323990,,,,,,Savings Shown,"$323,990 | 326490 | Save: | $2,500 | 1870 Balfour Bend | Forney, TX 75126 | 3 | Beds | 2 | Baths | 1,975 | SQ FT | Available Date: | Now | Community | Devonshire | Floor Plan | Heisman | View Detail | As low as | $2,156",
2026-07-31,Trophy Signature Homes,DFW,https://trophysignaturehomes.com/homes/dallas-ft-worth,https://trophysignaturehomes.com/homes/dallas-ft-worth/farmersville/lakehaven/3917-somerville-drive,7c62849e51fa48555c,Lakehaven,"3917 Somerville Drive Farmersville, TX 75442",,Harrison,Available | Now,285990,,,,,,Savings Shown,"$285,990 | 290990 | Save: | $5,000 | 3917 Somerville Drive | Farmersville, TX 75442 | 3 | Beds | 2 | Baths | 1,975 | SQ FT | Available Date: | Now | Community | Lakehaven | Floor Plan | Harrison | View Detail | As low as | $2,229",
2026-07-31,Trophy Signature Homes,DFW,https://trophysignaturehomes.com/homes/dallas-ft-worth,https://trophysignaturehomes.com/homes/dallas-ft-worth/lavon/trails-of-lavon/769-sierra-ridge,f6c7a50086fda3e635,Trails of Lavon,"769 Sierra Ridge Lavon, TX 75166",,Harrison,Available | Now,324990,,,,,,,"$324,990 | 769 Sierra Ridge | Lavon, TX 75166 | 3 | Beds | 2 | Baths | 1,975 | SQ FT | Available Date: | Now | Community | Trails of Lavon | Floor Plan | Harrison | View Detail | As low as | $2,192",
2026-07-31,Trophy Signature Homes,DFW,https://trophysignaturehomes.com/homes/dallas-ft-worth,https://trophysignaturehomes.com/homes/dallas-ft-worth/farmersville/lakehaven/4004-somerville-drive,439e67a25f583e4bd2,Lakehaven,"4004 Somerville Drive Farmersville, TX 75442",,Harrison,Available | Now,290990,,,,,,,"$290,990 | 4004 Somerville Drive | Farmersville, TX 75442 | 3 | Beds | 2 | Baths | 1,975 | SQ FT | Available Date: | Now | Community | Lakehaven | Floor Plan | Harrison | View Detail | As low as | $2,478",
2026-07-31,Trophy Signature Homes,DFW,https://trophysignaturehomes.com/homes/dallas-ft-worth,https://trophysignaturehomes.com/homes/dallas-ft-worth/forney/devonshire/1864-balfour-bend,2a8dd9d552895262a5,Devonshire,"1864 Balfour Bend Forney, TX 75126",,Heisman,Est Completion | August 2026,326490,,,,,,,"$326,490 | Open | House | Tuesday & Thursday 12PM - 4PM | Saturday & Sunday 12PM - 4PM | 1864 Balfour Bend | Forney, TX 75126 | 3 | Beds | 2 | Baths | 1,975 | SQ FT | Est Completion Date: | August 2026 | Community | Devonshire | Floor Plan | Heisman | View Detail | As low as | $2,230",
2026-07-31,Trophy Signature Homes,DFW,https://trophysignaturehomes.com/homes/dallas-ft-worth,https://trophysignaturehomes.com/homes/dallas-ft-worth/alvarado/lone-oak/1520-mahogany-avenue,ee6790349c0d46b269,Lone Oak,"1520 Mahogany Avenue Alvarado, TX 76009",,Harrison,Est Completion | August 2026,304990,,,,,,,"$304,990 | 1520 Mahogany Avenue | Alvarado, TX 76009 | 3 | Beds | 2 | Baths | 1,975 | SQ FT | Est Completion Date: | August 2026 | Community | Lone Oak | Floor Plan | Harrison | View Detail | As low as | $2,237",
2026-07-31,Trophy Signature Homes,DFW,https://trophysignaturehomes.com/homes/dallas-ft-worth,https://trophysignaturehomes.com/homes/dallas-ft-worth/alvarado/lone-oak/1512-mahogany-avenue,dfed05be94fa831555,Lone Oak,"1512 Mahogany Avenue Alvarado, TX 76009",,Harrison,Est Completion | September 2026,305990,,,,,,,"$305,990 | 1512 Mahogany Avenue | Alvarado, TX 76009 | 3 | Beds | 2 | .5 | Baths | 1,975 | SQ FT | Est Completion Date: | September 2026 | Community | Lone Oak | Floor Plan | Harrison | View Detail | As low as | $2,170",
2026-07-31,Trophy Signature Homes,DFW,https://trophysignaturehomes.com/homes/dallas-ft-worth,https://trophysignaturehomes.com/homes/dallas-ft-worth/farmersville/lakehaven/4213-waco-drive,c0f86b02408eb82ab3,Lakehaven,"4213 Waco Drive Farmersville, TX 75442",,Harrison,Est Completion | October 2026,287990,,,,,,,"$287,990 | 4213 Waco Drive | Farmersville, TX 75442 | 3 | Beds | 2 | Baths | 1,975 | SQ FT | Est Completion Date: | October 2026 | Community | Lakehaven | Floor Plan | Harrison | View Detail | As low as | $2,199",
2026-07-31,Trophy Signature Homes,DFW,https://trophysignaturehomes.com/homes/dallas-ft-worth,https://trophysignaturehomes.com/homes/dallas-ft-worth/princeton/windmore/1117-sundog-drive,ebe123e4c08664adab,Windmore,"1117 Sundog Drive Princeton, TX 75407",,Harrison,Est Completion | September 2026,315990,,,,,,,"$315,990 | 1117 Sundog Drive | Princeton, TX 75407 | 3 | Beds | 2 | Baths | 1,975 | SQ FT | Est Completion Date: | September 2026 | Community | Windmore | Floor Plan | Harrison | View Detail | As low as | $2,593",
2026-07-31,Trophy Signature Homes,DFW,https://trophysignaturehomes.com/homes/dallas-ft-worth,https://trophysignaturehomes.com/homes/dallas-ft-worth/gunter/sunset-ranch/2114-rowan-drive,a240ee4a65401b1896,Sunset Ranch,"2114 Rowan Drive Gunter, TX 75058",,Heisman,Est Completion | August 2026,338990,,,,,,,"$338,990 | Open | House | Tuesday & Thursday 12PM - 2PM | Saturday & Sunday 1PM - 3PM | 2114 Rowan Drive | Gunter, TX 75058 | 3 | Beds | 2 | Baths | 1,975 | SQ FT | Est Completion Date: | August 2026 | Community | Sunset Ranch | Floor Plan | Heisman | View Detail | As low as | $2,302",
2026-07-31,Trophy Signature Homes,DFW,https://trophysignaturehomes.com/homes/dallas-ft-worth,https://trophysignaturehomes.com/homes/dallas-ft-worth/dallas-ft-worth/terra-vella/15032-leighton-creek-court,077b211a90496f617a,Terra Vella,"15032 Leighton Creek Court Fort Worth, TX 76052",,Harrison,Est Completion | October 2026,335990,,,,,,,"$335,990 | 15032 Leighton Creek Court | Fort Worth, TX 76052 | 3 | Beds | 2 | .5 | Baths | 1,975 | SQ FT | Est Completion Date: | October 2026 | Community | Terra Vella | Floor Plan | Harrison | View Detail | As low as | $2,558",
2026-07-31,Trophy Signature Homes,DFW,https://trophysignaturehomes.com/homes/dallas-ft-worth,https://trophysignaturehomes.com/homes/dallas-ft-worth/crowley/tesoro-at-chisholm-trail-ranch/6664-valley-lake-trail,1ad81995f03edb4b49,Tesoro at Chisholm Trail Ranch,"6664 Valley Lake Trail Crowley, TX 76036",,Heisman,Est Completion | August 2026,349490,,,,,,,"$349,490 | Open | House | Saturday & Sunday 1PM - 3PM | 6664 Valley Lake Trail | Crowley, TX 76036 | 3 | Beds | 2 | Baths | 1,975 | SQ FT | Est Completion Date: | August 2026 | Community | Tesoro at Chisholm Trail Ranch | Floor Plan | Heisman | View Detail | As low as | $2,299",
2026-07-31,Trophy Signature Homes,DFW,https://trophysignaturehomes.com/homes/dallas-ft-worth,https://trophysignaturehomes.com/homes/dallas-ft-worth/haslet/madero/15060-cactus-blossom-boulevard,869d5be73ff6c27673,Madero,"15060 Cactus Blossom Boulevard Haslet, TX 76052",,Heisman,Available | Now,329990,354990.0,,,,,Price Cut | Savings Shown,"$329,990 | $354,990 | Save: | $25,000 | Open | House | Tuesday & Thursday 12PM - 2PM | Saturday & Sunday 1PM - 3PM | 15060 Cactus Blossom Boulevard | Haslet, TX 76052 | 3 | Beds | 2 | Baths | 1,981 | SQ FT | Available Date: | Now | Community | Madero | Floor Plan | Heisman | View Detail | As low as | $2,196",
2026-07-31,Trophy Signature Homes,DFW,https://trophysignaturehomes.com/homes/dallas-ft-worth,https://trophysignaturehomes.com/homes/dallas-ft-worth/seagoville/stonehaven/1940-paddock-lane,7e047640157e0ecf3e,Stonehaven,"1940 Paddock Lane Seagoville, TX 75159",,Harrison,Est Completion | October 2026,306990,,,,,,,"$306,990 | 1940 Paddock Lane | Seagoville, TX 75159 | 3 | Beds | 2 | Baths | 1,986 | SQ FT | Est Completion Date: | October 2026 | Community | Stonehaven | Floor Plan | Harrison | View Detail | As low as | $2,430",
2026-07-31,Trophy Signature Homes,DFW,https://trophysignaturehomes.com/homes/dallas-ft-worth,https://trophysignaturehomes.com/homes/dallas-ft-worth/lavon/elevon/201-bright-alcove-court,5005dea5c8d32a464e,Elevon,"201 Bright Alcove Court Lavon, TX 75166",,Heisman,Available | Now,339990,,,,,,Savings Shown,"$339,990 | 342990 | Save: | $3,000 | Open | House | Thursday 12PM - 4PM | Saturday & Sunday 12PM - 4PM | 201 Bright Alcove Court | Lavon, TX 75166 | 3 | Beds | 2 | Baths | 2,002 | SQ FT | Available Date: | Now | Community | Elevon | Floor Plan | Heisman | Elevon | View Detail | As low as | $2,902",
2026-07-31,Trophy Signature Homes,DFW,https://trophysignaturehomes.com/homes/dallas-ft-worth,https://trophysignaturehomes.com/homes/dallas-ft-worth/aledo/morningstar/761-lyft-lane,405e6691a30320c191,Morningstar,"761 Lyft Lane Aledo, TX 76008",,Heisman,Available | Now,379990,393490.0,,,,,Price Cut | Savings Shown,"$379,990 | $393,490 | Save: | $13,500 | Open | House | Thursday 12PM - 2PM | Saturday & Sunday 1PM - 3PM | 761 Lyft Lane | Aledo, TX 76008 | 3 | Beds | 2 | Baths | 2,002 | SQ FT | Available Date: | Now | Community | Morningstar | Floor Plan | Heisman | View Detail | As low as | $2,067",
2026-07-31,Trophy Signature Homes,DFW,https://trophysignaturehomes.com/homes/dallas-ft-worth,https://trophysignaturehomes.com/homes/dallas-ft-worth/princeton/lowry-trails/2818-auburn-court,91ea775a238b27c1e2,Lowry Trails,"2818 Auburn Court Princeton, TX 75407",,Magnolia,Est Completion | August 2026,317490,,,,,,,"$317,490 | 2818 Auburn Court | Princeton, TX 75407 | 4 | Beds | 2 | .5 | Baths | 2,068 | SQ FT | Est Completion Date: | August 2026 | Community | Lowry Trails | Floor Plan | Magnolia | View Detail | As low as | $2,232",
2026-07-31,Trophy Signature Homes,DFW,https://trophysignaturehomes.com/homes/dallas-ft-worth,https://trophysignaturehomes.com/homes/dallas-ft-worth/mckinney/eastridge/808-knox-river-drive,9936cfb7788562c44b,Eastridge,"808 Knox River Drive McKinney, TX 75071",,Magnolia,Est Completion | August 2026,327990,,,,,,,"$327,990 | 808 Knox River Drive | McKinney, TX 75071 | 4 | Beds | 2 | .5 | Baths | 2,068 | SQ FT | Est Completion Date: | August 2026 | Community | Eastridge | Floor Plan | Magnolia | View Detail | As low as | $2,035",
2026-07-31,Trophy Signature Homes,DFW,https://trophysignaturehomes.com/homes/dallas-ft-worth,https://trophysignaturehomes.com/homes/dallas-ft-worth/princeton/lowry-trails/2717-delevan-drive,b4107b0b1debb56e9a,Lowry Trails,"2717 Delevan Drive Princeton, TX 75407",,Magnolia,Est Completion | October 2026,312490,,,,,,,"$312,490 | 2717 Delevan Drive | Princeton, TX 75407 | 4 | Beds | 2 | .5 | Baths | 2,068 | SQ FT | Est Completion Date: | October 2026 | Community | Lowry Trails | Floor Plan | Magnolia | View Detail | As low as | $2,375",
2026-07-31,Trophy Signature Homes,DFW,https://trophysignaturehomes.com/homes/dallas-ft-worth,https://trophysignaturehomes.com/homes/dallas-ft-worth/lavon/nicholson-ranch/119-longhorn-lane,6d71512c5986ad78b6,Nicholson Ranch,"119 Longhorn Lane Lavon, TX 75166",,Magnolia,Est Completion | September 2026,317990,,,,,,,"$317,990 | 119 Longhorn Lane | Lavon, TX 75166 | 4 | Beds | 2 | .5 | Baths | 2,068 | SQ FT | Est Completion Date: | September 2026 | Community | Nicholson Ranch | Floor Plan | Magnolia | View Detail | As low as | $2,329",
2026-07-31,Trophy Signature Homes,DFW,https://trophysignaturehomes.com/homes/dallas-ft-worth,https://trophysignaturehomes.com/homes/dallas-ft-worth/dallas-ft-worth/terra-vella/15020-leighton-creek-court,6d1f062c227eca5be6,Terra Vella,"15020 Leighton Creek Court Fort Worth, TX 76052",,Magnolia,Est Completion | September 2026,339990,,,,,,,"$339,990 | 15020 Leighton Creek Court | Fort Worth, TX 76052 | 4 | Beds | 2 | .5 | Baths | 2,068 | SQ FT | Est Completion Date: | September 2026 | Community | Terra Vella | Floor Plan | Magnolia | View Detail | As low as | $2,329",
2026-07-31,Trophy Signature Homes,DFW,https://trophysignaturehomes.com/homes/dallas-ft-worth,https://trophysignaturehomes.com/homes/dallas-ft-worth/dallas-ft-worth/terra-vella/15004-leighton-creek-court,e35421ed6c6b9d1ca1,Terra Vella,"15004 Leighton Creek Court Fort Worth, TX 76052",,Magnolia,Est Completion | September 2026,339990,,,,,,,"$339,990 | 15004 Leighton Creek Court | Fort Worth, TX 76052 | 4 | Beds | 2 | .5 | Baths | 2,071 | SQ FT | Est Completion Date: | September 2026 | Community | Terra Vella | Floor Plan | Magnolia | View Detail | As low as | $2,339",
2026-07-31,Trophy Signature Homes,DFW,https://trophysignaturehomes.com/homes/dallas-ft-worth,https://trophysignaturehomes.com/homes/dallas-ft-worth/aubrey/belmont/8361-kingfisher-road,61ce6135d582854dde,Belmont,"8361 Kingfisher Road Aubrey, TX 76227",,Magnolia,Available | Now,319990,341990.0,,,,,Price Cut | Savings Shown,"$319,990 | $341,990 | Save: | $22,000 | 8361 Kingfisher Road | Aubrey, TX 76227 | 4 | Beds | 2 | .5 | Baths | 2,082 | SQ FT | Available Date: | Now | Community | Belmont | Floor Plan | Magnolia | View Detail | As low as | $2,349",
2026-07-31,Trophy Signature Homes,DFW,https://trophysignaturehomes.com/homes/dallas-ft-worth,https://trophysignaturehomes.com/homes/dallas-ft-worth/lavon/elevon/916-lost-holly-lane,beb357176859cc27ea,Elevon,"916 Lost Holly Lane Lavon, TX 75166",,Magnolia,Est Completion | August 2026,327990,,,,,,,"$327,990 | 916 Lost Holly Lane | Lavon, TX 75166 | 4 | Beds | 2 | .5 | Baths | 2,087 | SQ FT | Est Completion Date: | August 2026 | Community | Elevon | Floor Plan | Magnolia | View Detail | As low as | $2,300",
2026-07-31,Trophy Signature Homes,DFW,https://trophysignaturehomes.com/homes/dallas-ft-worth,https://trophysignaturehomes.com/homes/dallas-ft-worth/princeton/windmore/2210-wind-river-drive,d11f6686689ef1c424,Windmore,"2210 Wind River Drive Princeton, TX 75407",,Hayden,Available | Now,330991,,,,,,,"$330,991 | 2210 Wind River Drive | Princeton, TX 75407 | 4 | Beds | 3 | Baths | 2,111 | SQ FT | Available Date: | Now | Community | Windmore | Floor Plan | Hayden | View Detail | As low as | $2,265",
2026-07-31,Trophy Signature Homes,DFW,https://trophysignaturehomes.com/homes/dallas-ft-worth,https://trophysignaturehomes.com/homes/dallas-ft-worth/farmersville/lakehaven/3916-somerville-drive,f02722906c5b012cac,Lakehaven,"3916 Somerville Drive Farmersville, TX 75442",,Hayden,Available | Now,300990,,,,,,Savings Shown,"$300,990 | 305990 | Save: | $5,000 | 3916 Somerville Drive | Farmersville, TX 75442 | 4 | Beds | 3 | Baths | 2,111 | SQ FT | Available Date: | Now | Community | Lakehaven | Floor Plan | Hayden | View Detail | As low as | $2,301",
2026-07-31,Trophy Signature Homes,DFW,https://trophysignaturehomes.com/homes/dallas-ft-worth,https://trophysignaturehomes.com/homes/dallas-ft-worth/alvarado/lone-oak/1524-mahogany-avenue,2b4c2ee1ad53adebc3,Lone Oak,"1524 Mahogany Avenue Alvarado, TX 76009",,Hayden,Est Completion | August 2026,314990,,,,,,Savings Shown,"$314,990 | 317490 | Save: | $2,500 | 1524 Mahogany Avenue | Alvarado, TX 76009 | 4 | Beds | 3 | Baths | 2,111 | SQ FT | Est Completion Date: | August 2026 | Community | Lone Oak | Floor Plan | Hayden | View Detail | As low as | $2,577",
2026-07-31,Trophy Signature Homes,DFW,https://trophysignaturehomes.com/homes/dallas-ft-worth,https://trophysignaturehomes.com/homes/dallas-ft-worth/aubrey/belmont/2229-magenta-lane,e415cf6e13ee78308d,Belmont,"2229 Magenta Lane Aubrey, TX 76227",,Hayden,Available | Now,353490,,,,,,Savings Shown,"$353,490 | 373490 | Save: | $20,000 | 2229 Magenta Lane | Aubrey, TX 76227 | 4 | Beds | 3 | Baths | 2,111 | SQ FT | Available Date: | Now | Community | Belmont | Floor Plan | Hayden | View Detail | As low as | $2,280",
2026-07-31,Trophy Signature Homes,DFW,https://trophysignaturehomes.com/homes/dallas-ft-worth,https://trophysignaturehomes.com/homes/dallas-ft-worth/farmersville/lakehaven/4009-somerville-drive,7b2e5ffd5b0b92b487,Lakehaven,"4009 Somerville Drive Farmersville, TX 75442",,Hayden,Est Completion | September 2026,302990,,,,,,,"$302,990 | 4009 Somerville Drive | Farmersville, TX 75442 | 4 | Beds | 3 | Baths | 2,111 | SQ FT | Est Completion Date: | September 2026 | Community | Lakehaven | Floor Plan | Hayden | View Detail | As low as | $2,459",
2026-07-31,Trophy Signature Homes,DFW,https://trophysignaturehomes.com/homes/dallas-ft-worth,https://trophysignaturehomes.com/homes/dallas-ft-worth/farmersville/lakehaven/4008-austin-drive,c4293d6619204cf383,Lakehaven,"4008 Austin Drive Farmersville, TX 75442",,Oscar,Available | Now,327490,,,,,,,"$327,490 | Open | House | Tuesday & Thursday 12PM - 4PM | Saturday & Sunday 1PM - 5PM | 4008 Austin Drive | Farmersville, TX 75442 | 4 | Beds | 3 | Baths | 2,131 | SQ FT | Available Date: | Now | Community | Lakehaven | Floor Plan | Oscar | Lakehaven | View Detail | As low as | $2,322",
2026-07-31,Trophy Signature Homes,DFW,https://trophysignaturehomes.com/homes/dallas-ft-worth,https://trophysignaturehomes.com/homes/dallas-ft-worth/mckinney/southridge/3604-high-valley-drive,ed7bb783b4e47e040a,Southridge,"3604 High Valley Drive McKinney, TX 75071",,Oscar,Available | Now,340490,,,,,,Savings Shown,"$340,490 | 342490 | Save: | $2,000 | 3604 High Valley Drive | McKinney, TX 75071 | 4 | Beds | 3 | Baths | 2,131 | SQ FT | Available Date: | Now | Community | Southridge | Floor Plan | Oscar | View Detail | As low as | $2,597",
2026-07-31,Trophy Signature Homes,DFW,https://trophysignaturehomes.com/homes/dallas-ft-worth,https://trophysignaturehomes.com/homes/dallas-ft-worth/crowley/tesoro-at-chisholm-trail-ranch/6648-coyote-valley-trail,b21d21bc7b26fd3079,Tesoro at Chisholm Trail Ranch,"6648 Coyote Valley Trail Crowley, TX 76036",,Oscar,Available | Now,354990,,,,,,Savings Shown,"$354,990 | 359990 | Save: | $5,000 | 6648 Coyote Valley Trail | Crowley, TX 76036 | 4 | Beds | 3 | Baths | 2,131 | SQ FT | Available Date: | Now | Community | Tesoro at Chisholm Trail Ranch | Floor Plan | Oscar | View Detail | As low as | $2,424",
2026-07-31,Trophy Signature Homes,DFW,https://trophysignaturehomes.com/homes/dallas-ft-worth,https://trophysignaturehomes.com/homes/dallas-ft-worth/mckinney/eastridge/715-summerberry-drive,e04e9a98c654cd8d77,Eastridge,"715 Summerberry Drive McKinney, TX 75071",,Oscar,Available | Now,356990,,,,,,,"$356,990 | Open | House | Tuesday & Thursday 12PM - 2PM | Saturday & Sunday 1PM - 3PM | 715 Summerberry Drive | McKinney, TX 75071 | 4 | Beds | 3 | Baths | 2,131 | SQ FT | Available Date: | Now | Community | Eastridge | Floor Plan | Oscar | View Detail | As low as | $2,608",
2026-07-31,Trophy Signature Homes,DFW,https://trophysignaturehomes.com/homes/dallas-ft-worth,https://trophysignaturehomes.com/homes/dallas-ft-worth/lavon/nicholson-ranch/1125-del-rio-drive,13eed1a9024a5d8c06,Nicholson Ranch,"1125 Del Rio Drive Lavon, TX 75166",,Oscar,Available | Now,349990,,,,,,,"$349,990 | 1125 Del Rio Drive | Lavon, TX 75166 | 4 | Beds | 3 | Baths | 2,131 | SQ FT | Available Date: | Now | Community | Nicholson Ranch | Floor Plan | Oscar | View Detail | As low as | $2,675",
2026-07-31,Trophy Signature Homes,DFW,https://trophysignaturehomes.com/homes/dallas-ft-worth,https://trophysignaturehomes.com/homes/dallas-ft-worth/gunter/sunset-ranch/2108-rowan-drive,a760ef7ea0fa3eb94f,Sunset Ranch,"2108 Rowan Drive Gunter, TX 75058",,Oscar,Available | Now,349990,364990.0,,,,,Price Cut | Savings Shown,"$349,990 | $364,990 | Save: | $15,000 | Open | House | Tuesday & Thursday 12PM - 2PM | Saturday & Sunday 1PM - 3PM | 2108 Rowan Drive | Gunter, TX 75058 | 4 | Beds | 3 | Baths | 2,131 | SQ FT | Available Date: | Now | Community | Sunset Ranch | Floor Plan | Oscar | View Detail | As low as | $2,648",
2026-07-31,Trophy Signature Homes,DFW,https://trophysignaturehomes.com/homes/dallas-ft-worth,https://trophysignaturehomes.com/homes/dallas-ft-worth/forney/devonshire/1858-balfour-bend,54b54cc3e0480f5bfb,Devonshire,"1858 Balfour Bend Forney, TX 75126",,Oscar,Est Completion | August 2026,349490,,,,,,,"$349,490 | 1858 Balfour Bend | Forney, TX 75126 | 4 | Beds | 3 | Baths | 2,131 | SQ FT | Est Completion Date: | August 2026 | Community | Devonshire | Floor Plan | Oscar | View Detail | As low as | $2,424",
2026-07-31,Trophy Signature Homes,DFW,https://trophysignaturehomes.com/homes/dallas-ft-worth,https://trophysignaturehomes.com/homes/dallas-ft-worth/mckinney/eastridge/714-summerberry-drive,afa61eebef29f76cac,Eastridge,"714 Summerberry Drive McKinney, TX 75071",,Oscar,Available | Now,356990,,,,,,,"$356,990 | 714 Summerberry Drive | McKinney, TX 75071 | 4 | Beds | 3 | Baths | 2,131 | SQ FT | Available Date: | Now | Community | Eastridge | Floor Plan | Oscar | View Detail | As low as | $2,618",
2026-07-31,Trophy Signature Homes,DFW,https://trophysignaturehomes.com/homes/dallas-ft-worth,https://trophysignaturehomes.com/homes/dallas-ft-worth/crowley/tesoro-at-chisholm-trail-ranch/6604-dusty-ridge-road,64914b73d476cc863c,Tesoro at Chisholm Trail Ranch,"6604 Dusty Ridge Road Crowley, TX 76036",,Oscar,Est Completion | August 2026,357990,,,,,,,"$357,990 | 6604 Dusty Ridge Road | Crowley, TX 76036 | 4 | Beds | 3 | Baths | 2,131 | SQ FT | Est Completion Date: | August 2026 | Community | Tesoro at Chisholm Trail Ranch | Floor Plan | Oscar | View Detail | As low as | $2,530",
2026-07-31,Trophy Signature Homes,DFW,https://trophysignaturehomes.com/homes/dallas-ft-worth,https://trophysignaturehomes.com/homes/dallas-ft-worth/lavon/elevon/142-sunset-canyon-drive,7e1477441290496671,Elevon,"142 Sunset Canyon Drive Lavon, TX 75166",,Oscar,Est Completion | September 2026,354990,,,,,,,"$354,990 | 142 Sunset Canyon Drive | Lavon, TX 75166 | 4 | Beds | 3 | Baths | 2,131 | SQ FT | Est Completion Date: | September 2026 | Community | Elevon | Floor Plan | Oscar | View Detail | As low as | $2,456",
2026-07-31,Trophy Signature Homes,DFW,https://trophysignaturehomes.com/homes/dallas-ft-worth,https://trophysignaturehomes.com/homes/dallas-ft-worth/haslet/madero/1428-companero-street,103af2687356e5606b,Madero,"1428 Companero Street Haslet, TX 76052",,Oscar,Est Completion | August 2026,352990,,,,,,,"$352,990 | 1428 Companero Street | Haslet, TX 76052 | 4 | Beds | 3 | Baths | 2,131 | SQ FT | Est Completion Date: | August 2026 | Community | Madero | Floor Plan | Oscar | View Detail | As low as | $2,306",
2026-07-31,Trophy Signature Homes,DFW,https://trophysignaturehomes.com/homes/dallas-ft-worth,https://trophysignaturehomes.com/homes/dallas-ft-worth/mckinney/southridge/3603-belfort-drive,d93134dc222f8b5c3c,Southridge,"3603 Belfort Drive McKinney, TX 75071",,Oscar,Est Completion | August 2026,337990,,,,,,,"$337,990 | 3603 Belfort Drive | McKinney, TX 75071 | 4 | Beds | 3 | Baths | 2,131 | SQ FT | Est Completion Date: | August 2026 | Community | Southridge | Floor Plan | Oscar | View Detail | As low as | $2,861",
2026-07-31,Trophy Signature Homes,DFW,https://trophysignaturehomes.com/homes/dallas-ft-worth,https://trophysignaturehomes.com/homes/dallas-ft-worth/gunter/sunset-ranch/3207-linden-lane,c65b7380d00b3c5d91,Sunset Ranch,"3207 Linden Lane Gunter, TX 75058",,Oscar,Est Completion | August 2026,374990,,,,,,,"$374,990 | Open | House | Tuesday & Thursday 12PM - 2PM | Saturday & Sunday 1PM - 3PM | 3207 Linden Lane | Gunter, TX 75058 | 4 | Beds | 3 | Baths | 2,131 | SQ FT | Est Completion Date: | August 2026 | Community | Sunset Ranch | Floor Plan | Oscar | View Detail | As low as | $2,712",
2026-07-31,Trophy Signature Homes,DFW,https://trophysignaturehomes.com/homes/dallas-ft-worth,https://trophysignaturehomes.com/homes/dallas-ft-worth/gunter/sunset-ranch/3203-azalea-lane,56b60934c78b3fb461,Sunset Ranch,"3203 Azalea Lane Gunter, TX 75058",,Oscar,Est Completion | August 2026,354990,,,,,,,"$354,990 | Open | House | Tuesday & Thursday 12PM - 2PM | Saturday & Sunday 1PM - 3PM | 3203 Azalea Lane | Gunter, TX 75058 | 4 | Beds | 3 | Baths | 2,131 | SQ FT | Est Completion Date: | August 2026 | Community | Sunset Ranch | Floor Plan | Oscar | View Detail | As low as | $2,640",
2026-07-31,Trophy Signature Homes,DFW,https://trophysignaturehomes.com/homes/dallas-ft-worth,https://trophysignaturehomes.com/homes/dallas-ft-worth/crowley/tesoro-at-chisholm-trail-ranch/6636-dusty-ridge-road,3400a5c04df67b9930,Tesoro at Chisholm Trail Ranch,"6636 Dusty Ridge Road Crowley, TX 76036",,Oscar,Est Completion | August 2026,360990,,,,,,,"$360,990 | Open | House | Saturday & Sunday 1PM - 3PM | 6636 Dusty Ridge Road | Crowley, TX 76036 | 4 | Beds | 3 | Baths | 2,131 | SQ FT | Est Completion Date: | August 2026 | Community | Tesoro at Chisholm Trail Ranch | Floor Plan | Oscar | View Detail | As low as | $2,618",
2026-07-31,Trophy Signature Homes,DFW,https://trophysignaturehomes.com/homes/dallas-ft-worth,https://trophysignaturehomes.com/homes/dallas-ft-worth/crowley/tesoro-at-chisholm-trail-ranch/6652-valley-lake-lane,e378944e116dafbac5,Tesoro at Chisholm Trail Ranch,"6652 Valley Lake Lane Crowley, TX 76036",,Oscar,Est Completion | August 2026,357990,,,,,,,"$357,990 | Open | House | Saturday & Sunday 1PM - 3PM | 6652 Valley Lake Lane | Crowley, TX 76036 | 4 | Beds | 2 | Baths | 2,131 | SQ FT | Est Completion Date: | August 2026 | Community | Tesoro at Chisholm Trail Ranch | Floor Plan | Oscar | View Detail | As low as | $2,618 | $357,990 | 6652 Valley Lake Lane | Crowley, TX 76036 | 4 | Beds | 3 | Baths | 2,131 | SQ FT | Est Completion Date: | August 2026 | Community | Tesoro at Chisholm Trail Ranch | Floor Plan | Oscar | View Detail | As low as | $2,578",
2026-07-31,Trophy Signature Homes,DFW,https://trophysignaturehomes.com/homes/dallas-ft-worth,https://trophysignaturehomes.com/homes/dallas-ft-worth/forney/devonshire/1182-nora-lane,eec41a2f788e4ec06a,Devonshire,"1182 Nora Lane Forney, TX 75126",,Hayden,Available | Now,339990,357990.0,,,,,Price Cut | Savings Shown,"$339,990 | 345990 | Save: | $6,000 | Open | House | Tuesday & Thursday 12PM - 4PM | Saturday & Sunday 12PM - 4PM | 1182 Nora Lane | Forney, TX 75126 | 4 | Beds | 3 | Baths | 2,132 | SQ FT | Available Date: | Now | Community | Devonshire | Floor Plan | Hayden | View Detail | As low as | $2,300",
2026-07-31,Trophy Signature Homes,DFW,https://trophysignaturehomes.com/homes/dallas-ft-worth,https://trophysignaturehomes.com/homes/dallas-ft-worth/seagoville/stonehaven/2021-chariot-court,23d95533138e90807b,Stonehaven,"2021 Chariot Court Seagoville, TX 75159",,Hayden,Est Completion | September 2026,321990,,,,,,,"$321,990 | 2021 Chariot Court | Seagoville, TX 75159 | 4 | Beds | 3 | Baths | 2,132 | SQ FT | Est Completion Date: | September 2026 | Community | Stonehaven | Floor Plan | Hayden | View Detail | As low as | $2,574",
2026-07-31,Trophy Signature Homes,DFW,https://trophysignaturehomes.com/homes/dallas-ft-worth,https://trophysignaturehomes.com/homes/dallas-ft-worth/forney/devonshire/1886-balfour-bend,fe11c0e7fd33464249,Devonshire,"1886 Balfour Bend Forney, TX 75126",,Hayden,Available | Now,339490,,,,,,Savings Shown,"$339,490 | 344490 | Save: | $5,000 | 1886 Balfour Bend | Forney, TX 75126 | 4 | Beds | 3 | Baths | 2,132 | SQ FT | Available Date: | Now | Community | Devonshire | Floor Plan | Hayden | View Detail | As low as | $2,308",
2026-07-31,Trophy Signature Homes,DFW,https://trophysignaturehomes.com/homes/dallas-ft-worth,https://trophysignaturehomes.com/homes/dallas-ft-worth/alvarado/lone-oak/1521-mahogany-avenue,164a50707896843d88,Lone Oak,"1521 Mahogany Avenue Alvarado, TX 76009",,Hayden,Est Completion | August 2026,315990,,,,,,,"$315,990 | 1521 Mahogany Avenue | Alvarado, TX 76009 | 4 | Beds | 3 | Baths | 2,132 | SQ FT | Est Completion Date: | August 2026 | Community | Lone Oak | Floor Plan | Hayden | View Detail | As low as | $2,315",
2026-07-31,Trophy Signature Homes,DFW,https://trophysignaturehomes.com/homes/dallas-ft-worth,https://trophysignaturehomes.com/homes/dallas-ft-worth/alvarado/lone-oak/1508-mahogany-avenue,68b1be142dcd1891f0,Lone Oak,"1508 Mahogany Avenue Alvarado, TX 76009",,Hayden,Est Completion | September 2026,316990,,,,,,,"$316,990 | 1508 Mahogany Avenue | Alvarado, TX 76009 | 4 | Beds | 3 | Baths | 2,132 | SQ FT | Est Completion Date: | September 2026 | Community | Lone Oak | Floor Plan | Hayden | View Detail | As low as | $2,300",
2026-07-31,Trophy Signature Homes,DFW,https://trophysignaturehomes.com/homes/dallas-ft-worth,https://trophysignaturehomes.com/homes/dallas-ft-worth/seagoville/stonehaven/2013-chariot-court,30b024d57917c34d05,Stonehaven,"2013 Chariot Court Seagoville, TX 75159",,Hayden,Est Completion | October 2026,321990,,,,,,,"$321,990 | 2013 Chariot Court | Seagoville, TX 75159 | 4 | Beds | 3 | Baths | 2,132 | SQ FT | Est Completion Date: | October 2026 | Community | Stonehaven | Floor Plan | Hayden | View Detail | As low as | $2,500",
2026-07-31,Trophy Signature Homes,DFW,https://trophysignaturehomes.com/homes/dallas-ft-worth,https://trophysignaturehomes.com/homes/dallas-ft-worth/waxahachie/dove-hollow/484-hundred-acre-drive,8789731c98adbc6ec1,Dove Hollow,"484 Hundred Acre Drive Waxahachie, TX 75165",,Oscar,Available | Now,359990,,,,,,Savings Shown,"$359,990 | 367490 | Save: | $7,500 | Open | House | Saturday & Sunday 1PM - 3PM | 484 Hundred Acre Drive | Waxahachie, TX 75165 | 4 | Beds | 3 | Baths | 2,152 | SQ FT | Available Date: | Now | Community | Dove Hollow | Floor Plan | Oscar | Dove Hollow | View Detail | As low as | $2,530",
2026-07-31,Trophy Signature Homes,DFW,https://trophysignaturehomes.com/homes/dallas-ft-worth,https://trophysignaturehomes.com/homes/dallas-ft-worth/lavon/elevon/209-bright-alcove-court,8fea586d4831a2898d,Elevon,"209 Bright Alcove Court Lavon, TX 75166",,Oscar,Available | Now,354990,,,,,,Savings Shown,"$354,990 | 357990 | Save: | $3,000 | 209 Bright Alcove Court | Lavon, TX 75166 | 4 | Beds | 3 | Baths | 2,152 | SQ FT | Available Date: | Now | Community | Elevon | Floor Plan | Oscar | View Detail | As low as | $2,528",
2026-07-31,Trophy Signature Homes,DFW,https://trophysignaturehomes.com/homes/dallas-ft-worth,https://trophysignaturehomes.com/homes/dallas-ft-worth/princeton/windmore/2115-sunshining-road,11bd40fb2144bf8679,Windmore,"2115 Sunshining Road Princeton, TX 75407",,Oscar,Available | Now,364990,,,,,,Savings Shown,"$364,990 | 374990 | Save: | $10,000 | 2115 Sunshining Road | Princeton, TX 75407 | 4 | Beds | 3 | Baths | 2,152 | SQ FT | Available Date: | Now | Community | Windmore | Floor Plan | Oscar | Windmore | View Detail | As low as | $2,535",
2026-07-31,Trophy Signature Homes,DFW,https://trophysignaturehomes.com/homes/dallas-ft-worth,https://trophysignaturehomes.com/homes/dallas-ft-worth/waxahachie/dove-hollow/473-hocking-hills-drive,99a6c96b6eedaaf43f,Dove Hollow,"473 Hocking Hills Drive Waxahachie, TX 75165",,Oscar,Est Completion | August 2026,364990,,,,,,,"$364,990 | Open | House | Saturday & Sunday 1PM - 3PM | 473 Hocking Hills Drive | Waxahachie, TX 75165 | 4 | Beds | 3 | Baths | 2,152 | SQ FT | Est Completion Date: | August 2026 | Community | Dove Hollow | Floor Plan | Oscar | Dove Hollow | View Detail | As low as | $2,535",
2026-07-31,Trophy Signature Homes,DFW,https://trophysignaturehomes.com/homes/dallas-ft-worth,https://trophysignaturehomes.com/homes/dallas-ft-worth/waxahachie/dove-hollow/464-hocking-hills-drive,b2d5a4c4ffd7f110d6,Dove Hollow,"464 Hocking Hills Drive Waxahachie, TX 75165",,Oscar,Est Completion | August 2026,364990,,,,,,,"$364,990 | 464 Hocking Hills Drive | Waxahachie, TX 75165 | 4 | Beds | 3 | Baths | 2,152 | SQ FT | Est Completion Date: | August 2026 | Community | Dove Hollow | Floor Plan | Oscar | Dove Hollow | View Detail | As low as | $2,729",
2026-07-31,Trophy Signature Homes,DFW,https://trophysignaturehomes.com/homes/dallas-ft-worth,https://trophysignaturehomes.com/homes/dallas-ft-worth/forney/devonshire/1116-nora-lane,6409a97879f725b469,Devonshire,"1116 Nora Lane Forney, TX 75126",,Oscar,Est Completion | August 2026,360490,,,,,,,"$360,490 | 1116 Nora Lane | Forney, TX 75126 | 4 | Beds | 3 | Baths | 2,152 | SQ FT | Est Completion Date: | August 2026 | Community | Devonshire | Floor Plan | Oscar | Devonshire | View Detail | As low as | $2,535",
2026-07-31,Trophy Signature Homes,DFW,https://trophysignaturehomes.com/homes/dallas-ft-worth,https://trophysignaturehomes.com/homes/dallas-ft-worth/waxahachie/dove-hollow/476-hocking-hills-drive,d191a63c27ed75e37a,Dove Hollow,"476 Hocking Hills Drive Waxahachie, TX 75165",,Oscar,Est Completion | August 2026,364990,,,,,,,"$364,990 | 476 Hocking Hills Drive | Waxahachie, TX 75165 | 4 | Beds | 3 | Baths | 2,152 | SQ FT | Est Completion Date: | August 2026 | Community | Dove Hollow | Floor Plan | Oscar | Dove Hollow | View Detail | As low as | $2,535",
2026-07-31,Trophy Signature Homes,DFW,https://trophysignaturehomes.com/homes/dallas-ft-worth,https://trophysignaturehomes.com/homes/dallas-ft-worth/waxahachie/dove-hollow/469-hocking-hills-drive,84d3cafc2591df6b4f,Dove Hollow,"469 Hocking Hills Drive Waxahachie, TX 75165",,Oscar,Est Completion | August 2026,364990,,,,,,,"$364,990 | 469 Hocking Hills Drive | Waxahachie, TX 75165 | 4 | Beds | 3 | Baths | 2,152 | SQ FT | Est Completion Date: | August 2026 | Community | Dove Hollow | Floor Plan | Oscar | Dove Hollow | View Detail | As low as | $2,484",
2026-07-31,Trophy Signature Homes,DFW,https://trophysignaturehomes.com/homes/dallas-ft-worth,https://trophysignaturehomes.com/homes/dallas-ft-worth/haslet/madero/1457-companero-street,321d53687844d8afd5,Madero,"1457 Companero Street Haslet, TX 76052",,Oscar,Available | Now,356990,372490.0,,,,,Price Cut | Savings Shown,"$356,990 | $372,490 | Save: | $15,500 | Open | House | Tuesday & Thursday 12PM - 2PM | Saturday & Sunday 1PM - 3PM | 1457 Companero Street | Haslet, TX 76052 | 4 | Beds | 3 | Baths | 2,185 | SQ FT | Available Date: | Now | Community | Madero | Floor Plan | Oscar | View Detail | As low as | $2,618",
2026-07-31,Trophy Signature Homes,DFW,https://trophysignaturehomes.com/homes/dallas-ft-worth,https://trophysignaturehomes.com/homes/dallas-ft-worth/crowley/tesoro-at-chisholm-trail-ranch/6665-valley-lake-lane,4ce8324ebe0cd8b36e,Tesoro at Chisholm Trail Ranch,"6665 Valley Lake Lane Crowley, TX 76036",,Oscar,Est Completion | August 2026,357990,,,,,,,"$357,990 | Open | House | Saturday & Sunday 1PM - 3PM | 6665 Valley Lake Lane | Crowley, TX 76036 | 4 | Beds | 3 | Baths | 2,185 | SQ FT | Est Completion Date: | August 2026 | Community | Tesoro at Chisholm Trail Ranch | Floor Plan | Oscar | View Detail | As low as | $2,377",
2026-07-31,Trophy Signature Homes,DFW,https://trophysignaturehomes.com/homes/dallas-ft-worth,https://trophysignaturehomes.com/homes/dallas-ft-worth/mckinney/eastridge/710-knox-river-drive,c3b71343437593c1bd,Eastridge,"710 Knox River Drive McKinney, TX 75071",,Oak II,Available | Now,349990,,,,,,,"$349,990 | Open | House | Tuesday & Thursday 12PM - 2PM | Saturday & Sunday 1PM - 3PM | 710 Knox River Drive | McKinney, TX 75071 | 4 | Beds | 2 | .5 | Baths | 2,308 | SQ FT | Available Date: | Now | Community | Eastridge | Floor Plan | Oak II | View Detail | As low as | $2,292",
2026-07-31,Trophy Signature Homes,DFW,https://trophysignaturehomes.com/homes/dallas-ft-worth,https://trophysignaturehomes.com/homes/dallas-ft-worth/mckinney/southridge/522-green-gables-drive,707df24455152b56a2,Southridge,"522 Green Gables Drive McKinney, TX 75071",,Oak II,Est Completion | August 2026,335990,,,,,,,"$335,990 | 522 Green Gables Drive | McKinney, TX 75071 | 4 | Beds | 2 | .5 | Baths | 2,308 | SQ FT | Est Completion Date: | August 2026 | Community | Southridge | Floor Plan | Oak II | View Detail | As low as | $2,292",
2026-07-31,Trophy Signature Homes,DFW,https://trophysignaturehomes.com/homes/dallas-ft-worth,https://trophysignaturehomes.com/homes/dallas-ft-worth/mckinney/southridge/504-green-gables-drive,85be5b72fcd1b40853,Southridge,"504 Green Gables Drive McKinney, TX 75071",,Mesquite,Available | Now,335990,,,,,,,"$335,990 | 504 Green Gables Drive | McKinney, TX 75071 | 4 | Beds | 2 | .5 | Baths | 2,311 | SQ FT | Available Date: | Now | Community | Southridge | Floor Plan | Mesquite | View Detail | As low as | $2,481",
2026-07-31,Trophy Signature Homes,DFW,https://trophysignaturehomes.com/homes/dallas-ft-worth,https://trophysignaturehomes.com/homes/dallas-ft-worth/lavon/nicholson-ranch/321-millwood-road,bc80e502977ec4a5c4,Nicholson Ranch,"321 Millwood Road Lavon, TX 75166",,Mesquite,Available | Now,332490,,,,,,Savings Shown,"$332,490 | 340490 | Save: | $8,000 | 321 Millwood Road | Lavon, TX 75166 | 4 | Beds | 2 | .5 | Baths | 2,311 | SQ FT | Available Date: | Now | Community | Nicholson Ranch | Floor Plan | Mesquite | View Detail | As low as | $2,316",
2026-07-31,Trophy Signature Homes,DFW,https://trophysignaturehomes.com/homes/dallas-ft-worth,https://trophysignaturehomes.com/homes/dallas-ft-worth/lavon/trails-of-lavon/1221-wolfsbane-drive,f03dd964907889104f,Trails of Lavon,"1221 Wolfsbane Drive Lavon, TX 75166",,Oak II,Available | Now,337990,,,,,,,"$337,990 | Tuesday & Thursday 12-2 and Saturday & Sunday 1-3 | Open | House | Tuesday - Saturday 11AM - 4PM | Sunday 1PM - 5PM | 1221 Wolfsbane Drive | Lavon, TX 75166 | 4 | Beds | 2 | .5 | Baths | 2,318 | SQ FT | Available Date: | Now | Community | Trails of Lavon | Floor Plan | Oak II | Trails of Lavon | View Detail | As low as | $2,539",
2026-07-31,Trophy Signature Homes,DFW,https://trophysignaturehomes.com/homes/dallas-ft-worth,https://trophysignaturehomes.com/homes/dallas-ft-worth/lavon/nicholson-ranch/364-millwood-road,46d4b762f75db04ddb,Nicholson Ranch,"364 Millwood Road Lavon, TX 75166",,Oak II,Available | Now,340490,,,,,,,"$340,490 | 364 Millwood Road | Lavon, TX 75166 | 4 | Beds | 2 | .5 | Baths | 2,318 | SQ FT | Available Date: | Now | Community | Nicholson Ranch | Floor Plan | Oak II | View Detail | As low as | $2,463",
2026-07-31,Trophy Signature Homes,DFW,https://trophysignaturehomes.com/homes/dallas-ft-worth,https://trophysignaturehomes.com/homes/dallas-ft-worth/lavon/nicholson-ranch/316-millwood-road,18db062ea41bbaf027,Nicholson Ranch,"316 Millwood Road Lavon, TX 75166",,Oak II,Available | Now,329990,,,,,,Savings Shown,"$329,990 | 337990 | Save: | $8,000 | Open | House | Tuesday & Thursday 12PM - 4PM | Saturday & Sunday 12PM - 4PM | 316 Millwood Road | Lavon, TX 75166 | 4 | Beds | 2 | .5 | Baths | 2,318 | SQ FT | Available Date: | Now | Community | Nicholson Ranch | Floor Plan | Oak II | View Detail | As low as | $2,146",
2026-07-31,Trophy Signature Homes,DFW,https://trophysignaturehomes.com/homes/dallas-ft-worth,https://trophysignaturehomes.com/homes/dallas-ft-worth/princeton/lowry-trails/2816-auburn-court,eeb50e97bccd756396,Lowry Trails,"2816 Auburn Court Princeton, TX 75407",,Oak II,Est Completion | August 2026,329990,,,,,,,"$329,990 | 2816 Auburn Court | Princeton, TX 75407 | 4 | Beds | 2 | .5 | Baths | 2,318 | SQ FT | Est Completion Date: | August 2026 | Community | Lowry Trails | Floor Plan | Oak II | View Detail | As low as | $2,426",
2026-07-31,Trophy Signature Homes,DFW,https://trophysignaturehomes.com/homes/dallas-ft-worth,https://trophysignaturehomes.com/homes/dallas-ft-worth/lavon/elevon/284-bright-alcove-court,6ad12fef78d3198777,Elevon,"284 Bright Alcove Court Lavon, TX 75166",,Oak II,Est Completion | August 2026,339490,,,,,,Savings Shown,"$339,490 | 342490 | Save: | $3,000 | 284 Bright Alcove Court | Lavon, TX 75166 | 4 | Beds | 2 | .5 | Baths | 2,318 | SQ FT | Est Completion Date: | August 2026 | Community | Elevon | Floor Plan | Oak II | View Detail | As low as | $2,481",
2026-07-31,Trophy Signature Homes,DFW,https://trophysignaturehomes.com/homes/dallas-ft-worth,https://trophysignaturehomes.com/homes/dallas-ft-worth/aubrey/belmont/8353-kingfisher-road,5a63dae1f30950353d,Belmont,"8353 Kingfisher Road Aubrey, TX 76227",,Oak II,Est Completion | August 2026,339990,,,,,,,"$339,990 | Open | House | Tuesday 12PM - 2PM | Saturday & Sunday 1PM - 3PM | 8353 Kingfisher Road | Aubrey, TX 76227 | 4 | Beds | 2 | .5 | Baths | 2,321 | SQ FT | Est Completion Date: | August 2026 | Community | Belmont | Floor Plan | Oak II | View Detail | As low as | $2,463",
2026-07-31,Trophy Signature Homes,DFW,https://trophysignaturehomes.com/homes/dallas-ft-worth,https://trophysignaturehomes.com/homes/dallas-ft-worth/lavon/nicholson-ranch/332-millwood-road,94e3809d41b0ad2e1a,Nicholson Ranch,"332 Millwood Road Lavon, TX 75166",,Mesquite,Available | Now,329990,,,,,,Savings Shown,"$329,990 | 337990 | Save: | $8,000 | 332 Millwood Road | Lavon, TX 75166 | 4 | Beds | 1 | .5 | Baths | 2,328 | SQ FT | Available Date: | Now | Community | Nicholson Ranch | Floor Plan | Mesquite | View Detail | As low as | $2,391",
2026-07-31,Trophy Signature Homes,DFW,https://trophysignaturehomes.com/homes/dallas-ft-worth,https://trophysignaturehomes.com/homes/dallas-ft-worth/mckinney/eastridge/6007-kaitlynn-drive,8a451f2fbadb1820d7,Eastridge,"6007 Kaitlynn Drive McKinney, TX 75071",,Mesquite,Est Completion | August 2026,351990,,,,,,,"$351,990 | 6007 Kaitlynn Drive | McKinney, TX 75071 | 4 | Beds | 2 | .5 | Baths | 2,328 | SQ FT | Est Completion Date: | August 2026 | Community | Eastridge | Floor Plan | Mesquite | View Detail | As low as | $2,146",
2026-07-31,Trophy Signature Homes,DFW,https://trophysignaturehomes.com/homes/dallas-ft-worth,https://trophysignaturehomes.com/homes/dallas-ft-worth/princeton/lowry-trails/2804-auburn-court,2c242edba2a3f24bb2,Lowry Trails,"2804 Auburn Court Princeton, TX 75407",,Mesquite,Est Completion | September 2026,329990,,,,,,,"$329,990 | 2804 Auburn Court | Princeton, TX 75407 | 4 | Beds | 2 | .5 | Baths | 2,328 | SQ FT | Est Completion Date: | September 2026 | Community | Lowry Trails | Floor Plan | Mesquite | View Detail | As low as | $2,645",
2026-07-31,Trophy Signature Homes,DFW,https://trophysignaturehomes.com/homes/dallas-ft-worth,https://trophysignaturehomes.com/homes/dallas-ft-worth/aubrey/belmont/7624-kingfisher-road,4c3f652eecd2235bf2,Belmont,"7624 Kingfisher Road Aubrey, TX 76227",,Haylee,Available | Now,362990,389990.0,,,,,Price Cut | Savings Shown,"$362,990 | $389,990 | Save: | $27,000 | Open | House | Tuesday 12PM - 2PM | Saturday & Sunday 1PM - 3PM | 7624 Kingfisher Road | Aubrey, TX 76227 | 4 | Beds | 3 | Baths | 2,426 | SQ FT | Available Date: | Now | Community | Belmont | Floor Plan | Haylee | View Detail | As low as | $2,531",
2026-07-31,Trophy Signature Homes,DFW,https://trophysignaturehomes.com/homes/dallas-ft-worth,https://trophysignaturehomes.com/homes/dallas-ft-worth/dallas-ft-worth/terra-vella/15016-santoscoy-street,cf3ede9adab8356810,Terra Vella,"15016 Santoscoy Street Fort Worth, TX 76052",,Haylee,Est Completion | August 2026,369990,374990.0,,,,,Price Cut | Savings Shown,"$369,990 | $374,990 | Save: | $5,000 | Open | House | Tuesday & Thursday 12PM - 2PM | Saturday & Sunday 1PM - 3PM | 15016 Santoscoy Street | Fort Worth, TX 76052 | 4 | Beds | 3 | Baths | 2,426 | SQ FT | Est Completion Date: | August 2026 | Community | Terra Vella | Floor Plan | Haylee | View Detail | As low as | $2,743",
2026-07-31,Trophy Signature Homes,DFW,https://trophysignaturehomes.com/homes/dallas-ft-worth,https://trophysignaturehomes.com/homes/dallas-ft-worth/haslet/madero/1449-companero-street,5550c96e3584af6d84,Madero,"1449 Companero Street Haslet, TX 76052",,Stanley II,Available | Now,394990,,,,,,Savings Shown,"$394,990 | 408990 | Save: | $14,000 | 1449 Companero Street | Haslet, TX 76052 | 4 | Beds | 3 | Baths | 2,426 | SQ FT | Available Date: | Now | Community | Madero | Floor Plan | Stanley II | View Detail | As low as | $2,405",
2026-07-31,Trophy Signature Homes,DFW,https://trophysignaturehomes.com/homes/dallas-ft-worth,https://trophysignaturehomes.com/homes/dallas-ft-worth/farmersville/lakehaven/3915-somerville-drive,3f82679ae014dd3be3,Lakehaven,"3915 Somerville Drive Farmersville, TX 75442",,Haylee,Available | Now,319990,,,,,,Savings Shown,"$319,990 | 324990 | Save: | $5,000 | 3915 Somerville Drive | Farmersville, TX 75442 | 4 | Beds | 3 | Baths | 2,426 | SQ FT | Available Date: | Now | Community | Lakehaven | Floor Plan | Haylee | View Detail | As low as | $2,372",
2026-07-31,Trophy Signature Homes,DFW,https://trophysignaturehomes.com/homes/dallas-ft-worth,https://trophysignaturehomes.com/homes/dallas-ft-worth/alvarado/lone-oak/916-mossy-oak-drive,c0cd11a99ebded265f,Lone Oak,"916 Mossy Oak Drive Alvarado, TX 76009",,Haylee,Est Completion | August 2026,324990,,,,,,Savings Shown,"$324,990 | 332490 | Save: | $7,500 | Open | House | Thursday 12PM - 2PM | Saturday & Sunday 1PM - 3PM | 916 Mossy Oak Drive | Alvarado, TX 76009 | 4 | Beds | 3 | Baths | 2,444 | SQ FT | Est Completion Date: | August 2026 | Community | Lone Oak | Floor Plan | Haylee | View Detail | As low as | $2,544",
2026-07-31,Trophy Signature Homes,DFW,https://trophysignaturehomes.com/homes/dallas-ft-worth,https://trophysignaturehomes.com/homes/dallas-ft-worth/dallas-ft-worth/terra-vella/857-rockcloud-drive,7fb9299d761c8713b7,Terra Vella,"857 Rockcloud Drive Fort Worth, TX 76052",,Haylee,Est Completion | September 2026,371990,,,,,,,"$371,990 | 857 Rockcloud Drive | Fort Worth, TX 76052 | 4 | Beds | 3 | Baths | 2,444 | SQ FT | Est Completion Date: | September 2026 | Community | Terra Vella | Floor Plan | Haylee | View Detail | As low as | $2,422",
2026-07-31,Trophy Signature Homes,DFW,https://trophysignaturehomes.com/homes/dallas-ft-worth,https://trophysignaturehomes.com/homes/dallas-ft-worth/alvarado/lone-oak/1517-mahogany-avenue,53dfa552debd47a7a3,Lone Oak,"1517 Mahogany Avenue Alvarado, TX 76009",,Haylee,Est Completion | September 2026,331990,,,,,,,"$331,990 | 1517 Mahogany Avenue | Alvarado, TX 76009 | 4 | Beds | 3 | Baths | 2,444 | SQ FT | Est Completion Date: | September 2026 | Community | Lone Oak | Floor Plan | Haylee | View Detail | As low as | $2,777",
2026-07-31,Trophy Signature Homes,DFW,https://trophysignaturehomes.com/homes/dallas-ft-worth,https://trophysignaturehomes.com/homes/dallas-ft-worth/forney/devonshire/2208-willowbank-drive,1bf9bf3fa4d6c24c35,Devonshire,"2208 Willowbank Drive Forney, TX 75126",,Stanley II,Est Completion | October 2026,366990,,,,,,,"$366,990 | 2208 Willowbank Drive | Forney, TX 75126 | 4 | Beds | 3 | Baths | 2,444 | SQ FT | Est Completion Date: | October 2026 | Community | Devonshire | Floor Plan | Stanley II | View Detail | As low as | $2,756",
2026-07-31,Trophy Signature Homes,DFW,https://trophysignaturehomes.com/homes/dallas-ft-worth,https://trophysignaturehomes.com/homes/dallas-ft-worth/waxahachie/dove-hollow/477-hocking-hills-drive,024f988c5516196f98,Dove Hollow,"477 Hocking Hills Drive Waxahachie, TX 75165",,Stanley II,Est Completion | August 2026,397490,,,,,,,"$397,490 | Open | House | Saturday & Sunday 1PM - 3PM | 477 Hocking Hills Drive | Waxahachie, TX 75165 | 4 | Beds | 3 | Baths | 2,444 | SQ FT | Est Completion Date: | August 2026 | Community | Dove Hollow | Floor Plan | Stanley II | Dove Hollow | View Detail | As low as | $2,739",
2026-07-31,Trophy Signature Homes,DFW,https://trophysignaturehomes.com/homes/dallas-ft-worth,https://trophysignaturehomes.com/homes/dallas-ft-worth/waxahachie/dove-hollow/465-hocking-hills-drive,11b38983356ada4ea9,Dove Hollow,"465 Hocking Hills Drive Waxahachie, TX 75165",,Stanley II,Est Completion | August 2026,394990,,,,,,,"$394,990 | 465 Hocking Hills Drive | Waxahachie, TX 75165 | 4 | Beds | 3 | Baths | 2,444 | SQ FT | Est Completion Date: | August 2026 | Community | Dove Hollow | Floor Plan | Stanley II | Dove Hollow | View Detail | As low as | $2,680",
2026-07-31,Trophy Signature Homes,DFW,https://trophysignaturehomes.com/homes/dallas-ft-worth,https://trophysignaturehomes.com/homes/dallas-ft-worth/aubrey/belmont/7712-kingfisher-road,381617bafc720b7ffa,Belmont,"7712 Kingfisher Road Aubrey, TX 76227",,Haylee,Available | Now,367990,389990.0,,,,,Price Cut | Savings Shown,"$367,990 | $389,990 | Save: | $22,000 | 7712 Kingfisher Road | Aubrey, TX 76227 | 4 | Beds | 3 | Baths | 2,447 | SQ FT | Available Date: | Now | Community | Belmont | Floor Plan | Haylee | View Detail | As low as | $2,731",
2026-07-31,Trophy Signature Homes,DFW,https://trophysignaturehomes.com/homes/dallas-ft-worth,https://trophysignaturehomes.com/homes/dallas-ft-worth/lavon/trails-of-lavon/337-yellowstar-lane,ab9ef7111cd254eec0,Trails of Lavon,"337 Yellowstar Lane Lavon, TX 75166",,Stanley II,Available | Now,399990,,,,,,,"$399,990 | 337 Yellowstar Lane | Lavon, TX 75166 | 4 | Beds | 3 | Baths | 2,447 | SQ FT | Available Date: | Now | Community | Trails of Lavon | Floor Plan | Stanley II | 3-Car Garage | View Detail | As low as | $2,624",
2026-07-31,Trophy Signature Homes,DFW,https://trophysignaturehomes.com/homes/dallas-ft-worth,https://trophysignaturehomes.com/homes/dallas-ft-worth/farmersville/lakehaven/4010-austin-drive,094a201952c4e8fcd5,Lakehaven,"4010 Austin Drive Farmersville, TX 75442",,Stanley II,Available | Now,349990,,,,,,,"$349,990 | 4010 Austin Drive | Farmersville, TX 75442 | 4 | Beds | 3 | Baths | 2,447 | SQ FT | Available Date: | Now | Community | Lakehaven | Floor Plan | Stanley II | Lakehaven | View Detail | As low as | $2,664",
2026-07-31,Trophy Signature Homes,DFW,https://trophysignaturehomes.com/homes/dallas-ft-worth,https://trophysignaturehomes.com/homes/dallas-ft-worth/lavon/elevon/911-sleepy-landing-drive,c222be68931d8fe6a4,Elevon,"911 Sleepy Landing Drive Lavon, TX 75166",,Stanley II,Available | Now,374990,,,,,,Savings Shown,"$374,990 | 379990 | Save: | $5,000 | Open | House | Thursday 12PM - 4PM | Saturday & Sunday 12PM - 4PM | 911 Sleepy Landing Drive | Lavon, TX 75166 | 4 | Beds | 3 | Baths | 2,447 | SQ FT | Available Date: | Now | Community | Elevon | Floor Plan | Stanley II | View Detail | As low as | $2,641",
2026-07-31,Trophy Signature Homes,DFW,https://trophysignaturehomes.com/homes/dallas-ft-worth,https://trophysignaturehomes.com/homes/dallas-ft-worth/haslet/madero/1433-companero-street,31a061bd0f40c2afc4,Madero,"1433 Companero Street Haslet, TX 76052",,Stanley II,Available | Now,379990,,,,,,Savings Shown,"$379,990 | 394990 | Save: | $15,000 | 1433 Companero Street | Haslet, TX 76052 | 4 | Beds | 3 | Baths | 2,447 | SQ FT | Available Date: | Now | Community | Madero | Floor Plan | Stanley II | View Detail | As low as | $2,791",
2026-07-31,Trophy Signature Homes,DFW,https://trophysignaturehomes.com/homes/dallas-ft-worth,https://trophysignaturehomes.com/homes/dallas-ft-worth/lavon/nicholson-ranch/1120-del-rio-drive,7b8288c9b8ba93ab93,Nicholson Ranch,"1120 Del Rio Drive Lavon, TX 75166",,Stanley II,Est Completion | August 2026,374990,,,,,,,"$374,990 | 1120 Del Rio Drive | Lavon, TX 75166 | 4 | Beds | 3 | Baths | 2,447 | SQ FT | Est Completion Date: | August 2026 | Community | Nicholson Ranch | Floor Plan | Stanley II | View Detail | As low as | $2,762",
2026-07-31,Trophy Signature Homes,DFW,https://trophysignaturehomes.com/homes/dallas-ft-worth,https://trophysignaturehomes.com/homes/dallas-ft-worth/princeton/windmore/2104-sunshining-road,24e0b5739b81dbc893,Windmore,"2104 Sunshining Road Princeton, TX 75407",,Stanley II,Available | Now,399990,,,,,,Savings Shown,"$399,990 | 404990 | Save: | $5,000 | 2104 Sunshining Road | Princeton, TX 75407 | 4 | Beds | 3 | Baths | 2,448 | SQ FT | Available Date: | Now | Community | Windmore | Floor Plan | Stanley II | Windmore | View Detail | As low as | $2,309",
2026-07-31,Trophy Signature Homes,DFW,https://trophysignaturehomes.com/homes/dallas-ft-worth,https://trophysignaturehomes.com/homes/dallas-ft-worth/farmersville/lakehaven/3913-falcon-drive,fcdac612a359b6848c,Lakehaven,"3913 Falcon Drive Farmersville, TX 75442",,Haylee,Est Completion | August 2026,306990,324990.0,,,,,Price Cut | Savings Shown,"$306,990 | $324,990 | Save: | $18,000 | Open | House | Tuesday & Thursday 12PM - 4PM | Saturday & Sunday 1PM - 5PM | 3913 Falcon Drive | Farmersville, TX 75442 | 4 | Beds | 3 | Baths | 2,448 | SQ FT | Est Completion Date: | August 2026 | Community | Lakehaven | Floor Plan | Haylee | View Detail | As low as | $2,434",
2026-07-31,Trophy Signature Homes,DFW,https://trophysignaturehomes.com/homes/dallas-ft-worth,https://trophysignaturehomes.com/homes/dallas-ft-worth/princeton/windmore/908-windy-valley-road,12d977975806148aef,Windmore,"908 Windy Valley Road Princeton, TX 75407",,Haylee,Available | Now,350990,,,,,,,"$350,990 | 908 Windy Valley Road | Princeton, TX 75407 | 4 | Beds | 3 | Baths | 2,448 | SQ FT | Available Date: | Now | Community | Windmore | Floor Plan | Haylee | View Detail | As low as | $2,739",
2026-07-31,Trophy Signature Homes,DFW,https://trophysignaturehomes.com/homes/dallas-ft-worth,https://trophysignaturehomes.com/homes/dallas-ft-worth/waxahachie/dove-hollow/492-hocking-hills-drive,d6ab2ac00d675f0b77,Dove Hollow,"492 Hocking Hills Drive Waxahachie, TX 75165",,Stanley II,Available | Now,394990,,,,,,Savings Shown,"$394,990 | 399990 | Save: | $5,000 | 492 Hocking Hills Drive | Waxahachie, TX 75165 | 4 | Beds | 3 | Baths | 2,448 | SQ FT | Available Date: | Now | Community | Dove Hollow | Floor Plan | Stanley II | Dove Hollow | View Detail | As low as | $2,337",
2026-07-31,Trophy Signature Homes,DFW,https://trophysignaturehomes.com/homes/dallas-ft-worth,https://trophysignaturehomes.com/homes/dallas-ft-worth/alvarado/lone-oak/1532-mahogany-avenue,08f5ec801482f90a06,Lone Oak,"1532 Mahogany Avenue Alvarado, TX 76009",,Haylee,Available | Now,319990,,,,,,Savings Shown,"$319,990 | 329990 | Save: | $10,000 | Open | House | Thursday 12PM - 2PM | Saturday & Sunday 1PM - 3PM | 1532 Mahogany Avenue | Alvarado, TX 76009 | 4 | Beds | 3 | Baths | 2,448 | SQ FT | Available Date: | Now | Community | Lone Oak | Floor Plan | Haylee | View Detail | As low as | $2,739",
2026-07-31,Trophy Signature Homes,DFW,https://trophysignaturehomes.com/homes/dallas-ft-worth,https://trophysignaturehomes.com/homes/dallas-ft-worth/crowley/tesoro-at-chisholm-trail-ranch/6645-coyote-valley-trail,b802d6867f67164dd2,Tesoro at Chisholm Trail Ranch,"6645 Coyote Valley Trail Crowley, TX 76036",,Stanley II,Available | Now,374990,,,,,,Savings Shown,"$374,990 | 377990 | Save: | $3,000 | Open | House | Saturday & Sunday 1PM - 3PM | 6645 Coyote Valley Trail | Crowley, TX 76036 | 4 | Beds | 3 | Baths | 2,448 | SQ FT | Available Date: | Now | Community | Tesoro at Chisholm Trail Ranch | Floor Plan | Stanley II | View Detail | As low as | $2,911",
2026-07-31,Trophy Signature Homes,DFW,https://trophysignaturehomes.com/homes/dallas-ft-worth,https://trophysignaturehomes.com/homes/dallas-ft-worth/lavon/elevon/1243-treasure-woods-lane,ce6fd88b46fee7e817,Elevon,"1243 Treasure Woods Lane Lavon, TX 75166",,Stanley II,Est Completion | September 2026,411990,,,,,,,"$411,990 | 1243 Treasure Woods Lane | Lavon, TX 75166 | 4 | Beds | 3 | Baths | 2,448 | SQ FT | Est Completion Date: | September 2026 | Community | Elevon | Floor Plan | Stanley II | Elevon 60's | View Detail | As low as | $2,695",
2026-07-31,Trophy Signature Homes,DFW,https://trophysignaturehomes.com/homes/dallas-ft-worth,https://trophysignaturehomes.com/homes/dallas-ft-worth/aubrey/belmont/2233-magenta-lane,edf28d6c1ff0b2caf0,Belmont,"2233 Magenta Lane Aubrey, TX 76227",,Haylee,Est Completion | August 2026,369990,,,,,,,"$369,990 | 2233 Magenta Lane | Aubrey, TX 76227 | 4 | Beds | 3 | Baths | 2,448 | SQ FT | Est Completion Date: | August 2026 | Community | Belmont | Floor Plan | Haylee | View Detail | As low as | $2,426",
2026-07-31,Trophy Signature Homes,DFW,https://trophysignaturehomes.com/homes/dallas-ft-worth,https://trophysignaturehomes.com/homes/dallas-ft-worth/seagoville/stonehaven/1908-kentucky-trail,34892642a687938bf2,Stonehaven,"1908 Kentucky Trail Seagoville, TX 75159",,Haylee,Est Completion | August 2026,339990,,,,,,,"$339,990 | 1908 Kentucky Trail | Seagoville, TX 75159 | 4 | Beds | 3 | Baths | 2,448 | SQ FT | Est Completion Date: | August 2026 | Community | Stonehaven | Floor Plan | Haylee | View Detail | As low as | $2,588",
2026-07-31,Trophy Signature Homes,DFW,https://trophysignaturehomes.com/homes/dallas-ft-worth,https://trophysignaturehomes.com/homes/dallas-ft-worth/dallas-ft-worth/terra-vella/15028-leighton-creek-court,c1a495ce8b07636653,Terra Vella,"15028 Leighton Creek Court Fort Worth, TX 76052",,Haylee,Est Completion | September 2026,378490,,,,,,,"$378,490 | 15028 Leighton Creek Court | Fort Worth, TX 76052 | 4 | Beds | 3 | Baths | 2,448 | SQ FT | Est Completion Date: | September 2026 | Community | Terra Vella | Floor Plan | Haylee | View Detail | As low as | $2,899",
2026-07-31,Trophy Signature Homes,DFW,https://trophysignaturehomes.com/homes/dallas-ft-worth,https://trophysignaturehomes.com/homes/dallas-ft-worth/gunter/sunset-ranch/3202-azalea-lane,67cf36105152dcb407,Sunset Ranch,"3202 Azalea Lane Gunter, TX 75058",,Stanley II,Est Completion | August 2026,379990,,,,,,,"$379,990 | Open | House | Tuesday & Thursday 12PM - 2PM | Saturday & Sunday 1PM - 3PM | 3202 Azalea Lane | Gunter, TX 75058 | 4 | Beds | 3 | Baths | 2,448 | SQ FT | Est Completion Date: | August 2026 | Community | Sunset Ranch | Floor Plan | Stanley II | View Detail | As low as | $2,779",
2026-07-31,Trophy Signature Homes,DFW,https://trophysignaturehomes.com/homes/dallas-ft-worth,https://trophysignaturehomes.com/homes/dallas-ft-worth/crowley/tesoro-at-chisholm-trail-ranch/6644-valley-lake-lane,43445adcac824a7bbd,Tesoro at Chisholm Trail Ranch,"6644 Valley Lake Lane Crowley, TX 76036",,Stanley II,Est Completion | August 2026,380490,,,,,,,"$380,490 | Open | House | Saturday & Sunday 1PM - 3PM | 6644 Valley Lake Lane | Crowley, TX 76036 | 4 | Beds | 3 | Baths | 2,448 | SQ FT | Est Completion Date: | August 2026 | Community | Tesoro at Chisholm Trail Ranch | Floor Plan | Stanley II | View Detail | As low as | $2,372",
2026-07-31,Trophy Signature Homes,DFW,https://trophysignaturehomes.com/homes/dallas-ft-worth,https://trophysignaturehomes.com/homes/dallas-ft-worth/mckinney/southridge/3603-high-valley-drive,616021d6f1e40f304e,Southridge,"3603 High Valley Drive McKinney, TX 75071",,Haylee,Available | Now,347990,,,,,,Savings Shown,"$347,990 | 349990 | Save: | $2,000 | 3603 High Valley Drive | McKinney, TX 75071 | 4 | Beds | 3 | Baths | 2,466 | SQ FT | Available Date: | Now | Community | Southridge | Floor Plan | Haylee | View Detail | As low as | $2,372",
2026-07-31,Trophy Signature Homes,DFW,https://trophysignaturehomes.com/homes/dallas-ft-worth,https://trophysignaturehomes.com/homes/dallas-ft-worth/alvarado/lone-oak/905-mossy-oak-drive,455b1d645f6c78d2c0,Lone Oak,"905 Mossy Oak Drive Alvarado, TX 76009",,Haylee,Available | Now,324990,,,,,,Savings Shown,"$324,990 | 331990 | Save: | $7,000 | 905 Mossy Oak Drive | Alvarado, TX 76009 | 4 | Beds | 3 | Baths | 2,466 | SQ FT | Available Date: | Now | Community | Lone Oak | Floor Plan | Haylee | View Detail | As low as | $3,310",
2026-07-31,Trophy Signature Homes,DFW,https://trophysignaturehomes.com/homes/dallas-ft-worth,https://trophysignaturehomes.com/homes/dallas-ft-worth/aledo/morningstar/733-lyft-lane,47f5139bed4fcd537e,Morningstar,"733 Lyft Lane Aledo, TX 76008",,Stanley II,Available | Now,434990,,,,,,Savings Shown,"$434,990 | 439990 | Save: | $5,000 | 733 Lyft Lane | Aledo, TX 76008 | 4 | Beds | 3 | Baths | 2,466 | SQ FT | Available Date: | Now | Community | Morningstar | Floor Plan | Stanley II | View Detail | As low as | $2,564",
2026-07-31,Trophy Signature Homes,DFW,https://trophysignaturehomes.com/homes/dallas-ft-worth,https://trophysignaturehomes.com/homes/dallas-ft-worth/dallas-ft-worth/terra-vella/881-rockcloud-drive,088ef69c2172469bc0,Terra Vella,"881 Rockcloud Drive Fort Worth, TX 76052",,Haylee,Est Completion | August 2026,374990,,,,,,,"$374,990 | 881 Rockcloud Drive | Fort Worth, TX 76052 | 4 | Beds | 3 | Baths | 2,466 | SQ FT | Est Completion Date: | August 2026 | Community | Terra Vella | Floor Plan | Haylee | View Detail | As low as | $2,429",
2026-07-31,Trophy Signature Homes,DFW,https://trophysignaturehomes.com/homes/dallas-ft-worth,https://trophysignaturehomes.com/homes/dallas-ft-worth/alvarado/lone-oak/1504-mahogany-avenue,01680a8b735207a467,Lone Oak,"1504 Mahogany Avenue Alvarado, TX 76009",,Haylee,Est Completion | September 2026,332990,,,,,,,"$332,990 | 1504 Mahogany Avenue | Alvarado, TX 76009 | 4 | Beds | 3 | Baths | 2,466 | SQ FT | Est Completion Date: | September 2026 | Community | Lone Oak | Floor Plan | Haylee | View Detail | As low as | $3,546",
2026-07-31,Trophy Signature Homes,DFW,https://trophysignaturehomes.com/homes/dallas-ft-worth,https://trophysignaturehomes.com/homes/dallas-ft-worth/mckinney/painted-tree/4704-starlight-drive,eeb1a34c2c87d8f718,Painted Tree,"4704 Starlight Drive Mckinney, TX 75071",,Stanley II,Est Completion | August 2026,524990,,,,,,,"$524,990 | 4704 Starlight Drive | Mckinney, TX 75071 | 4 | Beds | 3 | Baths | 2,466 | SQ FT | Est Completion Date: | August 2026 | Community | Painted Tree | Floor Plan | Stanley II | Painted Tree | View Detail | As low as | $2,813",
2026-07-31,Trophy Signature Homes,DFW,https://trophysignaturehomes.com/homes/dallas-ft-worth,https://trophysignaturehomes.com/homes/dallas-ft-worth/princeton/windmore/2109-sunshining-road,a4f1a3161421792b07,Windmore,"2109 Sunshining Road Princeton, TX 75407",,Stanley II,Available | Now,407490,,,,,,,"$407,490 | 2109 Sunshining Road | Princeton, TX 75407 | 4 | Beds | 3 | Baths | 2,474 | SQ FT | Available Date: | Now | Community | Windmore | Floor Plan | Stanley II | Windmore | View Detail | As low as | $2,602",
2026-07-31,Trophy Signature Homes,DFW,https://trophysignaturehomes.com/homes/dallas-ft-worth,https://trophysignaturehomes.com/homes/dallas-ft-worth/aubrey/belmont/8360-kingfisher-road,5cdb618137171ef218,Belmont,"8360 Kingfisher Road Aubrey, TX 76227",,Willow,Available | Now,356990,,,,,,Savings Shown,"$356,990 | 376990 | Save: | $20,000 | 8360 Kingfisher Road | Aubrey, TX 76227 | 4 | Beds | 3 | .5 | Baths | 2,536 | SQ FT | Available Date: | Now | Community | Belmont | Floor Plan | Willow | View Detail | As low as | $2,608",
2026-07-31,Trophy Signature Homes,DFW,https://trophysignaturehomes.com/homes/dallas-ft-worth,https://trophysignaturehomes.com/homes/dallas-ft-worth/lavon/nicholson-ranch/308-millwood-road,ad37743e01467f39e4,Nicholson Ranch,"308 Millwood Road Lavon, TX 75166",,Willow,Available | Now,349990,,,,,,Savings Shown,"$349,990 | 357990 | Save: | $8,000 | Open | House | Tuesday & Thursday 12PM - 4PM | Saturday & Sunday 12PM - 4PM | 308 Millwood Road | Lavon, TX 75166 | 4 | Beds | 3 | .5 | Baths | 2,536 | SQ FT | Available Date: | Now | Community | Nicholson Ranch | Floor Plan | Willow | View Detail | As low as | $2,608",
2026-07-31,Trophy Signature Homes,DFW,https://trophysignaturehomes.com/homes/dallas-ft-worth,https://trophysignaturehomes.com/homes/dallas-ft-worth/lavon/nicholson-ranch/324-millwood-road,de5dc04362f67c6b7e,Nicholson Ranch,"324 Millwood Road Lavon, TX 75166",,Willow,Available | Now,349990,,,,,,Savings Shown,"$349,990 | 357990 | Save: | $8,000 | 324 Millwood Road | Lavon, TX 75166 | 4 | Beds | 3 | .5 | Baths | 2,536 | SQ FT | Available Date: | Now | Community | Nicholson Ranch | Floor Plan | Willow | View Detail | As low as | $2,441",
2026-07-31,Trophy Signature Homes,DFW,https://trophysignaturehomes.com/homes/dallas-ft-worth,https://trophysignaturehomes.com/homes/dallas-ft-worth/farmersville/lakehaven/4107-zoe-lane,b64ec16c14de55b6e3,Lakehaven,"4107 Zoe Lane Farmersville, TX 75442",,Willow,Est Completion | August 2026,324990,,,,,,,"$324,990 | 4107 Zoe Lane | Farmersville, TX 75442 | 4 | Beds | 3 | .5 | Baths | 2,536 | SQ FT | Est Completion Date: | August 2026 | Community | Lakehaven | Floor Plan | Willow | View Detail | As low as | $2,588",
2026-07-31,Trophy Signature Homes,DFW,https://trophysignaturehomes.com/homes/dallas-ft-worth,https://trophysignaturehomes.com/homes/dallas-ft-worth/aubrey/belmont/8349-kingfisher-road,14499aaf941bb1188c,Belmont,"8349 Kingfisher Road Aubrey, TX 76227",,Willow,Est Completion | August 2026,354990,,,,,,,"$354,990 | 8349 Kingfisher Road | Aubrey, TX 76227 | 4 | Beds | 3 | .5 | Baths | 2,536 | SQ FT | Est Completion Date: | August 2026 | Community | Belmont | Floor Plan | Willow | View Detail | As low as | $2,652",
2026-07-31,Trophy Signature Homes,DFW,https://trophysignaturehomes.com/homes/dallas-ft-worth,https://trophysignaturehomes.com/homes/dallas-ft-worth/forney/devonshire/1865-balfour-bend,e1d66f31c41395841f,Devonshire,"1865 Balfour Bend Forney, TX 75126",,Willow,Available | Now,349990,,,,,,,"$349,990 | 1865 Balfour Bend | Forney, TX 75126 | 4 | Beds | 3 | .5 | Baths | 2,537 | SQ FT | Available Date: | Now | Community | Devonshire | Floor Plan | Willow | View Detail | As low as | $2,443",
2026-07-31,Trophy Signature Homes,DFW,https://trophysignaturehomes.com/homes/dallas-ft-worth,https://trophysignaturehomes.com/homes/dallas-ft-worth/mckinney/eastridge/714-knox-river-drive,e642a55d15c1099e03,Eastridge,"714 Knox River Drive McKinney, TX 75071",,Willow,Est Completion | August 2026,359990,,,,,,,"$359,990 | 714 Knox River Drive | McKinney, TX 75071 | 4 | Beds | 3 | .5 | Baths | 2,537 | SQ FT | Est Completion Date: | August 2026 | Community | Eastridge | Floor Plan | Willow | View Detail | As low as | $2,260",
2026-07-31,Trophy Signature Homes,DFW,https://trophysignaturehomes.com/homes/dallas-ft-worth,https://trophysignaturehomes.com/homes/dallas-ft-worth/princeton/lowry-trails/2716-baynes-place,f3aa6eadde6ce4efae,Lowry Trails,"2716 Baynes Place Princeton, TX 75407",,Willow,Available | Now,347990,,,,,,Savings Shown,"$347,990 | 352490 | Save: | $4,500 | Open | House | Thursday 12PM - 2PM | Saturday & Sunday 1PM - 3PM | 2716 Baynes Place | Princeton, TX 75407 | 4 | Beds | 3 | .5 | Baths | 2,537 | SQ FT | Available Date: | Now | Community | Lowry Trails | Floor Plan | Willow | View Detail | As low as | $2,509",
2026-07-31,Trophy Signature Homes,DFW,https://trophysignaturehomes.com/homes/dallas-ft-worth,https://trophysignaturehomes.com/homes/dallas-ft-worth/mckinney/eastridge/806-knox-river-drive,179e61c90b77179e5d,Eastridge,"806 Knox River Drive McKinney, TX 75071",,Willow,Est Completion | August 2026,369990,,,,,,,"$369,990 | 806 Knox River Drive | McKinney, TX 75071 | 4 | Beds | 3 | .5 | Baths | 2,537 | SQ FT | Est Completion Date: | August 2026 | Community | Eastridge | Floor Plan | Willow | View Detail | As low as | $2,273",
2026-07-31,Trophy Signature Homes,DFW,https://trophysignaturehomes.com/homes/dallas-ft-worth,https://trophysignaturehomes.com/homes/dallas-ft-worth/princeton/lowry-trails/2806-auburn-court,eaae4a9c74342b49f6,Lowry Trails,"2806 Auburn Court Princeton, TX 75407",,Willow,Est Completion | September 2026,349990,,,,,,,"$349,990 | 2806 Auburn Court | Princeton, TX 75407 | 4 | Beds | 3 | .5 | Baths | 2,537 | SQ FT | Est Completion Date: | September 2026 | Community | Lowry Trails | Floor Plan | Willow | View Detail | As low as | $3,027",
2026-07-31,Trophy Signature Homes,DFW,https://trophysignaturehomes.com/homes/dallas-ft-worth,https://trophysignaturehomes.com/homes/dallas-ft-worth/farmersville/lakehaven/4012-austin-drive,5c12563f0c91033e9a,Lakehaven,"4012 Austin Drive Farmersville, TX 75442",,Gilmour II,Available | Now,404990,,,,,,,"$404,990 | 4012 Austin Drive | Farmersville, TX 75442 | 4 | Beds | 3 | Baths | 2,653 | SQ FT | Available Date: | Now | Community | Lakehaven | Floor Plan | Gilmour II | View Detail | As low as | $3,224",
2026-07-31,Trophy Signature Homes,DFW,https://trophysignaturehomes.com/homes/dallas-ft-worth,https://trophysignaturehomes.com/homes/dallas-ft-worth/forney/devonshire/1138-nora-lane,53728e4b7bc28fc933,Devonshire,"1138 Nora Lane Forney, TX 75126",,Gilmour II,Est Completion | August 2026,427490,,,,,,,"$427,490 | Open | House | Tuesday & Thursday 12PM - 4PM | Saturday & Sunday 12PM - 4PM | 1138 Nora Lane | Forney, TX 75126 | 4 | Beds | 3 | Baths | 2,653 | SQ FT | Est Completion Date: | August 2026 | Community | Devonshire | Floor Plan | Gilmour II | View Detail | As low as | $3,028",
2026-07-31,Trophy Signature Homes,DFW,https://trophysignaturehomes.com/homes/dallas-ft-worth,https://trophysignaturehomes.com/homes/dallas-ft-worth/waxahachie/dove-hollow/461-hocking-hills-drive,955c1364712621f0d5,Dove Hollow,"461 Hocking Hills Drive Waxahachie, TX 75165",,Gilmour II,Est Completion | August 2026,437490,,,,,,,"$437,490 | 461 Hocking Hills Drive | Waxahachie, TX 75165 | 4 | Beds | 3 | Baths | 2,653 | SQ FT | Est Completion Date: | August 2026 | Community | Dove Hollow | Floor Plan | Gilmour II | View Detail | As low as | $3,132",
2026-07-31,Trophy Signature Homes,DFW,https://trophysignaturehomes.com/homes/dallas-ft-worth,https://trophysignaturehomes.com/homes/dallas-ft-worth/lavon/elevon/1255-treasure-woods-lane,a28846f6ae05b4faed,Elevon,"1255 Treasure Woods Lane Lavon, TX 75166",,Gilmour II,Est Completion | August 2026,444990,,,,,,,"$444,990 | 1255 Treasure Woods Lane | Lavon, TX 75166 | 4 | Beds | 3 | Baths | 2,653 | SQ FT | Est Completion Date: | August 2026 | Community | Elevon | Floor Plan | Gilmour II | View Detail | As low as | $3,064",
2026-07-31,Trophy Signature Homes,DFW,https://trophysignaturehomes.com/homes/dallas-ft-worth,https://trophysignaturehomes.com/homes/dallas-ft-worth/princeton/windmore/2121-sunshining-road,c60ec741eafa283a8f,Windmore,"2121 Sunshining Road Princeton, TX 75407",,Gilmour II,Est Completion | August 2026,444990,,,,,,,"$444,990 | 2121 Sunshining Road | Princeton, TX 75407 | 4 | Beds | 3 | Baths | 2,653 | SQ FT | Est Completion Date: | August 2026 | Community | Windmore | Floor Plan | Gilmour II | View Detail | As low as | $2,822",
2026-07-31,Trophy Signature Homes,DFW,https://trophysignaturehomes.com/homes/dallas-ft-worth,https://trophysignaturehomes.com/homes/dallas-ft-worth/aubrey/belmont/7628-kingfisher-road,8e25578b921547235b,Belmont,"7628 Kingfisher Road Aubrey, TX 76227",,Holden,Available | Now,387990,409990.0,,,,,Price Cut | Savings Shown,"$387,990 | $409,990 | Save: | $22,000 | Open | House | Tuesday 12PM - 2PM | Saturday & Sunday 1PM - 3PM | 7628 Kingfisher Road | Aubrey, TX 76227 | 5 | Beds | 3 | Baths | 2,660 | SQ FT | Available Date: | Now | Community | Belmont | Floor Plan | Holden | View Detail | As low as | $2,852",
2026-07-31,Trophy Signature Homes,DFW,https://trophysignaturehomes.com/homes/dallas-ft-worth,https://trophysignaturehomes.com/homes/dallas-ft-worth/mckinney/southridge/3709-turpin-drive,fb23c547d2618ec855,Southridge,"3709 Turpin Drive McKinney, TX 75071",,Gilmour II,Available | Now,419990,,,,,,Savings Shown,"$419,990 | 437990 | Save: | $18,000 | Open | House | Tuesday & Thursday 12PM - 2PM | Saturday & Sunday 1PM - 3PM | 3709 Turpin Drive | McKinney, TX 75071 | 4 | Beds | 3 | Baths | 2,667 | SQ FT | Available Date: | Now | Community | Southridge | Floor Plan | Gilmour II | View Detail | As low as | $2,886",
2026-07-31,Trophy Signature Homes,DFW,https://trophysignaturehomes.com/homes/dallas-ft-worth,https://trophysignaturehomes.com/homes/dallas-ft-worth/mckinney/southridge/3710-copperwood-drive,1937fc5ac0bf2a95f7,Southridge,"3710 Copperwood Drive McKinney, TX 75071",,Gilmour II,Available | Now,424990,,,,,,Savings Shown,"$424,990 | 444990 | Save: | $20,000 | 3710 Copperwood Drive | McKinney, TX 75071 | 4 | Beds | 3 | Baths | 2,667 | SQ FT | Available Date: | Now | Community | Southridge | Floor Plan | Gilmour II | View Detail | As low as | $3,197",
2026-07-31,Trophy Signature Homes,DFW,https://trophysignaturehomes.com/homes/dallas-ft-worth,https://trophysignaturehomes.com/homes/dallas-ft-worth/gunter/sunset-ranch/3206-azalea-lane,6686707b6bc0b08636,Sunset Ranch,"3206 Azalea Lane Gunter, TX 75058",,Gilmour II,Est Completion | August 2026,419990,,,,,,,"$419,990 | Open | House | Tuesday & Thursday 12PM - 2PM | Saturday & Sunday 1PM - 3PM | 3206 Azalea Lane | Gunter, TX 75058 | 4 | Beds | 3 | Baths | 2,667 | SQ FT | Est Completion Date: | August 2026 | Community | Sunset Ranch | Floor Plan | Gilmour II | View Detail | As low as | $2,946",
2026-07-31,Trophy Signature Homes,DFW,https://trophysignaturehomes.com/homes/dallas-ft-worth,https://trophysignaturehomes.com/homes/dallas-ft-worth/waxahachie/dove-hollow/480-hocking-hills-drive,943d499c94f0470797,Dove Hollow,"480 Hocking Hills Drive Waxahachie, TX 75165",,Masters,Available | Now,425490,,,,,,,"$425,490 | 480 Hocking Hills Drive | Waxahachie, TX 75165 | 5 | Beds | 4 | Baths | 2,682 | SQ FT | Available Date: | Now | Community | Dove Hollow | Floor Plan | Masters | Dove Hollow | View Detail | As low as | $2,701",
2026-07-31,Trophy Signature Homes,DFW,https://trophysignaturehomes.com/homes/dallas-ft-worth,https://trophysignaturehomes.com/homes/dallas-ft-worth/seagoville/stonehaven/2029-chariot-court,f882133cf1e21c17a6,Stonehaven,"2029 Chariot Court Seagoville, TX 75159",,Masters,Est Completion | September 2026,379490,,,,,,,"$379,490 | 2029 Chariot Court | Seagoville, TX 75159 | 5 | Beds | 4 | Baths | 2,682 | SQ FT | Est Completion Date: | September 2026 | Community | Stonehaven | Floor Plan | Masters | Stonehaven | View Detail | As low as | $3,265",
2026-07-31,Trophy Signature Homes,DFW,https://trophysignaturehomes.com/homes/dallas-ft-worth,https://trophysignaturehomes.com/homes/dallas-ft-worth/gunter/sunset-ranch/2116-rowan-drive,20d023cb5503c4ae3b,Sunset Ranch,"2116 Rowan Drive Gunter, TX 75058",,Claret,Available | Now,428990,,,,,,Savings Shown,"$428,990 | 438990 | Save: | $10,000 | 2116 Rowan Drive | Gunter, TX 75058 | 4 | Beds | 3 | Baths | 2,704 | SQ FT | Available Date: | Now | Community | Sunset Ranch | Floor Plan | Claret | View Detail | As low as | $2,811",
2026-07-31,Trophy Signature Homes,DFW,https://trophysignaturehomes.com/homes/dallas-ft-worth,https://trophysignaturehomes.com/homes/dallas-ft-worth/haslet/madero/1413-companero-street,1d2b68e5b596d08ae3,Madero,"1413 Companero Street Haslet, TX 76052",,Claret,Est Completion | August 2026,404990,,,,,,,"$404,990 | 1413 Companero Street | Haslet, TX 76052 | 4 | Beds | 3 | Baths | 2,704 | SQ FT | Est Completion Date: | August 2026 | Community | Madero | Floor Plan | Claret | View Detail | As low as | $3,175",
2026-07-31,Trophy Signature Homes,DFW,https://trophysignaturehomes.com/homes/dallas-ft-worth,https://trophysignaturehomes.com/homes/dallas-ft-worth/gunter/sunset-ranch/3200-azalea-lane,4e279d48b0919e37e8,Sunset Ranch,"3200 Azalea Lane Gunter, TX 75058",,Claret,Est Completion | August 2026,416990,,,,,,,"$416,990 | Open | House | Tuesday & Thursday 12PM - 2PM | Saturday & Sunday 1PM - 3PM | 3200 Azalea Lane | Gunter, TX 75058 | 4 | Beds | 3 | Baths | 2,704 | SQ FT | Est Completion Date: | August 2026 | Community | Sunset Ranch | Floor Plan | Claret | View Detail | As low as | $3,221",
2026-07-31,Trophy Signature Homes,DFW,https://trophysignaturehomes.com/homes/dallas-ft-worth,https://trophysignaturehomes.com/homes/dallas-ft-worth/waxahachie/dove-hollow/453-hocking-hills-drive,dc6d40b4fd477197bb,Dove Hollow,"453 Hocking Hills Drive Waxahachie, TX 75165",,Claret,Est Completion | August 2026,465900,,,,,,,"$465,900 | 453 Hocking Hills Drive | Waxahachie, TX 75165 | 4 | Beds | 3 | Baths | 2,704 | SQ FT | Est Completion Date: | August 2026 | Community | Dove Hollow | Floor Plan | Claret | Dove Hollow | View Detail | As low as | $3,384",
2026-07-31,Trophy Signature Homes,DFW,https://trophysignaturehomes.com/homes/dallas-ft-worth,https://trophysignaturehomes.com/homes/dallas-ft-worth/aledo/morningstar/749-lyft-lane,2f23fb1575eb899b58,Morningstar,"749 Lyft Lane Aledo, TX 76008",,Claret,Available | Now,444990,459990.0,,,,,Price Cut | Savings Shown,"$444,990 | $459,990 | Save: | $15,000 | Open | House | Thursday 12PM - 2PM | Saturday & Sunday 1PM - 3PM | 749 Lyft Lane | Aledo, TX 76008 | 4 | Beds | 3 | Baths | 2,705 | SQ FT | Available Date: | Now | Community | Morningstar | Floor Plan | Claret | View Detail | As low as | $2,886",
2026-07-31,Trophy Signature Homes,DFW,https://trophysignaturehomes.com/homes/dallas-ft-worth,https://trophysignaturehomes.com/homes/dallas-ft-worth/mckinney/southridge/3708-copperwood-drive,1c94ad671f1b91a097,Southridge,"3708 Copperwood Drive McKinney, TX 75071",,Claret,Available | Now,424990,,,,,,Savings Shown,"$424,990 | 429990 | Save: | $5,000 | 3708 Copperwood Drive | McKinney, TX 75071 | 4 | Beds | 3 | Baths | 2,705 | SQ FT | Available Date: | Now | Community | Southridge | Floor Plan | Claret | 3-Car Garage | View Detail | As low as | $3,710",
2026-07-31,Trophy Signature Homes,DFW,https://trophysignaturehomes.com/homes/dallas-ft-worth,https://trophysignaturehomes.com/homes/dallas-ft-worth/mckinney/painted-tree/4624-starlight-drive,53d933006a802aeb8a,Painted Tree,"4624 Starlight Drive Mckinney, TX 75071",,Claret,Est Completion | August 2026,549990,,,,,,,"$549,990 | 4624 Starlight Drive | Mckinney, TX 75071 | 4 | Beds | 3 | Baths | 2,727 | SQ FT | Est Completion Date: | August 2026 | Community | Painted Tree | Floor Plan | Claret | View Detail | As low as | $3,160",
2026-07-31,Trophy Signature Homes,DFW,https://trophysignaturehomes.com/homes/dallas-ft-worth,https://trophysignaturehomes.com/homes/dallas-ft-worth/gunter/sunset-ranch/2109-rowan-drive,f4c813edc405075bf3,Sunset Ranch,"2109 Rowan Drive Gunter, TX 75058",,Claret,Available | Now,414990,427490.0,,,,,Price Cut | Savings Shown,"$414,990 | $427,490 | Save: | $12,500 | Open | House | Tuesday & Thursday 12PM - 2PM | Saturday & Sunday 1PM - 3PM | 2109 Rowan Drive | Gunter, TX 75058 | 4 | Beds | 3 | Baths | 2,728 | SQ FT | Available Date: | Now | Community | Sunset Ranch | Floor Plan | Claret | View Detail | As low as | $2,907",
2026-07-31,Trophy Signature Homes,DFW,https://trophysignaturehomes.com/homes/dallas-ft-worth,https://trophysignaturehomes.com/homes/dallas-ft-worth/haslet/madero/1429-companero-street,ab53b272cf8a25bc18,Madero,"1429 Companero Street Haslet, TX 76052",,Claret,Available | Now,418990,,,,,,Savings Shown,"$418,990 | 428990 | Save: | $10,000 | 1429 Companero Street | Haslet, TX 76052 | 4 | Beds | 3 | Baths | 2,728 | SQ FT | Available Date: | Now | Community | Madero | Floor Plan | Claret | View Detail | As low as | $3,105",
2026-07-31,Trophy Signature Homes,DFW,https://trophysignaturehomes.com/homes/dallas-ft-worth,https://trophysignaturehomes.com/homes/dallas-ft-worth/forney/devonshire/1866-balfour-bend,bd6d4a672013c640c4,Devonshire,"1866 Balfour Bend Forney, TX 75126",,Claret,Available | Now,411400,,,,,,,"$411,400 | 1866 Balfour Bend | Forney, TX 75126 | 4 | Beds | 3 | Baths | 2,728 | SQ FT | Available Date: | Now | Community | Devonshire | Floor Plan | Claret | Devonshire | View Detail | As low as | $2,920",
2026-07-31,Trophy Signature Homes,DFW,https://trophysignaturehomes.com/homes/dallas-ft-worth,https://trophysignaturehomes.com/homes/dallas-ft-worth/princeton/windmore/2107-heatwave-lane,8c92f416c561972bd0,Windmore,"2107 Heatwave Lane Princeton, TX 75407",,Claret,Available | Now,423490,437490.0,,,,,Price Cut | Savings Shown,"$423,490 | $437,490 | Save: | $14,000 | 2107 Heatwave Lane | Princeton, TX 75407 | 4 | Beds | 3 | Baths | 2,728 | SQ FT | Available Date: | Now | Community | Windmore | Floor Plan | Claret | Windmore | View Detail | As low as | $2,722",
2026-07-31,Trophy Signature Homes,DFW,https://trophysignaturehomes.com/homes/dallas-ft-worth,https://trophysignaturehomes.com/homes/dallas-ft-worth/mckinney/southridge/207-whitlow-drive,8fb773813aca95d04b,Southridge,"207 Whitlow Drive McKinney, TX 75071",,Claret,Est Completion | August 2026,400490,,,,,,Savings Shown,"$400,490 | 402490 | Save: | $2,000 | 207 Whitlow Drive | McKinney, TX 75071 | 4 | Beds | 3 | Baths | 2,728 | SQ FT | Est Completion Date: | August 2026 | Community | Southridge | Floor Plan | Claret | View Detail | As low as | $2,853",
2026-07-31,Trophy Signature Homes,DFW,https://trophysignaturehomes.com/homes/dallas-ft-worth,https://trophysignaturehomes.com/homes/dallas-ft-worth/mckinney/eastridge/724-summerberry-drive,a82ee5cfe68e2d3a7b,Eastridge,"724 Summerberry Drive McKinney, TX 75071",,Claret,Est Completion | August 2026,421990,,,,,,,"$421,990 | Open | House | Tuesday & Thursday 12PM - 2PM | Saturday & Sunday 1PM - 3PM | 724 Summerberry Drive | McKinney, TX 75071 | 4 | Beds | 3 | Baths | 2,728 | SQ FT | Est Completion Date: | August 2026 | Community | Eastridge | Floor Plan | Claret | View Detail | As low as | $2,831",
2026-07-31,Trophy Signature Homes,DFW,https://trophysignaturehomes.com/homes/dallas-ft-worth,https://trophysignaturehomes.com/homes/dallas-ft-worth/lavon/elevon/909-bright-acre-trail,37c13fb30d9cbb18ed,Elevon,"909 Bright Acre Trail Lavon, TX 75166",,Claret,Est Completion | August 2026,399990,,,,,,,"$399,990 | 909 Bright Acre Trail | Lavon, TX 75166 | 4 | Beds | 3 | Baths | 2,728 | SQ FT | Est Completion Date: | August 2026 | Community | Elevon | Floor Plan | Claret | View Detail | As low as | $2,426",
2026-07-31,Trophy Signature Homes,DFW,https://trophysignaturehomes.com/homes/dallas-ft-worth,https://trophysignaturehomes.com/homes/dallas-ft-worth/farmersville/lakehaven/3917-falcon-drive,12fda6f67f40d4c7a4,Lakehaven,"3917 Falcon Drive Farmersville, TX 75442",,Holden,Available | Now,322990,359990.0,,,,,Price Cut | Savings Shown,"$322,990 | $359,990 | Save: | $37,000 | 3917 Falcon Drive | Farmersville, TX 75442 | 5 | Beds | 3 | Baths | 2,771 | SQ FT | Available Date: | Now | Community | Lakehaven | Floor Plan | Holden | View Detail | As low as | $2,444",
2026-07-31,Trophy Signature Homes,DFW,https://trophysignaturehomes.com/homes/dallas-ft-worth,https://trophysignaturehomes.com/homes/dallas-ft-worth/alvarado/lone-oak/900-mossy-oak-drive,83956bee6282b588f1,Lone Oak,"900 Mossy Oak Drive Alvarado, TX 76009",,Holden,Available | Now,334990,366990.0,,,,,Price Cut | Savings Shown,"$334,990 | $366,990 | Save: | $32,000 | Open | House | Thursday 12PM - 2PM | Saturday & Sunday 1PM - 3PM | 900 Mossy Oak Drive | Alvarado, TX 76009 | 5 | Beds | 3 | Baths | 2,771 | SQ FT | Available Date: | Now | Community | Lone Oak | Floor Plan | Holden | View Detail | As low as | $2,822",
2026-07-31,Trophy Signature Homes,DFW,https://trophysignaturehomes.com/homes/dallas-ft-worth,https://trophysignaturehomes.com/homes/dallas-ft-worth/aubrey/belmont/7716-kingfisher-road,b118ccae22d7d6afb2,Belmont,"7716 Kingfisher Road Aubrey, TX 76227",,Holden,Available | Now,387990,409990.0,,,,,Price Cut | Savings Shown,"$387,990 | $409,990 | Save: | $22,000 | 7716 Kingfisher Road | Aubrey, TX 76227 | 5 | Beds | 3 | Baths | 2,771 | SQ FT | Available Date: | Now | Community | Belmont | Floor Plan | Holden | View Detail | As low as | $2,500",
2026-07-31,Trophy Signature Homes,DFW,https://trophysignaturehomes.com/homes/dallas-ft-worth,https://trophysignaturehomes.com/homes/dallas-ft-worth/farmersville/lakehaven/3510-brazos-drive,e3491158f40e7c0993,Lakehaven,"3510 Brazos Drive Farmersville, TX 75442",,Holden,Available | Now,332990,,,,,,Savings Shown,"$332,990 | 345990 | Save: | $13,000 | Open | House | Tuesday & Thursday 12PM - 4PM | Saturday & Sunday 1PM - 5PM | 3510 Brazos Drive | Farmersville, TX 75442 | 5 | Beds | 3 | Baths | 2,771 | SQ FT | Available Date: | Now | Community | Lakehaven | Floor Plan | Holden | View Detail | As low as | $2,811",
2026-07-31,Trophy Signature Homes,DFW,https://trophysignaturehomes.com/homes/dallas-ft-worth,https://trophysignaturehomes.com/homes/dallas-ft-worth/crowley/tesoro-at-chisholm-trail-ranch/6637-coyote-valley-trail,16744ea559eabaeecf,Tesoro at Chisholm Trail Ranch,"6637 Coyote Valley Trail Crowley, TX 76036",,Holden,Available | Now,384990,,,,,,Savings Shown,"$384,990 | 387990 | Save: | $3,000 | Open | House | Saturday & Sunday 1PM - 3PM | 6637 Coyote Valley Trail | Crowley, TX 76036 | 5 | Beds | 3 | Baths | 2,771 | SQ FT | Available Date: | Now | Community | Tesoro at Chisholm Trail Ranch | Floor Plan | Holden | View Detail | As low as | $2,699",
2026-07-31,Trophy Signature Homes,DFW,https://trophysignaturehomes.com/homes/dallas-ft-worth,https://trophysignaturehomes.com/homes/dallas-ft-worth/dallas-ft-worth/terra-vella/15008-leighton-creek-court,e833b9d89505397305,Terra Vella,"15008 Leighton Creek Court Fort Worth, TX 76052",,Holden,Est Completion | September 2026,394990,,,,,,,"$394,990 | 15008 Leighton Creek Court | Fort Worth, TX 76052 | 5 | Beds | 3 | Baths | 2,771 | SQ FT | Est Completion Date: | September 2026 | Community | Terra Vella | Floor Plan | Holden | View Detail | As low as | $2,695",
2026-07-31,Trophy Signature Homes,DFW,https://trophysignaturehomes.com/homes/dallas-ft-worth,https://trophysignaturehomes.com/homes/dallas-ft-worth/dallas-ft-worth/terra-vella/829-rockcloud-drive,4f23670c54b8133032,Terra Vella,"829 Rockcloud Drive Fort Worth, TX 76052",,Holden,Est Completion | August 2026,394490,,,,,,,"$394,490 | 829 Rockcloud Drive | Fort Worth, TX 76052 | 5 | Beds | 3 | Baths | 2,780 | SQ FT | Est Completion Date: | August 2026 | Community | Terra Vella | Floor Plan | Holden | View Detail | As low as | $2,573",
2026-07-31,Trophy Signature Homes,DFW,https://trophysignaturehomes.com/homes/dallas-ft-worth,https://trophysignaturehomes.com/homes/dallas-ft-worth/farmersville/lakehaven/4003-somerville-drive,a455b405eb6318d1b1,Lakehaven,"4003 Somerville Drive Farmersville, TX 75442",,Holden,Est Completion | August 2026,342990,,,,,,,"$342,990 | 4003 Somerville Drive | Farmersville, TX 75442 | 5 | Beds | 3 | Baths | 2,780 | SQ FT | Est Completion Date: | August 2026 | Community | Lakehaven | Floor Plan | Holden | View Detail | As low as | $2,699",
2026-07-31,Trophy Signature Homes,DFW,https://trophysignaturehomes.com/homes/dallas-ft-worth,https://trophysignaturehomes.com/homes/dallas-ft-worth/dallas-ft-worth/terra-vella/15000-santoscoy-street,f9f91dd6cf9dfab01b,Terra Vella,"15000 Santoscoy Street Fort Worth, TX 76052",,Holden,Est Completion | August 2026,394990,,,,,,Savings Shown,"$394,990 | 397490 | Save: | $2,500 | Open | House | Tuesday & Thursday 12PM - 2PM | Saturday & Sunday 1PM - 3PM | 15000 Santoscoy Street | Fort Worth, TX 76052 | 5 | Beds | 3 | Baths | 2,780 | SQ FT | Est Completion Date: | August 2026 | Community | Terra Vella | Floor Plan | Holden | View Detail | As low as | $2,593",
2026-07-31,Trophy Signature Homes,DFW,https://trophysignaturehomes.com/homes/dallas-ft-worth,https://trophysignaturehomes.com/homes/dallas-ft-worth/seagoville/stonehaven/1906-kentucky-trail,ccfe53552c40e54836,Stonehaven,"1906 Kentucky Trail Seagoville, TX 75159",,Holden,Est Completion | August 2026,363990,,,,,,,"$363,990 | 1906 Kentucky Trail | Seagoville, TX 75159 | 5 | Beds | 3 | Baths | 2,792 | SQ FT | Est Completion Date: | August 2026 | Community | Stonehaven | Floor Plan | Holden | View Detail | As low as | $2,479",
2026-07-31,Trophy Signature Homes,DFW,https://trophysignaturehomes.com/homes/dallas-ft-worth,https://trophysignaturehomes.com/homes/dallas-ft-worth/alvarado/lone-oak/1528-mahogany-avenue,9510cab827950aae19,Lone Oak,"1528 Mahogany Avenue Alvarado, TX 76009",,Holden,Available | Now,339990,,,,,,Savings Shown,"$339,990 | 344990 | Save: | $5,000 | Open | House | Thursday 12PM - 2PM | Saturday & Sunday 1PM - 3PM | 1528 Mahogany Avenue | Alvarado, TX 76009 | 5 | Beds | 3 | Baths | 2,793 | SQ FT | Available Date: | Now | Community | Lone Oak | Floor Plan | Holden | View Detail | As low as | $2,544",
2026-07-31,Trophy Signature Homes,DFW,https://trophysignaturehomes.com/homes/dallas-ft-worth,https://trophysignaturehomes.com/homes/dallas-ft-worth/seagoville/stonehaven/2126-derby-drive,1e82d0ebbe0b4bdc61,Stonehaven,"2126 Derby Drive Seagoville, TX 75159",,Holden,Available | Now,356990,,,,,,,"$356,990 | Open | House | Tuesday & Thursday 12PM - 2PM | Saturday & Sunday 1PM - 3PM | 2126 Derby Drive | Seagoville, TX 75159 | 5 | Beds | 3 | Baths | 2,801 | SQ FT | Available Date: | Now | Community | Stonehaven | Floor Plan | Holden | View Detail | As low as | $2,715",
2026-07-31,Trophy Signature Homes,DFW,https://trophysignaturehomes.com/homes/dallas-ft-worth,https://trophysignaturehomes.com/homes/dallas-ft-worth/dallas-ft-worth/terra-vella/869-rockcloud-drive,1d59cdada747f0ff23,Terra Vella,"869 Rockcloud Drive Fort Worth, TX 76052",,Holden,Est Completion | August 2026,397490,,,,,,,"$397,490 | 869 Rockcloud Drive | Fort Worth, TX 76052 | 5 | Beds | 3 | Baths | 2,802 | SQ FT | Est Completion Date: | August 2026 | Community | Terra Vella | Floor Plan | Holden | View Detail | As low as | $2,543",
2026-07-31,Trophy Signature Homes,DFW,https://trophysignaturehomes.com/homes/dallas-ft-worth,https://trophysignaturehomes.com/homes/dallas-ft-worth/alvarado/lone-oak/1500-mahogany-avenue,fd3c5878ef2560fee7,Lone Oak,"1500 Mahogany Avenue Alvarado, TX 76009",,Holden,Est Completion | September 2026,348990,,,,,,,"$348,990 | 1500 Mahogany Avenue | Alvarado, TX 76009 | 5 | Beds | 3 | Baths | 2,802 | SQ FT | Est Completion Date: | September 2026 | Community | Lone Oak | Floor Plan | Holden | View Detail | As low as | $3,010",
2026-07-31,Trophy Signature Homes,DFW,https://trophysignaturehomes.com/homes/dallas-ft-worth,https://trophysignaturehomes.com/homes/dallas-ft-worth/lavon/nicholson-ranch/1128-del-rio-drive,b80a070699e616883e,Nicholson Ranch,"1128 Del Rio Drive Lavon, TX 75166",,Masters,Available | Now,404990,,,,,,,"$404,990 | 1128 Del Rio Drive | Lavon, TX 75166 | 5 | Beds | 4 | Baths | 2,937 | SQ FT | Available Date: | Now | Community | Nicholson Ranch | Floor Plan | Masters | View Detail | As low as | $2,989",
2026-07-31,Trophy Signature Homes,DFW,https://trophysignaturehomes.com/homes/dallas-ft-worth,https://trophysignaturehomes.com/homes/dallas-ft-worth/crowley/tesoro-at-chisholm-trail-ranch/6653-coyote-valley-trail,6c9f5af2b9a1640f77,Tesoro at Chisholm Trail Ranch,"6653 Coyote Valley Trail Crowley, TX 76036",,Masters,Available | Now,409990,,,,,,Savings Shown,"$409,990 | 412990 | Save: | $3,000 | Open | House | Saturday & Sunday 1PM - 3PM | 6653 Coyote Valley Trail | Crowley, TX 76036 | 5 | Beds | 4 | Baths | 2,937 | SQ FT | Available Date: | Now | Community | Tesoro at Chisholm Trail Ranch | Floor Plan | Masters | View Detail | As low as | $2,756",
2026-07-31,Trophy Signature Homes,DFW,https://trophysignaturehomes.com/homes/dallas-ft-worth,https://trophysignaturehomes.com/homes/dallas-ft-worth/farmersville/lakehaven/4001-somerville-drive,43a4932dced3c5898d,Lakehaven,"4001 Somerville Drive Farmersville, TX 75442",,Masters,Est Completion | August 2026,367990,,,,,,,"$367,990 | 4001 Somerville Drive | Farmersville, TX 75442 | 5 | Beds | 4 | Baths | 2,937 | SQ FT | Est Completion Date: | August 2026 | Community | Lakehaven | Floor Plan | Masters | View Detail | As low as | $2,844",
2026-07-31,Trophy Signature Homes,DFW,https://trophysignaturehomes.com/homes/dallas-ft-worth,https://trophysignaturehomes.com/homes/dallas-ft-worth/farmersville/lakehaven/4014-austin-drive,2ef715800d23160557,Lakehaven,"4014 Austin Drive Farmersville, TX 75442",,Masters,Est Completion | September 2026,379990,,,,,,,"$379,990 | 4014 Austin Drive | Farmersville, TX 75442 | 5 | Beds | 4 | Baths | 2,937 | SQ FT | Est Completion Date: | September 2026 | Community | Lakehaven | Floor Plan | Masters | Lakehaven | View Detail | As low as | $3,123",
2026-07-31,Trophy Signature Homes,DFW,https://trophysignaturehomes.com/homes/dallas-ft-worth,https://trophysignaturehomes.com/homes/dallas-ft-worth/gunter/sunset-ranch/3203-linden-lane,fcd4a16065b5392427,Sunset Ranch,"3203 Linden Lane Gunter, TX 75058",,Masters,Est Completion | August 2026,409990,,,,,,,"$409,990 | Open | House | Tuesday & Thursday 12PM - 2PM | Saturday & Sunday 1PM - 3PM | 3203 Linden Lane | Gunter, TX 75058 | 5 | Beds | 4 | Baths | 2,938 | SQ FT | Est Completion Date: | August 2026 | Community | Sunset Ranch | Floor Plan | Masters | View Detail | As low as | $3,028",
2026-07-31,Trophy Signature Homes,DFW,https://trophysignaturehomes.com/homes/dallas-ft-worth,https://trophysignaturehomes.com/homes/dallas-ft-worth/crowley/tesoro-at-chisholm-trail-ranch/6624-dusty-ridge-road,a41cab3b6ebf9a38ba,Tesoro at Chisholm Trail Ranch,"6624 Dusty Ridge Road Crowley, TX 76036",,Masters,Est Completion | August 2026,415490,,,,,,,"$415,490 | Open | House | Saturday & Sunday 1PM - 3PM | 6624 Dusty Ridge Road | Crowley, TX 76036 | 5 | Beds | 4 | Baths | 2,938 | SQ FT | Est Completion Date: | August 2026 | Community | Tesoro at Chisholm Trail Ranch | Floor Plan | Masters | View Detail | As low as | $2,959",
2026-07-31,Trophy Signature Homes,DFW,https://trophysignaturehomes.com/homes/dallas-ft-worth,https://trophysignaturehomes.com/homes/dallas-ft-worth/mckinney/southridge/3709-copperwood-drive,be3325c3ab8f7e4c46,Southridge,"3709 Copperwood Drive McKinney, TX 75071",,Masters,Est Completion | August 2026,435990,,,,,,,"$435,990 | 3709 Copperwood Drive | McKinney, TX 75071 | 5 | Beds | 4 | Baths | 2,948 | SQ FT | Est Completion Date: | August 2026 | Community | Southridge | Floor Plan | Masters | 3-Car Garage | View Detail | As low as | $2,695",
2026-07-31,Trophy Signature Homes,DFW,https://trophysignaturehomes.com/homes/dallas-ft-worth,https://trophysignaturehomes.com/homes/dallas-ft-worth/princeton/windmore/2313-wind-river-drive,f8e2088008dc3f040d,Windmore,"2313 Wind River Drive Princeton, TX 75407",,Masters,Available | Now,389990,,,,,,Savings Shown,"$389,990 | 399990 | Save: | $10,000 | Open | House | Tuesday & Thursday 12PM - 2PM | Saturday & Sunday 1PM - 3PM | 2313 Wind River Drive | Princeton, TX 75407 | 5 | Beds | 4 | Baths | 2,950 | SQ FT | Available Date: | Now | Community | Windmore | Floor Plan | Masters | View Detail | As low as | $3,458",
2026-07-31,Trophy Signature Homes,DFW,https://trophysignaturehomes.com/homes/dallas-ft-worth,https://trophysignaturehomes.com/homes/dallas-ft-worth/aledo/morningstar/15221-supreme-street,0c45a81ac33f0174f6,Morningstar,"15221 Supreme Street Aledo, TX 76008",,Masters,Available | Now,454990,,,,,,Savings Shown,"$454,990 | 474490 | Save: | $19,500 | Open | House | Thursday 12PM - 2PM | Saturday & Sunday 1PM - 3PM | 15221 Supreme Street | Aledo, TX 76008 | 5 | Beds | 4 | Baths | 2,953 | SQ FT | Available Date: | Now | Community | Morningstar | Floor Plan | Masters | View Detail | As low as | $2,683",
2026-07-31,Trophy Signature Homes,DFW,https://trophysignaturehomes.com/homes/dallas-ft-worth,https://trophysignaturehomes.com/homes/dallas-ft-worth/seagoville/stonehaven/2024-chariot-court,946060c33c473a9a4f,Stonehaven,"2024 Chariot Court Seagoville, TX 75159",,Masters,Est Completion | October 2026,376990,,,,,,,"$376,990 | 2024 Chariot Court | Seagoville, TX 75159 | 5 | Beds | 4 | Baths | 2,955 | SQ FT | Est Completion Date: | October 2026 | Community | Stonehaven | Floor Plan | Masters | Stonehaven | View Detail | As low as | $3,458",
2026-07-31,Trophy Signature Homes,DFW,https://trophysignaturehomes.com/homes/dallas-ft-worth,https://trophysignaturehomes.com/homes/dallas-ft-worth/aledo/morningstar/745-lyft-lane,9d9c98d0f269ee598f,Morningstar,"745 Lyft Lane Aledo, TX 76008",,Masters,Available | Now,454990,466490.0,,,,,Price Cut | Savings Shown,"$454,990 | $466,490 | Save: | $11,500 | 745 Lyft Lane | Aledo, TX 76008 | 5 | Beds | 4 | Baths | 2,956 | SQ FT | Available Date: | Now | Community | Morningstar | Floor Plan | Masters | View Detail | As low as | $2,909",
2026-07-31,Trophy Signature Homes,DFW,https://trophysignaturehomes.com/homes/dallas-ft-worth,https://trophysignaturehomes.com/homes/dallas-ft-worth/waxahachie/dove-hollow/489-hundred-acre-drive,a8406e05a8fdc7a003,Dove Hollow,"489 Hundred Acre Drive Waxahachie, TX 75165",,Masters,Est Completion | August 2026,419990,,,,,,Savings Shown,"$419,990 | 425490 | Save: | $5,500 | Open | House | Saturday & Sunday 1PM - 3PM | 489 Hundred Acre Drive | Waxahachie, TX 75165 | 5 | Beds | 4 | Baths | 2,956 | SQ FT | Est Completion Date: | August 2026 | Community | Dove Hollow | Floor Plan | Masters | Dove Hollow | View Detail | As low as | $2,706",
2026-07-31,Trophy Signature Homes,DFW,https://trophysignaturehomes.com/homes/dallas-ft-worth,https://trophysignaturehomes.com/homes/dallas-ft-worth/mckinney/southridge/3605-high-valley-drive,0be9eec204424252d6,Southridge,"3605 High Valley Drive McKinney, TX 75071",,Masters,Available | Now,397990,,,,,,Savings Shown,"$397,990 | 399990 | Save: | $2,000 | 3605 High Valley Drive | McKinney, TX 75071 | 5 | Beds | 4 | Baths | 2,966 | SQ FT | Available Date: | Now | Community | Southridge | Floor Plan | Masters | View Detail | As low as | $2,930",
2026-07-31,Trophy Signature Homes,DFW,https://trophysignaturehomes.com/homes/dallas-ft-worth,https://trophysignaturehomes.com/homes/dallas-ft-worth/princeton/windmore/2103-sunshining-road,82a8bab91102d6227b,Windmore,"2103 Sunshining Road Princeton, TX 75407",,Masters,Available | Now,424990,,,,,,Savings Shown,"$424,990 | 429990 | Save: | $5,000 | 2103 Sunshining Road | Princeton, TX 75407 | 5 | Beds | 4 | Baths | 2,968 | SQ FT | Available Date: | Now | Community | Windmore | Floor Plan | Masters | Windmore | View Detail | As low as | $3,197",
2026-07-31,Trophy Signature Homes,DFW,https://trophysignaturehomes.com/homes/dallas-ft-worth,https://trophysignaturehomes.com/homes/dallas-ft-worth/gunter/sunset-ranch/2112-rowan-drive,430d342dbbf74504a7,Sunset Ranch,"2112 Rowan Drive Gunter, TX 75058",,Masters,Available | Now,419990,434990.0,,,,,Price Cut | Savings Shown,"$419,990 | $434,990 | Save: | $15,000 | 2112 Rowan Drive | Gunter, TX 75058 | 5 | Beds | 4 | Baths | 2,968 | SQ FT | Available Date: | Now | Community | Sunset Ranch | Floor Plan | Masters | View Detail | As low as | $3,362",
2026-07-31,Trophy Signature Homes,DFW,https://trophysignaturehomes.com/homes/dallas-ft-worth,https://trophysignaturehomes.com/homes/dallas-ft-worth/gunter/sunset-ranch/3201-azalea-lane,ed59a4de32a534dec3,Sunset Ranch,"3201 Azalea Lane Gunter, TX 75058",,Masters,Available | Now,441990,,,,,,Savings Shown,"$441,990 | 451990 | Save: | $10,000 | Open | House | Tuesday & Thursday 12PM - 2PM | Saturday & Sunday 1PM - 3PM | 3201 Azalea Lane | Gunter, TX 75058 | 5 | Beds | 4 | Baths | 2,968 | SQ FT | Available Date: | Now | Community | Sunset Ranch | Floor Plan | Masters | View Detail | As low as | $2,869",
2026-07-31,Trophy Signature Homes,DFW,https://trophysignaturehomes.com/homes/dallas-ft-worth,https://trophysignaturehomes.com/homes/dallas-ft-worth/mckinney/eastridge/805-poppleton-drive,6cd614e2c61bf3dc30,Eastridge,"805 Poppleton Drive McKinney, TX 75071",,Masters,Est Completion | August 2026,424490,,,,,,,"$424,490 | 805 Poppleton Drive | McKinney, TX 75071 | 5 | Beds | 4 | Baths | 2,978 | SQ FT | Est Completion Date: | August 2026 | Community | Eastridge | Floor Plan | Masters | View Detail | As low as | $2,898",
2026-07-31,Trophy Signature Homes,DFW,https://trophysignaturehomes.com/homes/dallas-ft-worth,https://trophysignaturehomes.com/homes/dallas-ft-worth/lavon/elevon/213-bright-alcove-court,c119b7290b4918a579,Elevon,"213 Bright Alcove Court Lavon, TX 75166",,Masters,Available | Now,409990,,,,,,Savings Shown,"$409,990 | 415490 | Save: | $5,500 | Open | House | Thursday 12PM - 4PM | Saturday & Sunday 12PM - 4PM | 213 Bright Alcove Court | Lavon, TX 75166 | 5 | Beds | 4 | Baths | 2,986 | SQ FT | Available Date: | Now | Community | Elevon | Floor Plan | Masters | Elevon | View Detail | As low as | $4,233",
2026-07-31,Trophy Signature Homes,DFW,https://trophysignaturehomes.com/homes/dallas-ft-worth,https://trophysignaturehomes.com/homes/dallas-ft-worth/mckinney/painted-tree/4617-starlight-drive,ba10dc836ee4446686,Painted Tree,"4617 Starlight Drive Mckinney, TX 75071",,Picasso II,Available | Now,629490,,,,,,Savings Shown,"$629,490 | 639490 | Save: | $10,000 | Open | House | Saturday & Sunday 1PM - 3PM | 4617 Starlight Drive | Mckinney, TX 75071 | 4 | Beds | 3 | Baths | 3,032 | SQ FT | Available Date: | Now | Community | Painted Tree | Floor Plan | Picasso II | View Detail | As low as | $3,096",
2026-07-31,Trophy Signature Homes,DFW,https://trophysignaturehomes.com/homes/dallas-ft-worth,https://trophysignaturehomes.com/homes/dallas-ft-worth/crowley/tesoro-at-chisholm-trail-ranch/9340-lone-maverick-drive,c62a5203383e9f8ca4,Tesoro at Chisholm Trail Ranch,"9340 Lone Maverick Drive Crowley, TX 76036",,Winters,Available | Now,424990,,,,,,Savings Shown,"$424,990 | 427990 | Save: | $3,000 | Open | House | Saturday & Sunday 1PM - 3PM | 9340 Lone Maverick Drive | Crowley, TX 76036 | 5 | Beds | 3 | Baths | 3,116 | SQ FT | Available Date: | Now | Community | Tesoro at Chisholm Trail Ranch | Floor Plan | Winters | View Detail | As low as | $3,096",
2026-07-31,Trophy Signature Homes,DFW,https://trophysignaturehomes.com/homes/dallas-ft-worth,https://trophysignaturehomes.com/homes/dallas-ft-worth/crowley/tesoro-at-chisholm-trail-ranch/6656-coyote-valley-trail,8a4c025afa17d6b723,Tesoro at Chisholm Trail Ranch,"6656 Coyote Valley Trail Crowley, TX 76036",,Winters,Available | Now,424990,,,,,,Savings Shown,"$424,990 | 429990 | Save: | $5,000 | 6656 Coyote Valley Trail | Crowley, TX 76036 | 5 | Beds | 3 | Baths | 3,116 | SQ FT | Available Date: | Now | Community | Tesoro at Chisholm Trail Ranch | Floor Plan | Winters | View Detail | As low as | $3,046",
2026-07-31,Trophy Signature Homes,DFW,https://trophysignaturehomes.com/homes/dallas-ft-worth,https://trophysignaturehomes.com/homes/dallas-ft-worth/lavon/nicholson-ranch/1121-del-rio-drive,50e60ff7a6a3d270a4,Nicholson Ranch,"1121 Del Rio Drive Lavon, TX 75166",,Winters,Available | Now,409990,,,,,,,"$409,990 | 1121 Del Rio Drive | Lavon, TX 75166 | 5 | Beds | 3 | Baths | 3,116 | SQ FT | Available Date: | Now | Community | Nicholson Ranch | Floor Plan | Winters | View Detail | As low as | $3,096",
2026-07-31,Trophy Signature Homes,DFW,https://trophysignaturehomes.com/homes/dallas-ft-worth,https://trophysignaturehomes.com/homes/dallas-ft-worth/crowley/tesoro-at-chisholm-trail-ranch/6641-coyote-valley-trail,99cf0740aed09ff33b,Tesoro at Chisholm Trail Ranch,"6641 Coyote Valley Trail Crowley, TX 76036",,Winters,Available | Now,424990,,,,,,Savings Shown,"$424,990 | 427990 | Save: | $3,000 | 6641 Coyote Valley Trail | Crowley, TX 76036 | 5 | Beds | 3 | Baths | 3,116 | SQ FT | Available Date: | Now | Community | Tesoro at Chisholm Trail Ranch | Floor Plan | Winters | View Detail | As low as | $3,096",
2026-07-31,Trophy Signature Homes,DFW,https://trophysignaturehomes.com/homes/dallas-ft-worth,https://trophysignaturehomes.com/homes/dallas-ft-worth/crowley/tesoro-at-chisholm-trail-ranch/6632-coyote-valley-trail,edd69746011a1bc029,Tesoro at Chisholm Trail Ranch,"6632 Coyote Valley Trail Crowley, TX 76036",,Winters,Available | Now,424990,,,,,,Savings Shown,"$424,990 | 427990 | Save: | $3,000 | 6632 Coyote Valley Trail | Crowley, TX 76036 | 5 | Beds | 3 | Baths | 3,116 | SQ FT | Available Date: | Now | Community | Tesoro at Chisholm Trail Ranch | Floor Plan | Winters | View Detail | As low as | $2,914",
2026-07-31,Trophy Signature Homes,DFW,https://trophysignaturehomes.com/homes/dallas-ft-worth,https://trophysignaturehomes.com/homes/dallas-ft-worth/haslet/madero/1440-companero-street,b5898921ef33b7eb18,Madero,"1440 Companero Street Haslet, TX 76052",,Winters,Est Completion | August 2026,419990,,,,,,,"$419,990 | 1440 Companero Street | Haslet, TX 76052 | 5 | Beds | 3 | Baths | 3,116 | SQ FT | Est Completion Date: | August 2026 | Community | Madero | Floor Plan | Winters | View Detail | As low as | $2,829",
2026-07-31,Trophy Signature Homes,DFW,https://trophysignaturehomes.com/homes/dallas-ft-worth,https://trophysignaturehomes.com/homes/dallas-ft-worth/farmersville/lakehaven/3919-somerville-drive,1e2a0964d019421db1,Lakehaven,"3919 Somerville Drive Farmersville, TX 75442",,Winters,Est Completion | August 2026,377990,,,,,,,"$377,990 | 3919 Somerville Drive | Farmersville, TX 75442 | 5 | Beds | 3 | Baths | 3,116 | SQ FT | Est Completion Date: | August 2026 | Community | Lakehaven | Floor Plan | Winters | View Detail | As low as | $2,851",
2026-07-31,Trophy Signature Homes,DFW,https://trophysignaturehomes.com/homes/dallas-ft-worth,https://trophysignaturehomes.com/homes/dallas-ft-worth/farmersville/lakehaven/3509-eagle-mountain-drive,e0c0e988452ede0bbc,Lakehaven,"3509 Eagle Mountain Drive Farmersville, TX 75442",,Winters,Est Completion | September 2026,380990,,,,,,,"$380,990 | 3509 Eagle Mountain Drive | Farmersville, TX 75442 | 5 | Beds | 3 | Baths | 3,116 | SQ FT | Est Completion Date: | September 2026 | Community | Lakehaven | Floor Plan | Winters | View Detail | As low as | $3,139",
2026-07-31,Trophy Signature Homes,DFW,https://trophysignaturehomes.com/homes/dallas-ft-worth,https://trophysignaturehomes.com/homes/dallas-ft-worth/crowley/tesoro-at-chisholm-trail-ranch/6672-valley-lake-lane,80a1bea9c957fdb9fb,Tesoro at Chisholm Trail Ranch,"6672 Valley Lake Lane Crowley, TX 76036",,Winters,Est Completion | August 2026,430990,,,,,,,"$430,990 | 6672 Valley Lake Lane | Crowley, TX 76036 | 5 | Beds | 3 | Baths | 3,116 | SQ FT | Est Completion Date: | August 2026 | Community | Tesoro at Chisholm Trail Ranch | Floor Plan | Winters | View Detail | As low as | $3,332",
2026-07-31,Trophy Signature Homes,DFW,https://trophysignaturehomes.com/homes/dallas-ft-worth,https://trophysignaturehomes.com/homes/dallas-ft-worth/gunter/sunset-ranch/2118-rowan-drive,700f022b5ba4abfdf0,Sunset Ranch,"2118 Rowan Drive Gunter, TX 75058",,Winters,Available | Now,437990,,,,,,Savings Shown,"$437,990 | 447990 | Save: | $10,000 | 2118 Rowan Drive | Gunter, TX 75058 | 5 | Beds | 3 | Baths | 3,122 | SQ FT | Available Date: | Now | Community | Sunset Ranch | Floor Plan | Winters | View Detail | As low as | $2,872",
2026-07-31,Trophy Signature Homes,DFW,https://trophysignaturehomes.com/homes/dallas-ft-worth,https://trophysignaturehomes.com/homes/dallas-ft-worth/mckinney/southridge/3711-copperwood-drive,e82f8a9610bca54df4,Southridge,"3711 Copperwood Drive McKinney, TX 75071",,Winters,Available | Now,422990,,,,,,Savings Shown,"$422,990 | 447990 | Save: | $25,000 | 3711 Copperwood Drive | McKinney, TX 75071 | 5 | Beds | 3 | Baths | 3,122 | SQ FT | Available Date: | Now | Community | Southridge | Floor Plan | Winters | 3-Car Garage | View Detail | As low as | $3,158",
2026-07-31,Trophy Signature Homes,DFW,https://trophysignaturehomes.com/homes/dallas-ft-worth,https://trophysignaturehomes.com/homes/dallas-ft-worth/forney/devonshire/2218-willowbank-drive,2b83415b0ec5c047ab,Devonshire,"2218 Willowbank Drive Forney, TX 75126",,Winters,Est Completion | August 2026,418490,,,,,,,"$418,490 | 2218 Willowbank Drive | Forney, TX 75126 | 5 | Beds | 3 | Baths | 3,122 | SQ FT | Est Completion Date: | August 2026 | Community | Devonshire | Floor Plan | Winters | View Detail | As low as | $2,826",
2026-07-31,Trophy Signature Homes,DFW,https://trophysignaturehomes.com/homes/dallas-ft-worth,https://trophysignaturehomes.com/homes/dallas-ft-worth/mckinney/southridge/3512-brompton-drive,2eb1c197fa766e07e3,Southridge,"3512 Brompton Drive McKinney, TX 75071",,Winters,Available | Now,415990,,,,,,Savings Shown,"$415,990 | 417990 | Save: | $2,000 | Open | House | Tuesday & Thursday 12PM - 2PM | Saturday & Sunday 1PM - 3PM | 3512 Brompton Drive | McKinney, TX 75071 | 5 | Beds | 3 | Baths | 3,122 | SQ FT | Available Date: | Now | Community | Southridge | Floor Plan | Winters | View Detail | As low as | $2,937",
2026-07-31,Trophy Signature Homes,DFW,https://trophysignaturehomes.com/homes/dallas-ft-worth,https://trophysignaturehomes.com/homes/dallas-ft-worth/princeton/windmore/2204-wind-river-drive,eda792dd67e7c88307,Windmore,"2204 Wind River Drive Princeton, TX 75407",,Winters,Est Completion | August 2026,425990,,,,,,,"$425,990 | 2204 Wind River Drive | Princeton, TX 75407 | 5 | Beds | 3 | Baths | 3,122 | SQ FT | Est Completion Date: | August 2026 | Community | Windmore | Floor Plan | Winters | View Detail | As low as | $3,309",
2026-07-31,Trophy Signature Homes,DFW,https://trophysignaturehomes.com/homes/dallas-ft-worth,https://trophysignaturehomes.com/homes/dallas-ft-worth/gunter/sunset-ranch/3205-azalea-lane,7bc55504efc259ea80,Sunset Ranch,"3205 Azalea Lane Gunter, TX 75058",,Winters,Est Completion | August 2026,434990,,,,,,,"$434,990 | Open | House | Tuesday & Thursday 12PM - 2PM | Saturday & Sunday 1PM - 3PM | 3205 Azalea Lane | Gunter, TX 75058 | 5 | Beds | 4 | Baths | 3,122 | SQ FT | Est Completion Date: | August 2026 | Community | Sunset Ranch | Floor Plan | Winters | View Detail | As low as | $2,870",
2026-07-31,Trophy Signature Homes,DFW,https://trophysignaturehomes.com/homes/dallas-ft-worth,https://trophysignaturehomes.com/homes/dallas-ft-worth/princeton/windmore/1116-sundog-drive,1f4eb7f9dbe90afa4a,Windmore,"1116 Sundog Drive Princeton, TX 75407",,Winters,Est Completion | September 2026,415990,,,,,,,"$415,990 | 1116 Sundog Drive | Princeton, TX 75407 | 5 | Beds | 3 | Baths | 3,122 | SQ FT | Est Completion Date: | September 2026 | Community | Windmore | Floor Plan | Winters | View Detail | As low as | $3,114",
2026-07-31,Trophy Signature Homes,DFW,https://trophysignaturehomes.com/homes/dallas-ft-worth,https://trophysignaturehomes.com/homes/dallas-ft-worth/princeton/windmore/2120-sunshining-road,0cd25018696b29ca71,Windmore,"2120 Sunshining Road Princeton, TX 75407",,Winters,Est Completion | August 2026,452490,,,,,,,"$452,490 | 2120 Sunshining Road | Princeton, TX 75407 | 5 | Beds | 3 | Baths | 3,122 | SQ FT | Est Completion Date: | August 2026 | Community | Windmore | Floor Plan | Winters | Windmore | View Detail | As low as | $2,997",
2026-07-31,Trophy Signature Homes,DFW,https://trophysignaturehomes.com/homes/dallas-ft-worth,https://trophysignaturehomes.com/homes/dallas-ft-worth/waxahachie/dove-hollow/485-hocking-hills-drive,868521ffc4ebc3a01e,Dove Hollow,"485 Hocking Hills Drive Waxahachie, TX 75165",,Winters,Est Completion | August 2026,432990,,,,,,,"$432,990 | Open | House | Saturday & Sunday 1PM - 3PM | 485 Hocking Hills Drive | Waxahachie, TX 75165 | 5 | Beds | 3 | Baths | 3,134 | SQ FT | Est Completion Date: | August 2026 | Community | Dove Hollow | Floor Plan | Winters | Dove Hollow | View Detail | As low as | $4,036",
2026-07-31,Trophy Signature Homes,DFW,https://trophysignaturehomes.com/homes/dallas-ft-worth,https://trophysignaturehomes.com/homes/dallas-ft-worth/mckinney/painted-tree/4720-sandburg-street,72146acf7c15118806,Painted Tree,"4720 Sandburg Street Mckinney, TX 75071",,Da Vinci II,Available | Now,599490,,,,,,Savings Shown,"$599,490 | 629490 | Save: | $30,000 | Open | House | Saturday & Sunday 1PM - 3PM | 4720 Sandburg Street | Mckinney, TX 75071 | 4 | Beds | 3 | .5 | Baths | 3,205 | SQ FT | Available Date: | Now | Community | Painted Tree | Floor Plan | Da Vinci II | View Detail | As low as | $4,332",
2026-07-31,Trophy Signature Homes,DFW,https://trophysignaturehomes.com/homes/dallas-ft-worth,https://trophysignaturehomes.com/homes/dallas-ft-worth/mckinney/painted-tree/4625-starlight-drive,4abc5a252e057043ce,Painted Tree,"4625 Starlight Drive Mckinney, TX 75071",,Da Vinci II,Available | Now,644490,,,,,,Savings Shown,"$644,490 | 654490 | Save: | $10,000 | 4625 Starlight Drive | Mckinney, TX 75071 | 4 | Beds | 3 | .5 | Baths | 3,205 | SQ FT | Available Date: | Now | Community | Painted Tree | Floor Plan | Da Vinci II | View Detail | As low as | $4,464",
2026-07-31,Trophy Signature Homes,DFW,https://trophysignaturehomes.com/homes/dallas-ft-worth,https://trophysignaturehomes.com/homes/dallas-ft-worth/mckinney/painted-tree/4605-starlight-drive,c9e404be8b6f477cc1,Painted Tree,"4605 Starlight Drive Mckinney, TX 75071",,Van Gogh II,Available | Now,664490,,,,,,Savings Shown,"$664,490 | 674490 | Save: | $10,000 | 4605 Starlight Drive | Mckinney, TX 75071 | 4 | Beds | 4 | Baths | 3,445 | SQ FT | Available Date: | Now | Community | Painted Tree | Floor Plan | Van Gogh II | View Detail | As low as | $3,896 | $559,990 | $689,990 | Save:",
2026-07-31,Trophy Signature Homes,DFW,https://trophysignaturehomes.com/homes/dallas-ft-worth,https://trophysignaturehomes.com/homes/dallas-ft-worth/celina/cross-creek-meadows/1604-dropseed-drive,17e053c6ea7684a2f1,Cross Creek Meadows,"1604 Dropseed Drive Celina, TX 75009",,Henley,Available | Now,130000,689990.0,,,,,Price Cut,"$130,000 | 1604 Dropseed Drive | Celina, TX 75009 | 4 | Beds | 3 | Baths | 3,557 | SQ FT | Available Date: | Now | Community | Cross Creek Meadows | Floor Plan | Henley | View Detail | As low as | $3,146",
2026-07-31,Trophy Signature Homes,DFW,https://trophysignaturehomes.com/homes/dallas-ft-worth,https://trophysignaturehomes.com/homes/dallas-ft-worth/lavon/elevon/928-dewy-lake-place,7177347696cdca2870,Elevon,"928 Dewy Lake Place Lavon, TX 75166",,Wimbledon,Available | Now,446990,449990.0,,,,,Price Cut | Savings Shown,"$446,990 | $449,990 | Save: | $3,000 | Open | House | Thursday 12PM - 4PM | Saturday & Sunday 12PM - 4PM | 928 Dewy Lake Place | Lavon, TX 75166 | 5 | Beds | 4 | Baths | 3,598 | SQ FT | Available Date: | Now | Community | Elevon | Floor Plan | Wimbledon | Elevon | View Detail | As low as | $2,998",
2026-07-31,Trophy Signature Homes,DFW,https://trophysignaturehomes.com/homes/dallas-ft-worth,https://trophysignaturehomes.com/homes/dallas-ft-worth/farmersville/lakehaven/3914-somerville-drive,95e90900c8c11c4570,Lakehaven,"3914 Somerville Drive Farmersville, TX 75442",,Wimbledon,Available | Now,400990,,,,,,Savings Shown,"$400,990 | 405990 | Save: | $5,000 | Open | House | Tuesday & Thursday 12PM - 4PM | Saturday & Sunday 1PM - 5PM | 3914 Somerville Drive | Farmersville, TX 75442 | 5 | Beds | 4 | Baths | 3,598 | SQ FT | Available Date: | Now | Community | Lakehaven | Floor Plan | Wimbledon | View Detail | As low as | $3,421",
2026-07-31,Trophy Signature Homes,DFW,https://trophysignaturehomes.com/homes/dallas-ft-worth,https://trophysignaturehomes.com/homes/dallas-ft-worth/gunter/sunset-ranch/2104-rowan-drive,7e5c7261e7e126017f,Sunset Ranch,"2104 Rowan Drive Gunter, TX 75058",,Wimbledon,Available | Now,449990,469990.0,,,,,Price Cut | Savings Shown,"$449,990 | $469,990 | Save: | $20,000 | 2104 Rowan Drive | Gunter, TX 75058 | 5 | Beds | 4 | Baths | 3,598 | SQ FT | Available Date: | Now | Community | Sunset Ranch | Floor Plan | Wimbledon | View Detail | As low as | $3,331",
2026-07-31,Trophy Signature Homes,DFW,https://trophysignaturehomes.com/homes/dallas-ft-worth,https://trophysignaturehomes.com/homes/dallas-ft-worth/forney/devonshire/1860-balfour-bend,47f741341544ec1f17,Devonshire,"1860 Balfour Bend Forney, TX 75126",,Wimbledon,Est Completion | August 2026,441990,,,,,,,"$441,990 | 1860 Balfour Bend | Forney, TX 75126 | 5 | Beds | 4 | Baths | 3,598 | SQ FT | Est Completion Date: | August 2026 | Community | Devonshire | Floor Plan | Wimbledon | Devonshire | View Detail | As low as | $3,214",
2026-07-31,Trophy Signature Homes,DFW,https://trophysignaturehomes.com/homes/dallas-ft-worth,https://trophysignaturehomes.com/homes/dallas-ft-worth/haslet/madero/1404-companero-street,158253f91024509da7,Madero,"1404 Companero Street Haslet, TX 76052",,Wimbledon,Est Completion | August 2026,463990,,,,,,,"$463,990 | 1404 Companero Street | Haslet, TX 76052 | 5 | Beds | 4 | Baths | 3,598 | SQ FT | Est Completion Date: | August 2026 | Community | Madero | Floor Plan | Wimbledon | View Detail | As low as | $4,697",
2026-07-31,Trophy Signature Homes,DFW,https://trophysignaturehomes.com/homes/dallas-ft-worth,https://trophysignaturehomes.com/homes/dallas-ft-worth/mckinney/painted-tree/3617-teasdale-drive,923e5fafb05d5443e6,Painted Tree,"3617 Teasdale Drive Mckinney, TX 75071",,Monet II,Available | Now,699990,,,,,,Savings Shown,"$699,990 | 709990 | Save: | $10,000 | 3617 Teasdale Drive | Mckinney, TX 75071 | 5 | Beds | 4 | Baths | 3,600 | SQ FT | Available Date: | Now | Community | Painted Tree | Floor Plan | Monet II | View Detail | As low as | $4,562",
2026-07-31,Trophy Signature Homes,DFW,https://trophysignaturehomes.com/homes/dallas-ft-worth,https://trophysignaturehomes.com/homes/dallas-ft-worth/mckinney/painted-tree/4613-sandburg-street,f476c9d30400ae289a,Painted Tree,"4613 Sandburg Street Mckinney, TX 75071",,Monet II,Available | Now,679490,,,,,,Savings Shown,"$679,490 | 709490 | Save: | $30,000 | Open | House | Saturday & Sunday 1PM - 3PM | 4613 Sandburg Street | Mckinney, TX 75071 | 5 | Beds | 4 | Baths | 3,600 | SQ FT | Available Date: | Now | Community | Painted Tree | Floor Plan | Monet II | View Detail | As low as | $3,357",
2026-07-31,Trophy Signature Homes,DFW,https://trophysignaturehomes.com/homes/dallas-ft-worth,https://trophysignaturehomes.com/homes/dallas-ft-worth/forney/devonshire/1856-balfour-bend,939df5ae5ba98b0ac7,Devonshire,"1856 Balfour Bend Forney, TX 75126",,Wimbledon,Est Completion | August 2026,445490,,,,,,,"$445,490 | 1856 Balfour Bend | Forney, TX 75126 | 5 | Beds | 4 | Baths | 3,602 | SQ FT | Est Completion Date: | August 2026 | Community | Devonshire | Floor Plan | Wimbledon | Devonshire | View Detail | As low as | $3,045",
2026-07-31,Trophy Signature Homes,DFW,https://trophysignaturehomes.com/homes/dallas-ft-worth,https://trophysignaturehomes.com/homes/dallas-ft-worth/farmersville/lakehaven/4016-somerville-drive,ab549c819d114c49a4,Lakehaven,"4016 Somerville Drive Farmersville, TX 75442",,Wimbledon,Est Completion | September 2026,407490,,,,,,,"$407,490 | 4016 Somerville Drive | Farmersville, TX 75442 | 5 | Beds | 4 | Baths | 3,602 | SQ FT | Est Completion Date: | September 2026 | Community | Lakehaven | Floor Plan | Wimbledon | View Detail | As low as | $3,103",
2026-07-31,Trophy Signature Homes,DFW,https://trophysignaturehomes.com/homes/dallas-ft-worth,https://trophysignaturehomes.com/homes/dallas-ft-worth/mckinney/eastridge/701-edgehurst-drive,1c22ce5964bbb2aa64,Eastridge,"701 Edgehurst Drive McKinney, TX 75071",,Wimbledon,Est Completion | September 2026,459990,,,,,,,"$459,990 | 701 Edgehurst Drive | McKinney, TX 75071 | 5 | Beds | 4 | Baths | 3,608 | SQ FT | Est Completion Date: | September 2026 | Community | Eastridge | Floor Plan | Wimbledon | View Detail | As low as | $3,425",
2026-07-31,Trophy Signature Homes,DFW,https://trophysignaturehomes.com/homes/dallas-ft-worth,https://trophysignaturehomes.com/homes/dallas-ft-worth/gunter/sunset-ranch/3201-linden-lane,fe16c154f697abc923,Sunset Ranch,"3201 Linden Lane Gunter, TX 75058",,Wimbledon,Est Completion | August 2026,450490,,,,,,,"$450,490 | Open | House | Tuesday & Thursday 12PM - 2PM | Saturday & Sunday 1PM - 3PM | 3201 Linden Lane | Gunter, TX 75058 | 5 | Beds | 4 | Baths | 3,614 | SQ FT | Est Completion Date: | August 2026 | Community | Sunset Ranch | Floor Plan | Wimbledon | View Detail | As low as | $3,031",
2026-07-31,Trophy Signature Homes,DFW,https://trophysignaturehomes.com/homes/dallas-ft-worth,https://trophysignaturehomes.com/homes/dallas-ft-worth/princeton/windmore/1123-sundog-drive,1a5925cf1833f53ebc,Windmore,"1123 Sundog Drive Princeton, TX 75407",,Wimbledon,Est Completion | August 2026,439990,,,,,,,"$439,990 | 1123 Sundog Drive | Princeton, TX 75407 | 5 | Beds | 4 | Baths | 3,624 | SQ FT | Est Completion Date: | August 2026 | Community | Windmore | Floor Plan | Wimbledon | View Detail | As low as | $2,992",
2026-07-31,Trophy Signature Homes,DFW,https://trophysignaturehomes.com/homes/dallas-ft-worth,https://trophysignaturehomes.com/homes/dallas-ft-worth/mckinney/southridge/112-whitlow-drive,c3d931885cfe028c70,Southridge,"112 Whitlow Drive McKinney, TX 75071",,Wimbledon,Est Completion | September 2026,440990,,,,,,,"$440,990 | 112 Whitlow Drive | McKinney, TX 75071 | 5 | Beds | 4 | Baths | 3,624 | SQ FT | Est Completion Date: | September 2026 | Community | Southridge | Floor Plan | Wimbledon | View Detail | As low as | $3,168",
2026-07-31,Trophy Signature Homes,DFW,https://trophysignaturehomes.com/homes/dallas-ft-worth,https://trophysignaturehomes.com/homes/dallas-ft-worth/waxahachie/dove-hollow/456-hocking-hills-drive,ad82cd327ed5bb8038,Dove Hollow,"456 Hocking Hills Drive Waxahachie, TX 75165",,Wimbledon,Est Completion | August 2026,457990,,,,,,,"$457,990 | 456 Hocking Hills Drive | Waxahachie, TX 75165 | 5 | Beds | 4 | Baths | 3,627 | SQ FT | Est Completion Date: | August 2026 | Community | Dove Hollow | Floor Plan | Wimbledon | Dove Hollow | View Detail | As low as | $3,265",
2026-07-31,Trophy Signature Homes,DFW,https://trophysignaturehomes.com/homes/dallas-ft-worth,https://trophysignaturehomes.com/homes/dallas-ft-worth/princeton/windmore/2125-sunshining-road,132c63d2da8efc07d3,Windmore,"2125 Sunshining Road Princeton, TX 75407",,Wimbledon,Est Completion | August 2026,474990,,,,,,,"$474,990 | 2125 Sunshining Road | Princeton, TX 75407 | 5 | Beds | 4 | Baths | 3,633 | SQ FT | Est Completion Date: | August 2026 | Community | Windmore | Floor Plan | Wimbledon | 3-Car Garage | View Detail | As low as | $2,965",
2026-07-31,Trophy Signature Homes,DFW,https://trophysignaturehomes.com/homes/dallas-ft-worth,https://trophysignaturehomes.com/homes/dallas-ft-worth/lavon/elevon/134-sunset-canyon-drive,280eab493cfb99eaf2,Elevon,"134 Sunset Canyon Drive Lavon, TX 75166",,Winters,Est Completion | September 2026,419990,,,,,,,"$419,990 | 134 Sunset Canyon Drive | Lavon, TX 75166 | 5 | Beds | 3 | Baths | 31,116 | SQ FT | Est Completion Date: | September 2026 | Community | Elevon | Floor Plan | Winters | View Detail | Communities | Austin | Dallas / Ft Worth | Houston | New Construction Homes in Dallas / Ft Worth | Homes For Sale in Aledo | Homes For Sale in Alvarado | Homes For Sale in Aubrey | Homes For Sale in Celina | Homes For Sale in Crowley | Homes For Sale in Farmersville | Homes For Sale in Forney | Homes For Sale in Fort Worth | Homes For Sale in Greenville | Homes For Sale in Gunter | Homes For Sale in Haslet | Homes For Sale in Lavon | Homes For Sale in McKinney | Homes For Sale in Pilot Point | Homes For Sale in Ponder | Homes For Sale in Princeton | Homes For Sale in Seagoville | Homes For Sale in Waxahachie | New Construction Homes in Austin | Homes For Sale in Elgin",
2026-07-31,Trophy Signature Homes,Austin,https://trophysignaturehomes.com/homes/austin,https://trophysignaturehomes.com/homes/austin/elgin/trinity-ranch/222-hornet-street,67a33b321d94253cb5,Trinity Ranch,"222 Hornet Street Elgin, TX 78621",,Ash,Available | Now,266990,,,,,,,"$266,990 | 222 Hornet Street | Elgin, TX 78621 | 3 | Beds | 2 | Baths | 1,202 | SQ FT | Available Date: | Now | Community | Trinity Ranch | Floor Plan | Ash | View Detail | As low as | $2,054",
2026-07-31,Trophy Signature Homes,Austin,https://trophysignaturehomes.com/homes/austin,https://trophysignaturehomes.com/homes/austin/elgin/trinity-ranch/134-tolo-drive,bc15b3bfe9c0518b4c,Trinity Ranch,"134 Tolo Drive Elgin, TX 78621",,Birch,Available | Now,269990,291900.0,,,,,Price Cut | Savings Shown,"$269,990 | $291,900 | Save: | $21,910 | 134 Tolo Drive | Elgin, TX 78621 | 3 | Beds | 2 | Baths | 1,283 | SQ FT | Available Date: | Now | Community | Trinity Ranch | Floor Plan | Birch | Trinity Ranch | View Detail | As low as | $2,054",
2026-07-31,Trophy Signature Homes,Austin,https://trophysignaturehomes.com/homes/austin,https://trophysignaturehomes.com/homes/austin/elgin/trinity-ranch/444-lucky-avenue,fef8ca598acea8e1a4,Trinity Ranch,"444 Lucky Avenue Elgin, TX 78621",,Birch,Available | Now,269935,274990.0,,,,,Price Cut | Savings Shown,"$269,935 | $274,990 | Save: | $5,055 | 444 Lucky Avenue | Elgin, TX 78621 | 3 | Beds | 2 | Baths | 1,283 | SQ FT | Available Date: | Now | Community | Trinity Ranch | Floor Plan | Birch | Trinity Ranch | View Detail | As low as | $2,091",
2026-07-31,Trophy Signature Homes,Austin,https://trophysignaturehomes.com/homes/austin,https://trophysignaturehomes.com/homes/austin/elgin/trinity-ranch/181-hornet-street,bae6119958ace9e3d8,Trinity Ranch,"181 Hornet Street Elgin, TX 78621",,Birch,Est Completion | September 2026,274990,,,,,,,"$274,990 | 181 Hornet Street | Elgin, TX 78621 | 3 | Beds | 2 | Baths | 1,283 | SQ FT | Est Completion Date: | September 2026 | Community | Trinity Ranch | Floor Plan | Birch | Trinity Ranch | View Detail | As low as | $1,865",
2026-07-31,Trophy Signature Homes,Austin,https://trophysignaturehomes.com/homes/austin,https://trophysignaturehomes.com/homes/austin/hutto/prairie-winds/110-divisadero-drive,b6efd279ccac9aa473,Prairie Winds,"110 Divisadero Drive Hutto, TX 78634",,Brazos,Available | Now,309965,354900.0,,,,,Price Cut | Savings Shown,"$309,965 | $354,900 | Save: | $44,935 | 110 Divisadero Drive | Hutto, TX 78634 | 3 | Beds | 2 | Baths | 1,475 | SQ FT | Available Date: | Now | Community | Prairie Winds | Floor Plan | Brazos | Prairie Winds | View Detail | As low as | $1,919",
2026-07-31,Trophy Signature Homes,Austin,https://trophysignaturehomes.com/homes/austin,https://trophysignaturehomes.com/homes/austin/hutto/prairie-winds/115-mandeville-drive,756e062524b72b6e57,Prairie Winds,"115 Mandeville Drive Hutto, TX 78634",,Brazos,Available | Now,318965,349900.0,,,,,Price Cut | Savings Shown,"$318,965 | $349,900 | Save: | $30,935 | Open | House | Saturday 10AM - 6PM | Sunday 12PM - 6PM | 115 Mandeville Drive | Hutto, TX 78634 | 3 | Beds | 2 | Baths | 1,475 | SQ FT | Available Date: | Now | Community | Prairie Winds | Floor Plan | Brazos | Prairie Winds | View Detail | As low as | $1,980",
2026-07-31,Trophy Signature Homes,Austin,https://trophysignaturehomes.com/homes/austin,https://trophysignaturehomes.com/homes/austin/elgin/trinity-ranch/270-bendecido-loop,7e2767c1ac689fe466,Trinity Ranch,"270 Bendecido Loop Elgin, TX 78621",,Cedar,Available | Now,259965,302400.0,,,,,Price Cut | Savings Shown,"$259,965 | $302,400 | Save: | $42,435 | Open | House | Tuesday & Thursday 12PM - 2PM | Saturday & Sunday 1PM - 3PM | 270 Bendecido Loop | Elgin, TX 78621 | 3 | Beds | 2 | Baths | 1,482 | SQ FT | Available Date: | Now | Community | Trinity Ranch | Floor Plan | Cedar | Trinity Ranch | View Detail | As low as | $2,017",
2026-07-31,Trophy Signature Homes,Austin,https://trophysignaturehomes.com/homes/austin,https://trophysignaturehomes.com/homes/austin/elgin/trinity-ranch/123-tolo-drive,f5a5675ef347b9eb51,Trinity Ranch,"123 Tolo Drive Elgin, TX 78621",,Cedar,Available | Now,264990,300900.0,,,,,Price Cut | Savings Shown,"$264,990 | $300,900 | Save: | $35,910 | 123 Tolo Drive | Elgin, TX 78621 | 3 | Beds | 2 | Baths | 1,487 | SQ FT | Available Date: | Now | Community | Trinity Ranch | Floor Plan | Cedar | Trinity Ranch | View Detail | As low as | $2,165",
2026-07-31,Trophy Signature Homes,Austin,https://trophysignaturehomes.com/homes/austin,https://trophysignaturehomes.com/homes/austin/elgin/trinity-ranch/201-hornet-street,0249ea6f6d4da0ddeb,Trinity Ranch,"201 Hornet Street Elgin, TX 78621",,Cedar,Est Completion | August 2026,284990,,,,,,,"$284,990 | 201 Hornet Street | Elgin, TX 78621 | 3 | Beds | 2 | Baths | 1,487 | SQ FT | Est Completion Date: | August 2026 | Community | Trinity Ranch | Floor Plan | Cedar | Trinity Ranch | View Detail | As low as | $2,045",
2026-07-31,Trophy Signature Homes,Austin,https://trophysignaturehomes.com/homes/austin,https://trophysignaturehomes.com/homes/austin/hutto/prairie-winds/200-melrose-street,7da814a7f6dac7a910,Prairie Winds,"200 Melrose Street Hutto, TX 78634",,Amber II,Available | Now,339990,,,,,,,"$339,990 | 200 Melrose Street | Hutto, TX 78634 | 3 | Beds | 2 | Baths | 1,615 | SQ FT | Available Date: | Now | Community | Prairie Winds | Floor Plan | Amber II | View Detail | As low as | $2,045",
2026-07-31,Trophy Signature Homes,Austin,https://trophysignaturehomes.com/homes/austin,https://trophysignaturehomes.com/homes/austin/hutto/prairie-winds/111-melrose-street,e0ac239a8371e63b7b,Prairie Winds,"111 Melrose Street Hutto, TX 78634",,Amber II,Est Completion | September 2026,339990,,,,,,,"$339,990 | 111 Melrose Street | Hutto, TX 78634 | 3 | Beds | 2 | Baths | 1,615 | SQ FT | Est Completion Date: | September 2026 | Community | Prairie Winds | Floor Plan | Amber II | View Detail | As low as | $2,277",
2026-07-31,Trophy Signature Homes,Austin,https://trophysignaturehomes.com/homes/austin,https://trophysignaturehomes.com/homes/austin/elgin/trinity-ranch/204-hornet-street,05cbed5a715752542b,Trinity Ranch,"204 Hornet Street Elgin, TX 78621",,Cypress,Available | Now,299990,,,,,,,"$299,990 | 204 Hornet Street | Elgin, TX 78621 | 4 | Beds | 3 | Baths | 1,648 | SQ FT | Available Date: | Now | Community | Trinity Ranch | Floor Plan | Cypress | Trinity Ranch | View Detail | As low as | $2,332",
2026-07-31,Trophy Signature Homes,Austin,https://trophysignaturehomes.com/homes/austin,https://trophysignaturehomes.com/homes/austin/elgin/trinity-ranch/171-hornet-street,fc36f07965c5438ba4,Trinity Ranch,"171 Hornet Street Elgin, TX 78621",,Cypress,Est Completion | September 2026,307490,,,,,,,"$307,490 | 171 Hornet Street | Elgin, TX 78621 | 4 | Beds | 3 | Baths | 1,648 | SQ FT | Est Completion Date: | September 2026 | Community | Trinity Ranch | Floor Plan | Cypress | Trinity Ranch | View Detail | As low as | $2,269",
2026-07-31,Trophy Signature Homes,Austin,https://trophysignaturehomes.com/homes/austin,https://trophysignaturehomes.com/homes/austin/elgin/trinity-ranch/191-hornet-street,95e3f252e7e6cdbfb1,Trinity Ranch,"191 Hornet Street Elgin, TX 78621",,Cypress,Est Completion | August 2026,298990,,,,,,,"$298,990 | 191 Hornet Street | Elgin, TX 78621 | 4 | Beds | 3 | Baths | 1,648 | SQ FT | Est Completion Date: | August 2026 | Community | Trinity Ranch | Floor Plan | Cypress | Trinity Ranch | View Detail | As low as | $2,277",
2026-07-31,Trophy Signature Homes,Austin,https://trophysignaturehomes.com/homes/austin,https://trophysignaturehomes.com/homes/austin/elgin/trinity-ranch/211-hornet-street,cee667d5f8f5f3d79d,Trinity Ranch,"211 Hornet Street Elgin, TX 78621",,Cypress,Est Completion | August 2026,299990,,,,,,,"$299,990 | 211 Hornet Street | Elgin, TX 78621 | 4 | Beds | 3 | Baths | 1,648 | SQ FT | Est Completion Date: | August 2026 | Community | Trinity Ranch | Floor Plan | Cypress | Trinity Ranch | View Detail | As low as | $2,147",
2026-07-31,Trophy Signature Homes,Austin,https://trophysignaturehomes.com/homes/austin,https://trophysignaturehomes.com/homes/austin/hutto/prairie-winds/117-malibu-bend,e48161fbb751977f5e,Prairie Winds,"117 Malibu Bend Hutto, TX 78634",,Colorado,Available | Now,356965,358965.0,,,,,Price Cut | Savings Shown,"$356,965 | $358,965 | Save: | $2,000 | 117 Malibu Bend | Hutto, TX 78634 | 3 | Beds | 2 | Baths | 1,678 | SQ FT | Available Date: | Now | Community | Prairie Winds | Floor Plan | Colorado | View Detail | As low as | $2,111",
2026-07-31,Trophy Signature Homes,Austin,https://trophysignaturehomes.com/homes/austin,https://trophysignaturehomes.com/homes/austin/hutto/prairie-winds/114-malibu-bend,eee04f1ab5911ac516,Prairie Winds,"114 Malibu Bend Hutto, TX 78634",,Colorado,Available | Now,350965,355965.0,,,,,Price Cut | Savings Shown,"$350,965 | $355,965 | Save: | $5,000 | 114 Malibu Bend | Hutto, TX 78634 | 3 | Beds | 2 | Baths | 1,678 | SQ FT | Available Date: | Now | Community | Prairie Winds | Floor Plan | Colorado | View Detail | As low as | $2,466",
2026-07-31,Trophy Signature Homes,Austin,https://trophysignaturehomes.com/homes/austin,https://trophysignaturehomes.com/homes/austin/austin/evelyn/4729-bridwell-lane,534fe78a89b7acd9f2,Evelyn,"4729 Bridwell Lane Austin, TX 78754",,Colorado,Est Completion | October 2026,409990,,,,,,,"$409,990 | 4729 Bridwell Lane | Austin, TX 78754 | 3 | Beds | 2 | Baths | 1,678 | SQ FT | Est Completion Date: | October 2026 | Community | Evelyn | Floor Plan | Colorado | Evelyn | View Detail | As low as | $2,099",
2026-07-31,Trophy Signature Homes,Austin,https://trophysignaturehomes.com/homes/austin,https://trophysignaturehomes.com/homes/austin/hutto/prairie-winds/206-melrose-street,f1b222fc35fce8d5e9,Prairie Winds,"206 Melrose Street Hutto, TX 78634",,Turquoise,Available | Now,348990,,,,,,,"$348,990 | 206 Melrose Street | Hutto, TX 78634 | 3 | Beds | 2 | Baths | 1,716 | SQ FT | Available Date: | Now | Community | Prairie Winds | Floor Plan | Turquoise | Prairie Winds | View Detail | As low as | $2,111",
2026-07-31,Trophy Signature Homes,Austin,https://trophysignaturehomes.com/homes/austin,https://trophysignaturehomes.com/homes/austin/hutto/prairie-winds/116-melrose-street,2ad78adf921a569c67,Prairie Winds,"116 Melrose Street Hutto, TX 78634",,Turquoise,Est Completion | August 2026,350990,,,,,,,"$350,990 | 116 Melrose Street | Hutto, TX 78634 | 3 | Beds | 2 | Baths | 1,716 | SQ FT | Est Completion Date: | August 2026 | Community | Prairie Winds | Floor Plan | Turquoise | Prairie Winds | View Detail | As low as | $2,376",
2026-07-31,Trophy Signature Homes,Austin,https://trophysignaturehomes.com/homes/austin,https://trophysignaturehomes.com/homes/austin/austin/evelyn/4709-native-pearl-lane,8792f6c882b80fa889,Evelyn,"4709 Native Pearl Lane Austin, TX 78754",,Turquoise,Est Completion | October 2026,394990,,,,,,,"$394,990 | 4709 Native Pearl Lane | Austin, TX 78754 | 3 | Beds | 2 | Baths | 1,716 | SQ FT | Est Completion Date: | October 2026 | Community | Evelyn | Floor Plan | Turquoise | View Detail | As low as | $2,099",
2026-07-31,Trophy Signature Homes,Austin,https://trophysignaturehomes.com/homes/austin,https://trophysignaturehomes.com/homes/austin/hutto/prairie-winds/111-malibu-bend,e3422dd1e2cb321858,Prairie Winds,"111 Malibu Bend Hutto, TX 78634",,Turquoise,Available | Now,348990,350990.0,,,,,Price Cut | Savings Shown,"$348,990 | $350,990 | Save: | $2,000 | 111 Malibu Bend | Hutto, TX 78634 | 3 | Beds | 2 | Baths | 1,722 | SQ FT | Available Date: | Now | Community | Prairie Winds | Floor Plan | Turquoise | Trinity Ranch | View Detail | As low as | $2,099",
2026-07-31,Trophy Signature Homes,Austin,https://trophysignaturehomes.com/homes/austin,https://trophysignaturehomes.com/homes/austin/hutto/prairie-winds/105-malibu-bend,c68fa0750a908488ef,Prairie Winds,"105 Malibu Bend Hutto, TX 78634",,Turquoise,Available | Now,348990,,,,,,,"$348,990 | 105 Malibu Bend | Hutto, TX 78634 | 3 | Beds | 2 | Baths | 1,722 | SQ FT | Available Date: | Now | Community | Prairie Winds | Floor Plan | Turquoise | Trinity Ranch | View Detail | As low as | $2,358",
2026-07-31,Trophy Signature Homes,Austin,https://trophysignaturehomes.com/homes/austin,https://trophysignaturehomes.com/homes/austin/austin/evelyn/10906-mystic-timber-drive,35ca5c6ac2384366a0,Evelyn,"10906 Mystic Timber Drive Austin, TX 78754",,Turquoise,Est Completion | September 2026,391990,,,,,,,"$391,990 | 10906 Mystic Timber Drive | Austin, TX 78754 | 3 | Beds | 2 | Baths | 1,723 | SQ FT | Est Completion Date: | September 2026 | Community | Evelyn | Floor Plan | Turquoise | View Detail | As low as | $2,219",
2026-07-31,Trophy Signature Homes,Austin,https://trophysignaturehomes.com/homes/austin,https://trophysignaturehomes.com/homes/austin/hutto/prairie-winds/108-melrose-street,30c5577d50f3a98e54,Prairie Winds,"108 Melrose Street Hutto, TX 78634",,Sabine,Est Completion | August 2026,368965,,,,,,,"$368,965 | 108 Melrose Street | Hutto, TX 78634 | 4 | Beds | 3 | Baths | 1,767 | SQ FT | Est Completion Date: | August 2026 | Community | Prairie Winds | Floor Plan | Sabine | Prairie Winds | View Detail | As low as | $2,135",
2026-07-31,Trophy Signature Homes,Austin,https://trophysignaturehomes.com/homes/austin,https://trophysignaturehomes.com/homes/austin/hutto/prairie-winds/113-malibu-bend,b5ea4f6979f34717f9,Prairie Winds,"113 Malibu Bend Hutto, TX 78634",,Quartz,Available | Now,354990,,,,,,,"$354,990 | 113 Malibu Bend | Hutto, TX 78634 | 4 | Beds | 2 | Baths | 1,816 | SQ FT | Available Date: | Now | Community | Prairie Winds | Floor Plan | Quartz | Prairie Winds | View Detail | As low as | $2,135",
2026-07-31,Trophy Signature Homes,Austin,https://trophysignaturehomes.com/homes/austin,https://trophysignaturehomes.com/homes/austin/hutto/prairie-winds/107-malibu-bend,97fb2702cc73c80bd4,Prairie Winds,"107 Malibu Bend Hutto, TX 78634",,Quartz,Available | Now,354990,,,,,,,"$354,990 | 107 Malibu Bend | Hutto, TX 78634 | 4 | Beds | 2 | Baths | 1,816 | SQ FT | Available Date: | Now | Community | Prairie Winds | Floor Plan | Quartz | Prairie Winds | View Detail | As low as | $2,448",
2026-07-31,Trophy Signature Homes,Austin,https://trophysignaturehomes.com/homes/austin,https://trophysignaturehomes.com/homes/austin/austin/evelyn/11012-mystic-timber-drive,908c30a9c2e7b924eb,Evelyn,"11012 Mystic Timber Drive Austin, TX 78754",,Quartz,Est Completion | October 2026,406990,,,,,,,"$406,990 | 11012 Mystic Timber Drive | Austin, TX 78754 | 4 | Beds | 2 | Baths | 1,816 | SQ FT | Est Completion Date: | October 2026 | Community | Evelyn | Floor Plan | Quartz | View Detail | As low as | $2,159",
2026-07-31,Trophy Signature Homes,Austin,https://trophysignaturehomes.com/homes/austin,https://trophysignaturehomes.com/homes/austin/hutto/prairie-winds/210-melrose-street,9a3126ab5e8bfd2c82,Prairie Winds,"210 Melrose Street Hutto, TX 78634",,Diamond,Available | Now,358990,,,,,,,"$358,990 | 210 Melrose Street | Hutto, TX 78634 | 3 | Beds | 2 | Baths | 1,840 | SQ FT | Available Date: | Now | Community | Prairie Winds | Floor Plan | Diamond | Prairie Winds | View Detail | As low as | $2,159",
2026-07-31,Trophy Signature Homes,Austin,https://trophysignaturehomes.com/homes/austin,https://trophysignaturehomes.com/homes/austin/hutto/prairie-winds/204-melrose-street,486bec2e899c944e4f,Prairie Winds,"204 Melrose Street Hutto, TX 78634",,Diamond,Available | Now,358990,,,,,,,"$358,990 | 204 Melrose Street | Hutto, TX 78634 | 3 | Beds | 2 | Baths | 1,840 | SQ FT | Available Date: | Now | Community | Prairie Winds | Floor Plan | Diamond | Prairie Winds | View Detail | As low as | $2,159",
2026-07-31,Trophy Signature Homes,Austin,https://trophysignaturehomes.com/homes/austin,https://trophysignaturehomes.com/homes/austin/hutto/prairie-winds/118-melrose-street,c2f04a56703bba792b,Prairie Winds,"118 Melrose Street Hutto, TX 78634",,Diamond,Est Completion | August 2026,358990,,,,,,,"$358,990 | 118 Melrose Street | Hutto, TX 78634 | 3 | Beds | 2 | Baths | 1,840 | SQ FT | Est Completion Date: | August 2026 | Community | Prairie Winds | Floor Plan | Diamond | Prairie Winds | View Detail | As low as | $2,159",
2026-07-31,Trophy Signature Homes,Austin,https://trophysignaturehomes.com/homes/austin,https://trophysignaturehomes.com/homes/austin/hutto/prairie-winds/112-melrose-street,2bc17c76c7d7e1518d,Prairie Winds,"112 Melrose Street Hutto, TX 78634",,Diamond,,358990,,,,,,,"$358,990 | 112 Melrose Street | Hutto, TX 78634 | 3 | Beds | 2 | Baths | 1,840 | SQ FT | Community | Prairie Winds | Floor Plan | Diamond | Prairie Winds | View Detail | As low as | $2,466",
2026-07-31,Trophy Signature Homes,Austin,https://trophysignaturehomes.com/homes/austin,https://trophysignaturehomes.com/homes/austin/austin/evelyn/11004-mystic-timber-drive,9fd483bc0f8ae20f16,Evelyn,"11004 Mystic Timber Drive Austin, TX 78754",,Diamond,Est Completion | September 2026,409990,,,,,,,"$409,990 | 11004 Mystic Timber Drive | Austin, TX 78754 | 3 | Beds | 2 | Baths | 1,840 | SQ FT | Est Completion Date: | September 2026 | Community | Evelyn | Floor Plan | Diamond | Evelyn | View Detail | As low as | $2,436",
2026-07-31,Trophy Signature Homes,Austin,https://trophysignaturehomes.com/homes/austin,https://trophysignaturehomes.com/homes/austin/austin/evelyn/4703-native-pearl-lane,83adf33a7842ddaddd,Evelyn,"4703 Native Pearl Lane Austin, TX 78754",,Diamond,Est Completion | October 2026,404990,,,,,,,"$404,990 | 4703 Native Pearl Lane | Austin, TX 78754 | 3 | Beds | 2 | Baths | 1,840 | SQ FT | Est Completion Date: | October 2026 | Community | Evelyn | Floor Plan | Diamond | Evelyn | View Detail | As low as | $2,466",
2026-07-31,Trophy Signature Homes,Austin,https://trophysignaturehomes.com/homes/austin,https://trophysignaturehomes.com/homes/austin/austin/evelyn/4707-native-pearl-lane,001b02b177f7af5697,Evelyn,"4707 Native Pearl Lane Austin, TX 78754",,Diamond,Est Completion | October 2026,409990,,,,,,,"$409,990 | 4707 Native Pearl Lane | Austin, TX 78754 | 3 | Beds | 2 | Baths | 1,840 | SQ FT | Est Completion Date: | October 2026 | Community | Evelyn | Floor Plan | Diamond | Evelyn | View Detail | As low as | $2,466",
2026-07-31,Trophy Signature Homes,Austin,https://trophysignaturehomes.com/homes/austin,https://trophysignaturehomes.com/homes/austin/austin/evelyn/11016-mystic-timber-drive,1471c5b96470deb7b9,Evelyn,"11016 Mystic Timber Drive Austin, TX 78754",,Diamond,Est Completion | October 2026,409990,,,,,,,"$409,990 | 11016 Mystic Timber Drive | Austin, TX 78754 | 3 | Beds | 2 | Baths | 1,840 | SQ FT | Est Completion Date: | October 2026 | Community | Evelyn | Floor Plan | Diamond | Evelyn | View Detail | As low as | $2,298",
2026-07-31,Trophy Signature Homes,Austin,https://trophysignaturehomes.com/homes/austin,https://trophysignaturehomes.com/homes/austin/hutto/prairie-winds/119-malibu-bend,c352e498554ac0780b,Prairie Winds,"119 Malibu Bend Hutto, TX 78634",,Nueces,Available | Now,381965,,,,,,,"$381,965 | 119 Malibu Bend | Hutto, TX 78634 | 3 | Beds | 2 | Baths | 1,965 | SQ FT | Available Date: | Now | Community | Prairie Winds | Floor Plan | Nueces | View Detail | As low as | $2,298",
2026-07-31,Trophy Signature Homes,Austin,https://trophysignaturehomes.com/homes/austin,https://trophysignaturehomes.com/homes/austin/hutto/prairie-winds/102-melrose-street,c49072a9a2f9c3eb27,Prairie Winds,"102 Melrose Street Hutto, TX 78634",,Nueces,Est Completion | September 2026,381965,,,,,,,"$381,965 | 102 Melrose Street | Hutto, TX 78634 | 3 | Beds | 2 | Baths | 1,965 | SQ FT | Est Completion Date: | September 2026 | Community | Prairie Winds | Floor Plan | Nueces | View Detail | As low as | $2,373",
2026-07-31,Trophy Signature Homes,Austin,https://trophysignaturehomes.com/homes/austin,https://trophysignaturehomes.com/homes/austin/elgin/trinity-ranch/206-hornet-street,0df828c05972a8f0c9,Trinity Ranch,"206 Hornet Street Elgin, TX 78621",,Magnolia,Available | Now,312990,314990.0,,,,,Price Cut | Savings Shown,"$312,990 | $314,990 | Save: | $2,000 | 206 Hornet Street | Elgin, TX 78621 | 4 | Beds | 2 | .5 | Baths | 2,025 | SQ FT | Available Date: | Now | Community | Trinity Ranch | Floor Plan | Magnolia | Trinity Ranch | View Detail | As low as | $2,388",
2026-07-31,Trophy Signature Homes,Austin,https://trophysignaturehomes.com/homes/austin,https://trophysignaturehomes.com/homes/austin/elgin/trinity-ranch/223-hornet-street,01f5f0cbbffb6309db,Trinity Ranch,"223 Hornet Street Elgin, TX 78621",,Magnolia,Available | Now,314990,,,,,,,"$314,990 | 223 Hornet Street | Elgin, TX 78621 | 4 | Beds | 2 | .5 | Baths | 2,025 | SQ FT | Available Date: | Now | Community | Trinity Ranch | Floor Plan | Magnolia | Trinity Ranch | View Detail | As low as | $2,472",
2026-07-31,Trophy Signature Homes,Austin,https://trophysignaturehomes.com/homes/austin,https://trophysignaturehomes.com/homes/austin/austin/evelyn/4705-native-pearl-lane,e65123693a24139b4c,Evelyn,"4705 Native Pearl Lane Austin, TX 78754",,Magnolia,Est Completion | October 2026,410990,,,,,,,"$410,990 | 4705 Native Pearl Lane | Austin, TX 78754 | 4 | Beds | 2 | .5 | Baths | 2,025 | SQ FT | Est Completion Date: | October 2026 | Community | Evelyn | Floor Plan | Magnolia | Evelyn | View Detail | As low as | $2,388",
2026-07-31,Trophy Signature Homes,Austin,https://trophysignaturehomes.com/homes/austin,https://trophysignaturehomes.com/homes/austin/elgin/trinity-ranch/177-hornet-street,5729285015cc596d05,Trinity Ranch,"177 Hornet Street Elgin, TX 78621",,Magnolia,Est Completion | September 2026,314990,,,,,,,"$314,990 | 177 Hornet Street | Elgin, TX 78621 | 4 | Beds | 2 | .5 | Baths | 2,025 | SQ FT | Est Completion Date: | September 2026 | Community | Trinity Ranch | Floor Plan | Magnolia | Trinity Ranch | View Detail | As low as | $2,388",
2026-07-31,Trophy Signature Homes,Austin,https://trophysignaturehomes.com/homes/austin,https://trophysignaturehomes.com/homes/austin/elgin/trinity-ranch/195-hornet-street,92e63183f8bd636f1b,Trinity Ranch,"195 Hornet Street Elgin, TX 78621",,Magnolia,Est Completion | August 2026,314990,,,,,,,"$314,990 | 195 Hornet Street | Elgin, TX 78621 | 4 | Beds | 2 | .5 | Baths | 2,025 | SQ FT | Est Completion Date: | August 2026 | Community | Trinity Ranch | Floor Plan | Magnolia | Trinity Ranch | View Detail | As low as | $2,388",
2026-07-31,Trophy Signature Homes,Austin,https://trophysignaturehomes.com/homes/austin,https://trophysignaturehomes.com/homes/austin/hutto/prairie-winds/118-malibu-bend,aed83ec4618b4f9e0d,Trinity Ranch,"118 Malibu Bend Hutto, TX 78634",,Magnolia,Available | Now,314990,385965.0,,,,,Price Cut | Savings Shown,"$314,990 | 223 Hornet Street | Elgin, TX 78621 | 4 | Beds | 2 | .5 | Baths | 2,025 | SQ FT | Available Date: | Now | Community | Trinity Ranch | Floor Plan | Magnolia | Trinity Ranch | View Detail | As low as | $2,310 | $383,965 | $385,965 | Save: | $2,000 | 118 Malibu Bend | Hutto, TX 78634 | 4 | Beds | 3 | Baths | 2,120 | SQ FT | Available Date: | Now | Community | Prairie Winds | Floor Plan | Pecos | View Detail | As low as | $2,641",
2026-07-31,Trophy Signature Homes,Austin,https://trophysignaturehomes.com/homes/austin,https://trophysignaturehomes.com/homes/austin/austin/evelyn/4801-bridwell-lane,5e95129eda53868dbc,Evelyn,"4801 Bridwell Lane Austin, TX 78754",,Pecos,Est Completion | September 2026,438990,,,,,,,"$438,990 | 4801 Bridwell Lane | Austin, TX 78754 | 4 | Beds | 3 | Baths | 2,120 | SQ FT | Est Completion Date: | September 2026 | Community | Evelyn | Floor Plan | Pecos | View Detail | As low as | $2,316",
2026-07-31,Trophy Signature Homes,Austin,https://trophysignaturehomes.com/homes/austin,https://trophysignaturehomes.com/homes/austin/hutto/prairie-winds/106-melrose-street,d2d82a3c420f912571,Prairie Winds,"106 Melrose Street Hutto, TX 78634",,Pecos,Est Completion | September 2026,384990,,,,,,,"$384,990 | 106 Melrose Street | Hutto, TX 78634 | 4 | Beds | 3 | Baths | 2,120 | SQ FT | Est Completion Date: | September 2026 | Community | Prairie Winds | Floor Plan | Pecos | View Detail | As low as | $2,099",
2026-07-31,Trophy Signature Homes,Austin,https://trophysignaturehomes.com/homes/austin,https://trophysignaturehomes.com/homes/austin/hutto/prairie-winds/1012-universal-drive,2ff2a1d4ae80781427,Prairie Winds,"1012 Universal Drive Hutto, TX 78634",,Pearl,Available | Now,348965,369990.0,,,,,Price Cut | Savings Shown,"$348,965 | $369,990 | Save: | $21,025 | 1012 Universal Drive | Hutto, TX 78634 | 4 | Beds | 2 | .5 | Baths | 2,183 | SQ FT | Available Date: | Now | Community | Prairie Winds | Floor Plan | Pearl | Prairie Winds | View Detail | As low as | $2,274",
2026-07-31,Trophy Signature Homes,Austin,https://trophysignaturehomes.com/homes/austin,https://trophysignaturehomes.com/homes/austin/hutto/prairie-winds/202-melrose-street,70e11d9bb9a63098a9,Prairie Winds,"202 Melrose Street Hutto, TX 78634",,Pearl,Est Completion | August 2026,377990,,,,,,,"$377,990 | 202 Melrose Street | Hutto, TX 78634 | 4 | Beds | 3 | .5 | Baths | 2,183 | SQ FT | Est Completion Date: | August 2026 | Community | Prairie Winds | Floor Plan | Pearl | Prairie Winds | View Detail | As low as | $2,256",
2026-07-31,Trophy Signature Homes,Austin,https://trophysignaturehomes.com/homes/austin,https://trophysignaturehomes.com/homes/austin/hutto/prairie-winds/114-melrose-street,35280777111bb9733e,Prairie Winds,"114 Melrose Street Hutto, TX 78634",,Pearl,,374990,,,,,,,"$374,990 | 114 Melrose Street | Hutto, TX 78634 | 4 | Beds | 3 | .5 | Baths | 2,183 | SQ FT | Community | Prairie Winds | Floor Plan | Pearl | Prairie Winds | View Detail | As low as | $2,587",
2026-07-31,Trophy Signature Homes,Austin,https://trophysignaturehomes.com/homes/austin,https://trophysignaturehomes.com/homes/austin/austin/evelyn/4802-native-pearl-lane,cb975175ae2eb7eac8,Evelyn,"4802 Native Pearl Lane Austin, TX 78754",,Pearl,Est Completion | October 2026,429990,,,,,,,"$429,990 | 4802 Native Pearl Lane | Austin, TX 78754 | 4 | Beds | 3 | .5 | Baths | 2,183 | SQ FT | Est Completion Date: | October 2026 | Community | Evelyn | Floor Plan | Pearl | Evelyn | View Detail | As low as | $2,301",
2026-07-31,Trophy Signature Homes,Austin,https://trophysignaturehomes.com/homes/austin,https://trophysignaturehomes.com/homes/austin/hutto/prairie-winds/1102-universal-drive,1e743d74d82cade711,Prairie Winds,"1102 Universal Drive Hutto, TX 78634",,Oak,Available | Now,382510,389900.0,,,,,Price Cut | Savings Shown,"$382,510 | $389,900 | Save: | $7,390 | Open | House | Saturday 10AM - 6PM | Sunday 12PM - 6PM | 1102 Universal Drive | Hutto, TX 78634 | 4 | Beds | 2 | .5 | Baths | 2,299 | SQ FT | Available Date: | Now | Community | Prairie Winds | Floor Plan | Oak | Prairie Winds | View Detail | As low as | $2,455",
2026-07-31,Trophy Signature Homes,Austin,https://trophysignaturehomes.com/homes/austin,https://trophysignaturehomes.com/homes/austin/elgin/trinity-ranch/190-hornet-street,a0fc99c705860b7e3f,Trinity Ranch,"190 Hornet Street Elgin, TX 78621",,Oak,Available | Now,323990,329990.0,,,,,Price Cut | Savings Shown,"$323,990 | $329,990 | Save: | $6,000 | 190 Hornet Street | Elgin, TX 78621 | 4 | Beds | 2 | .5 | Baths | 2,299 | SQ FT | Available Date: | Now | Community | Trinity Ranch | Floor Plan | Oak | Trinity Ranch | View Detail | As low as | $2,469",
2026-07-31,Trophy Signature Homes,Austin,https://trophysignaturehomes.com/homes/austin,https://trophysignaturehomes.com/homes/austin/elgin/trinity-ranch/180-hornet-street,45daaea7dce5310380,Trinity Ranch,"180 Hornet Street Elgin, TX 78621",,Oak,Available | Now,325990,329990.0,,,,,Price Cut | Savings Shown,"$325,990 | $329,990 | Save: | $4,000 | 180 Hornet Street | Elgin, TX 78621 | 4 | Beds | 2 | .5 | Baths | 2,299 | SQ FT | Available Date: | Now | Community | Trinity Ranch | Floor Plan | Oak | Trinity Ranch | View Detail | As low as | $2,484",
2026-07-31,Trophy Signature Homes,Austin,https://trophysignaturehomes.com/homes/austin,https://trophysignaturehomes.com/homes/austin/elgin/trinity-ranch/220-hornet-street,f36fd48075b4e84e09,Trinity Ranch,"220 Hornet Street Elgin, TX 78621",,Oak,Available | Now,327990,329990.0,,,,,Price Cut | Savings Shown,"$327,990 | $329,990 | Save: | $2,000 | 220 Hornet Street | Elgin, TX 78621 | 4 | Beds | 2 | .5 | Baths | 2,299 | SQ FT | Available Date: | Now | Community | Trinity Ranch | Floor Plan | Oak | Trinity Ranch | View Detail | As low as | $2,492",
2026-07-31,Trophy Signature Homes,Austin,https://trophysignaturehomes.com/homes/austin,https://trophysignaturehomes.com/homes/austin/elgin/trinity-ranch/210-hornet-street,dbcf583eef9946020b,Trinity Ranch,"210 Hornet Street Elgin, TX 78621",,Oak,Available | Now,328990,,,,,,,"$328,990 | 210 Hornet Street | Elgin, TX 78621 | 4 | Beds | 2 | .5 | Baths | 2,299 | SQ FT | Available Date: | Now | Community | Trinity Ranch | Floor Plan | Oak | Trinity Ranch | View Detail | As low as | $2,484",
2026-07-31,Trophy Signature Homes,Austin,https://trophysignaturehomes.com/homes/austin,https://trophysignaturehomes.com/homes/austin/elgin/trinity-ranch/200-hornet-street,126eb27e663b23c35c,Trinity Ranch,"200 Hornet Street Elgin, TX 78621",,Oak,Available | Now,327990,329990.0,,,,,Price Cut | Savings Shown,"$327,990 | $329,990 | Save: | $2,000 | 200 Hornet Street | Elgin, TX 78621 | 4 | Beds | 2 | .5 | Baths | 2,299 | SQ FT | Available Date: | Now | Community | Trinity Ranch | Floor Plan | Oak | Trinity Ranch | View Detail | As low as | $2,499",
2026-07-31,Trophy Signature Homes,Austin,https://trophysignaturehomes.com/homes/austin,https://trophysignaturehomes.com/homes/austin/elgin/trinity-ranch/217-hornet-street,cd1b931084a487eb5a,Trinity Ranch,"217 Hornet Street Elgin, TX 78621",,Oak,Available | Now,329990,,,,,,,"$329,990 | 217 Hornet Street | Elgin, TX 78621 | 4 | Beds | 2 | .5 | Baths | 2,299 | SQ FT | Available Date: | Now | Community | Trinity Ranch | Floor Plan | Oak | Trinity Ranch | View Detail | As low as | $2,376",
2026-07-31,Trophy Signature Homes,Austin,https://trophysignaturehomes.com/homes/austin,https://trophysignaturehomes.com/homes/austin/hutto/prairie-winds/101-malibu-bend,6c12a963def91c3e4a,Prairie Winds,"101 Malibu Bend Hutto, TX 78634",,Oak,Available | Now,394990,,,,,,,"$394,990 | 101 Malibu Bend | Hutto, TX 78634 | 4 | Beds | 2 | .5 | Baths | 2,299 | SQ FT | Available Date: | Now | Community | Prairie Winds | Floor Plan | Oak | Prairie Winds | View Detail | As low as | $2,316",
2026-07-31,Trophy Signature Homes,Austin,https://trophysignaturehomes.com/homes/austin,https://trophysignaturehomes.com/homes/austin/hutto/prairie-winds/107-melrose-street,930c8152b97a614b2a,Prairie Winds,"107 Melrose Street Hutto, TX 78634",,Oak,Est Completion | September 2026,384990,,,,,,,"$384,990 | 107 Melrose Street | Hutto, TX 78634 | 4 | Beds | 2 | .5 | Baths | 2,299 | SQ FT | Est Completion Date: | September 2026 | Community | Prairie Winds | Floor Plan | Oak | Prairie Winds | View Detail | As low as | $2,499",
2026-07-31,Trophy Signature Homes,Austin,https://trophysignaturehomes.com/homes/austin,https://trophysignaturehomes.com/homes/austin/elgin/trinity-ranch/187-hornet-street,4082077acbd0bf825a,Trinity Ranch,"187 Hornet Street Elgin, TX 78621",,Oak,Est Completion | September 2026,329990,,,,,,,"$329,990 | 187 Hornet Street | Elgin, TX 78621 | 4 | Beds | 2 | .5 | Baths | 2,299 | SQ FT | Est Completion Date: | September 2026 | Community | Trinity Ranch | Floor Plan | Oak | Trinity Ranch | View Detail | As low as | $2,492",
2026-07-31,Trophy Signature Homes,Austin,https://trophysignaturehomes.com/homes/austin,https://trophysignaturehomes.com/homes/austin/elgin/trinity-ranch/197-hornet-street,256799e69da876677c,Trinity Ranch,"197 Hornet Street Elgin, TX 78621",,Oak,Est Completion | August 2026,328990,,,,,,,"$328,990 | 197 Hornet Street | Elgin, TX 78621 | 4 | Beds | 2 | .5 | Baths | 2,299 | SQ FT | Est Completion Date: | August 2026 | Community | Trinity Ranch | Floor Plan | Oak | Trinity Ranch | View Detail | As low as | $2,499",
2026-07-31,Trophy Signature Homes,Austin,https://trophysignaturehomes.com/homes/austin,https://trophysignaturehomes.com/homes/austin/elgin/trinity-ranch/216-hornet-street,d045b5b8aadddd06c5,Trinity Ranch,"216 Hornet Street Elgin, TX 78621",,Oak,Available | Now,329990,343990.0,,,,,Price Cut,"$329,990 | 217 Hornet Street | Elgin, TX 78621 | 4 | Beds | 2 | .5 | Baths | 2,299 | SQ FT | Available Date: | Now | Community | Trinity Ranch | Floor Plan | Oak | Trinity Ranch | View Detail | As low as | $2,603 | $343,990 | 216 Hornet Street | Elgin, TX 78621 | 4 | Beds | 3 | .5 | Baths | 2,470 | SQ FT | Community | Trinity Ranch | Floor Plan | Willow | Trinity Ranch | View Detail | As low as | $2,610",
2026-07-31,Trophy Signature Homes,Austin,https://trophysignaturehomes.com/homes/austin,https://trophysignaturehomes.com/homes/austin/elgin/trinity-ranch/205-hornet-street,1b0e4b902ea60a36d1,Trinity Ranch,"205 Hornet Street Elgin, TX 78621",,Willow,Est Completion | August 2026,344990,,,,,,,"$344,990 | 205 Hornet Street | Elgin, TX 78621 | 4 | Beds | 3 | .5 | Baths | 2,470 | SQ FT | Est Completion Date: | August 2026 | Community | Trinity Ranch | Floor Plan | Willow | Trinity Ranch | View Detail | As low as | $2,442",
2026-07-31,Trophy Signature Homes,Austin,https://trophysignaturehomes.com/homes/austin,https://trophysignaturehomes.com/homes/austin/hutto/prairie-winds/104-melrose-street,592400e89a260522e0,Prairie Winds,"104 Melrose Street Hutto, TX 78634",,Trinity,Est Completion | September 2026,405965,,,,,,,"$405,965 | 104 Melrose Street | Hutto, TX 78634 | 4 | Beds | 3 | Baths | 2,504 | SQ FT | Est Completion Date: | September 2026 | Community | Prairie Winds | Floor Plan | Trinity | View Detail | As low as | $2,703",
2026-07-31,Trophy Signature Homes,Austin,https://trophysignaturehomes.com/homes/austin,https://trophysignaturehomes.com/homes/austin/elgin/trinity-ranch/226-hornet-street,57f53a62cb65296998,Trinity Ranch,"226 Hornet Street Elgin, TX 78621",,Elm II,Est Completion | August 2026,357490,,,,,,,"$357,490 | 226 Hornet Street | Elgin, TX 78621 | 5 | Beds | 3 | Baths | 2,563 | SQ FT | Est Completion Date: | August 2026 | Community | Trinity Ranch | Floor Plan | Elm II | View Detail | As low as | $2,647",
2026-07-31,Trophy Signature Homes,Austin,https://trophysignaturehomes.com/homes/austin,https://trophysignaturehomes.com/homes/austin/elgin/trinity-ranch/175-hornet-street,f75467c2b9aff78560,Trinity Ranch,"175 Hornet Street Elgin, TX 78621",,Elm II,,349990,,,,,,,"$349,990 | 175 Hornet Street | Elgin, TX 78621 | 5 | Beds | 3 | Baths | 2,563 | SQ FT | Community | Trinity Ranch | Floor Plan | Elm II | View Detail | As low as | $2,647",
2026-07-31,Trophy Signature Homes,Austin,https://trophysignaturehomes.com/homes/austin,https://trophysignaturehomes.com/homes/austin/elgin/trinity-ranch/185-hornet-street,311d85180427b4cdee,Trinity Ranch,"185 Hornet Street Elgin, TX 78621",,Elm II,Est Completion | October 2026,349990,,,,,,,"$349,990 | 185 Hornet Street | Elgin, TX 78621 | 5 | Beds | 3 | Baths | 2,563 | SQ FT | Est Completion Date: | October 2026 | Community | Trinity Ranch | Floor Plan | Elm II | View Detail | As low as | $2,647",
2026-07-31,Trophy Signature Homes,Austin,https://trophysignaturehomes.com/homes/austin,https://trophysignaturehomes.com/homes/austin/elgin/trinity-ranch/207-hornet-street,a6074a33df1319adaa,Trinity Ranch,"207 Hornet Street Elgin, TX 78621",,Elm II,Est Completion | August 2026,349990,,,,,,,"$349,990 | 207 Hornet Street | Elgin, TX 78621 | 5 | Beds | 3 | Baths | 2,563 | SQ FT | Est Completion Date: | August 2026 | Community | Trinity Ranch | Floor Plan | Elm II | View Detail | As low as | $2,647",
2026-07-31,Trophy Signature Homes,Austin,https://trophysignaturehomes.com/homes/austin,https://trophysignaturehomes.com/homes/austin/elgin/trinity-ranch/215-hornet-street,b2e6d56d2b1edec45a,Trinity Ranch,"215 Hornet Street Elgin, TX 78621",,Elm II,Est Completion | September 2026,349990,,,,,,,"$349,990 | 215 Hornet Street | Elgin, TX 78621 | 5 | Beds | 3 | Baths | 2,563 | SQ FT | Est Completion Date: | September 2026 | Community | Trinity Ranch | Floor Plan | Elm II | View Detail | As low as | $2,593",
2026-07-31,Trophy Signature Homes,Austin,https://trophysignaturehomes.com/homes/austin,https://trophysignaturehomes.com/homes/austin/hutto/prairie-winds/110-melrose-street,da4d0b05f133fd8d90,Prairie Winds,"110 Melrose Street Hutto, TX 78634",,Claret,Est Completion | August 2026,430990,,,,,,,"$430,990 | 110 Melrose Street | Hutto, TX 78634 | 4 | Beds | 3 | Baths | 2,669 | SQ FT | Est Completion Date: | August 2026 | Community | Prairie Winds | Floor Plan | Claret | Prairie Winds | View Detail | As low as | $2,653",
2026-07-31,Trophy Signature Homes,Austin,https://trophysignaturehomes.com/homes/austin,https://trophysignaturehomes.com/homes/austin/hutto/prairie-winds/100-melrose-street,8cd79f854794053c4e,Prairie Winds,"100 Melrose Street Hutto, TX 78634",,Claret,Est Completion | September 2026,440990,,,,,,,"$440,990 | 100 Melrose Street | Hutto, TX 78634 | 4 | Beds | 3 | Baths | 2,669 | SQ FT | Est Completion Date: | September 2026 | Community | Prairie Winds | Floor Plan | Claret | Prairie Winds | View Detail | As low as | $2,641",
2026-07-31,Trophy Signature Homes,Austin,https://trophysignaturehomes.com/homes/austin,https://trophysignaturehomes.com/homes/austin/hutto/prairie-winds/101-melrose-street,bea8aafc1b14b9d8c0,Prairie Winds,"101 Melrose Street Hutto, TX 78634",,Lavaca,Est Completion | September 2026,438965,,,,,,,"$438,965 | 101 Melrose Street | Hutto, TX 78634 | 5 | Beds | 3 | Baths | 2,716 | SQ FT | Est Completion Date: | September 2026 | Community | Prairie Winds | Floor Plan | Lavaca | View Detail | Communities | Austin | Dallas / Ft Worth | Houston | New Construction Homes in Dallas / Ft Worth | Homes For Sale in Aledo | Homes For Sale in Alvarado | Homes For Sale in Aubrey | Homes For Sale in Celina | Homes For Sale in Crowley | Homes For Sale in Farmersville | Homes For Sale in Forney | Homes For Sale in Fort Worth | Homes For Sale in Greenville | Homes For Sale in Gunter | Homes For Sale in Haslet | Homes For Sale in Lavon | Homes For Sale in McKinney | Homes For Sale in Pilot Point | Homes For Sale in Ponder | Homes For Sale in Princeton | Homes For Sale in Seagoville | Homes For Sale in Waxahachie | New Construction Homes in Austin | Homes For Sale in Elgin",
2026-07-31,Trophy Signature Homes,Houston,https://trophysignaturehomes.com/homes/houston,https://trophysignaturehomes.com/homes/houston/huffman/riviera-pines/1140-pine-rivage-drive,e82fdac3e7ef4d044c,Riviera Pines,"1140 Pine Rivage Drive Huffman, TX 77336",,Ash,Available | Now,201990,,,,,,,"$201,990 | 1140 Pine Rivage Drive | Huffman, TX 77336 | 3 | Beds | 2 | Baths | 1,202 | SQ FT | Available Date: | Now | Community | Riviera Pines | Floor Plan | Ash | Riviera Pines | View Detail | As low as | $1,655",
2026-07-31,Trophy Signature Homes,Houston,https://trophysignaturehomes.com/homes/houston,https://trophysignaturehomes.com/homes/houston/huffman/riviera-pines/31014-rena-coast-drive,be6eba95649f3b4b3c,Riviera Pines,"31014 Rena Coast Drive Huffman, TX 77336",,Birch,Available | Now,210990,,,,,,,"$210,990 | 31014 Rena Coast Drive | Huffman, TX 77336 | 3 | Beds | 2 | Baths | 1,317 | SQ FT | Available Date: | Now | Community | Riviera Pines | Floor Plan | Birch | Riviera Pines | View Detail | As low as | $2,212",
2026-07-31,Trophy Signature Homes,Houston,https://trophysignaturehomes.com/homes/houston,https://trophysignaturehomes.com/homes/houston/huffman/riviera-pines/31112-rena-coast-drive,3ccd4e5613ffdaf4af,Riviera Pines,"31112 Rena Coast Drive Huffman, TX 77336",,Nueces,Available | Now,281990,,,,,,,"$281,990 | 31112 Rena Coast Drive | Huffman, TX 77336 | 3 | Beds | 2 | Baths | 1,421 | SQ FT | Available Date: | Now | Community | Riviera Pines | Floor Plan | Nueces | View Detail | As low as | $1,780",
2026-07-31,Trophy Signature Homes,Houston,https://trophysignaturehomes.com/homes/houston,https://trophysignaturehomes.com/homes/houston/huffman/riviera-pines/31010-rena-coast-drive,7f38851249a9abeb74,Riviera Pines,"31010 Rena Coast Drive Huffman, TX 77336",,Cedar,Available | Now,226990,,,,,,,"$226,990 | 31010 Rena Coast Drive | Huffman, TX 77336 | 3 | Beds | 2 | Baths | 1,445 | SQ FT | Available Date: | Now | Community | Riviera Pines | Floor Plan | Cedar | Riviera Pines | View Detail | As low as | $1,733",
2026-07-31,Trophy Signature Homes,Houston,https://trophysignaturehomes.com/homes/houston,https://trophysignaturehomes.com/homes/houston/huffman/riviera-pines/31020-rena-coast-drive,e25725ffdab7cb5c12,Riviera Pines,"31020 Rena Coast Drive Huffman, TX 77336",,Cedar,Available | Now,220990,,,,,,,"$220,990 | 31020 Rena Coast Drive | Huffman, TX 77336 | 3 | Beds | 2 | Baths | 1,445 | SQ FT | Available Date: | Now | Community | Riviera Pines | Floor Plan | Cedar | Riviera Pines | View Detail | As low as | $1,702",
2026-07-31,Trophy Signature Homes,Houston,https://trophysignaturehomes.com/homes/houston,https://trophysignaturehomes.com/homes/houston/huffman/riviera-pines/1250-minorca-street,14613f45f671c2adc1,Riviera Pines,"1250 Minorca Street Huffman, TX 77336",,Cedar,Available | Now,216990,230900.0,,,,,Price Cut | Savings Shown,"$216,990 | $230,900 | Save: | $13,910 | 1250 Minorca Street | Huffman, TX 77336 | 3 | Beds | 2 | Baths | 1,485 | SQ FT | Available Date: | Now | Community | Riviera Pines | Floor Plan | Cedar | View Detail | As low as | $1,812",
2026-07-31,Trophy Signature Homes,Houston,https://trophysignaturehomes.com/homes/houston,https://trophysignaturehomes.com/homes/houston/huffman/riviera-pines/1134-pine-rivage-drive,f1d446ffba52edf535,Riviera Pines,"1134 Pine Rivage Drive Huffman, TX 77336",,Spruce,Est Completion | August 2026,230990,,,,,,,"$230,990 | 1134 Pine Rivage Drive | Huffman, TX 77336 | 4 | Beds | 2 | Baths | 1,522 | SQ FT | Est Completion Date: | August 2026 | Community | Riviera Pines | Floor Plan | Spruce | View Detail | As low as | $1,945",
2026-07-31,Trophy Signature Homes,Houston,https://trophysignaturehomes.com/homes/houston,https://trophysignaturehomes.com/homes/houston/huffman/riviera-pines/31102-rena-coast-drive,3ae516dcf042b9d30e,Riviera Pines,"31102 Rena Coast Drive Huffman, TX 77336",,Brazos,Available | Now,247990,,,,,,,"$247,990 | 31102 Rena Coast Drive | Huffman, TX 77336 | 3 | Beds | 2 | Baths | 1,545 | SQ FT | Available Date: | Now | Community | Riviera Pines | Floor Plan | Brazos | View Detail | As low as | $1,874",
2026-07-31,Trophy Signature Homes,Houston,https://trophysignaturehomes.com/homes/houston,https://trophysignaturehomes.com/homes/houston/huffman/riviera-pines/1251-minorca-street,19e4903d4dbc04dfcd,Riviera Pines,"1251 Minorca Street Huffman, TX 77336",,Cypress,Available | Now,238990,240900.0,,,,,Price Cut | Savings Shown,"$238,990 | $240,900 | Save: | $1,910 | 1251 Minorca Street | Huffman, TX 77336 | 4 | Beds | 3 | Baths | 1,648 | SQ FT | Available Date: | Now | Community | Riviera Pines | Floor Plan | Cypress | View Detail | As low as | $1,890",
2026-07-31,Trophy Signature Homes,Houston,https://trophysignaturehomes.com/homes/houston,https://trophysignaturehomes.com/homes/houston/huffman/riviera-pines/31018-rena-coast-drive,8cf3c863691e38b925,Riviera Pines,"31018 Rena Coast Drive Huffman, TX 77336",,Cypress,Available | Now,240990,,,,,,,"$240,990 | 31018 Rena Coast Drive | Huffman, TX 77336 | 4 | Beds | 3 | Baths | 1,648 | SQ FT | Available Date: | Now | Community | Riviera Pines | Floor Plan | Cypress | Riviera Pines | View Detail | As low as | $2,039",
2026-07-31,Trophy Signature Homes,Houston,https://trophysignaturehomes.com/homes/houston,https://trophysignaturehomes.com/homes/houston/huffman/riviera-pines/1212-pavia-fields-drive,ffb47ab81fc99f330f,Riviera Pines,"1212 Pavia Fields Drive Huffman, TX 77336",,Colorado,Available | Now,259990,260990.0,,,,,Price Cut | Savings Shown,"$259,990 | $260,990 | Save: | $1,000 | 1212 Pavia Fields Drive | Huffman, TX 77336 | 3 | Beds | 2 | Baths | 1,678 | SQ FT | Available Date: | Now | Community | Riviera Pines | Floor Plan | Colorado | View Detail | As low as | $2,023",
2026-07-31,Trophy Signature Homes,Houston,https://trophysignaturehomes.com/homes/houston,https://trophysignaturehomes.com/homes/houston/huffman/riviera-pines/1214-pavia-fields-drive,cdbf8bfb71f2b25745,Riviera Pines,"1214 Pavia Fields Drive Huffman, TX 77336",,Colorado,Available | Now,257990,259990.0,,,,,Price Cut | Savings Shown,"$257,990 | $259,990 | Save: | $2,000 | 1214 Pavia Fields Drive | Huffman, TX 77336 | 3 | Beds | 2 | Baths | 1,678 | SQ FT | Available Date: | Now | Community | Riviera Pines | Floor Plan | Colorado | View Detail | As low as | $2,086",
2026-07-31,Trophy Signature Homes,Houston,https://trophysignaturehomes.com/homes/houston,https://trophysignaturehomes.com/homes/houston/huffman/riviera-pines/31110-rena-coast-drive,96acd6cebc6b9b797a,Riviera Pines,"31110 Rena Coast Drive Huffman, TX 77336",,Colorado,Available | Now,265990,,,,,,,"$265,990 | 31110 Rena Coast Drive | Huffman, TX 77336 | 3 | Beds | 2 | Baths | 1,678 | SQ FT | Available Date: | Now | Community | Riviera Pines | Floor Plan | Colorado | View Detail | As low as | $2,102",
2026-07-31,Trophy Signature Homes,Houston,https://trophysignaturehomes.com/homes/houston,https://trophysignaturehomes.com/homes/houston/huffman/riviera-pines/31109-napoli-hills-drive,052ad9c026fb8e7128,Riviera Pines,"31109 Napoli Hills Drive Huffman, TX 77336",,Sabine,Available | Now,267990,269990.0,,,,,Price Cut | Savings Shown,"$267,990 | $269,990 | Save: | $2,000 | 31109 Napoli Hills Drive | Huffman, TX 77336 | 4 | Beds | 3 | Baths | 1,764 | SQ FT | Available Date: | Now | Community | Riviera Pines | Floor Plan | Sabine | View Detail | As low as | $2,094",
2026-07-31,Trophy Signature Homes,Houston,https://trophysignaturehomes.com/homes/houston,https://trophysignaturehomes.com/homes/houston/huffman/riviera-pines/1206-pavia-fields-drive,ff6f868c71d45934ca,Riviera Pines,"1206 Pavia Fields Drive Huffman, TX 77336",,Sabine,Available | Now,266975,269795.0,,,,,Price Cut | Savings Shown,"$266,975 | $269,795 | Save: | $2,820 | 1206 Pavia Fields Drive | Huffman, TX 77336 | 4 | Beds | 3 | Baths | 1,764 | SQ FT | Available Date: | Now | Community | Riviera Pines | Floor Plan | Sabine | View Detail | As low as | $2,117",
2026-07-31,Trophy Signature Homes,Houston,https://trophysignaturehomes.com/homes/houston,https://trophysignaturehomes.com/homes/houston/huffman/riviera-pines/31108-rena-coast-drive,abc8430589bfbe3d46,Riviera Pines,"31108 Rena Coast Drive Huffman, TX 77336",,Sabine,Available | Now,269990,,,,,,,"$269,990 | 31108 Rena Coast Drive | Huffman, TX 77336 | 4 | Beds | 3 | Baths | 1,764 | SQ FT | Available Date: | Now | Community | Riviera Pines | Floor Plan | Sabine | View Detail | As low as | $2,039",
2026-07-31,Trophy Signature Homes,Houston,https://trophysignaturehomes.com/homes/houston,https://trophysignaturehomes.com/homes/houston/huffman/riviera-pines/31118-azure-waters-drive,40bde43a049a56cdfa,Riviera Pines,"31118 Azure Waters Drive Huffman, TX 77336",,Quartz,Est Completion | August 2026,259990,,,,,,,"$259,990 | 31118 Azure Waters Drive | Huffman, TX 77336 | 4 | Beds | 2 | Baths | 1,816 | SQ FT | Est Completion Date: | August 2026 | Community | Riviera Pines | Floor Plan | Quartz | View Detail | As low as | $2,054",
2026-07-31,Trophy Signature Homes,Houston,https://trophysignaturehomes.com/homes/houston,https://trophysignaturehomes.com/homes/houston/huffman/riviera-pines/1117-ramo-pine-drive,962e56d7ef22a074d1,Riviera Pines,"1117 Ramo Pine Drive Huffman, TX 77336",,Diamond,Est Completion | October 2026,261935,,,,,,,"$261,935 | 1117 Ramo Pine Drive | Huffman, TX 77336 | 3 | Beds | 2 | Baths | 1,840 | SQ FT | Est Completion Date: | October 2026 | Community | Riviera Pines | Floor Plan | Diamond | View Detail | As low as | $2,008",
2026-07-31,Trophy Signature Homes,Houston,https://trophysignaturehomes.com/homes/houston,https://trophysignaturehomes.com/homes/houston/huffman/riviera-pines/31012-rena-coast-drive,14d90a4bac945fbf7a,Riviera Pines,"31012 Rena Coast Drive Huffman, TX 77336",,Magnolia,Available | Now,255990,,,,,,,"$255,990 | 31012 Rena Coast Drive | Huffman, TX 77336 | 4 | Beds | 2 | .5 | Baths | 2,055 | SQ FT | Available Date: | Now | Community | Riviera Pines | Floor Plan | Magnolia | Riviera Pines | View Detail | As low as | $2,008",
2026-07-31,Trophy Signature Homes,Houston,https://trophysignaturehomes.com/homes/houston,https://trophysignaturehomes.com/homes/houston/huffman/riviera-pines/1142-pine-rivage-drive,709532ebec9c715ac1,Riviera Pines,"1142 Pine Rivage Drive Huffman, TX 77336",,Magnolia,Est Completion | August 2026,255990,,,,,,,"$255,990 | 1142 Pine Rivage Drive | Huffman, TX 77336 | 4 | Beds | 2 | .5 | Baths | 2,055 | SQ FT | Est Completion Date: | August 2026 | Community | Riviera Pines | Floor Plan | Magnolia | Riviera Pines | View Detail | As low as | $2,082",
2026-07-31,Trophy Signature Homes,Houston,https://trophysignaturehomes.com/homes/houston,https://trophysignaturehomes.com/homes/houston/huffman/riviera-pines/31013-perdido-valley-lane,e7d01fa868a1db89be,Riviera Pines,"31013 Perdido Valley Lane Huffman, TX 77336",,Magnolia,Available | Now,265480,268480.0,,,,,Price Cut | Savings Shown,"$265,480 | $268,480 | Save: | $3,000 | 31013 Perdido Valley Lane | Huffman, TX 77336 | 5 | Beds | 3 | .5 | Baths | 2,107 | SQ FT | Available Date: | Now | Community | Riviera Pines | Floor Plan | Magnolia | View Detail | As low as | $2,321",
2026-07-31,Trophy Signature Homes,Houston,https://trophysignaturehomes.com/homes/houston,https://trophysignaturehomes.com/homes/houston/huffman/riviera-pines/1208-pavia-fields-drive,bcd82f4d12a22a5d81,Riviera Pines,"1208 Pavia Fields Drive Huffman, TX 77336",,Pecos,Available | Now,295925,297925.0,,,,,Price Cut | Savings Shown,"$295,925 | $297,925 | Save: | $2,000 | 1208 Pavia Fields Drive | Huffman, TX 77336 | 4 | Beds | 3 | Baths | 2,120 | SQ FT | Available Date: | Now | Community | Riviera Pines | Floor Plan | Pecos | View Detail | As low as | $2,321",
2026-07-31,Trophy Signature Homes,Houston,https://trophysignaturehomes.com/homes/houston,https://trophysignaturehomes.com/homes/houston/huffman/riviera-pines/31104-rena-coast-drive,2d9a3330e52cb63974,Riviera Pines,"31104 Rena Coast Drive Huffman, TX 77336",,Pecos,Available | Now,295990,,,,,,,"$295,990 | 31104 Rena Coast Drive | Huffman, TX 77336 | 4 | Beds | 3 | Baths | 2,120 | SQ FT | Available Date: | Now | Community | Riviera Pines | Floor Plan | Pecos | View Detail | As low as | $2,306",
2026-07-31,Trophy Signature Homes,Houston,https://trophysignaturehomes.com/homes/houston,https://trophysignaturehomes.com/homes/houston/huffman/riviera-pines/1204-pavia-fields-drive,3808b23cb194d7e636,Riviera Pines,"1204 Pavia Fields Drive Huffman, TX 77336",,Pecos,Available | Now,293990,295990.0,,,,,Price Cut | Savings Shown,"$293,990 | $295,990 | Save: | $2,000 | 1204 Pavia Fields Drive | Huffman, TX 77336 | 4 | Beds | 3 | Baths | 2,123 | SQ FT | Available Date: | Now | Community | Riviera Pines | Floor Plan | Pecos | View Detail | As low as | $2,196",
2026-07-31,Trophy Signature Homes,Houston,https://trophysignaturehomes.com/homes/houston,https://trophysignaturehomes.com/homes/houston/huffman/riviera-pines/31104-azure-waters-drive,0258b2b081e334a942,Riviera Pines,"31104 Azure Waters Drive Huffman, TX 77336",,Pearl,Available | Now,279990,,,,,,,"$279,990 | 31104 Azure Waters Drive | Huffman, TX 77336 | 3 | Beds | 2 | .5 | Baths | 2,172 | SQ FT | Available Date: | Now | Community | Riviera Pines | Floor Plan | Pearl | View Detail | As low as | $2,219",
2026-07-31,Trophy Signature Homes,Houston,https://trophysignaturehomes.com/homes/houston,https://trophysignaturehomes.com/homes/houston/huffman/riviera-pines/31112-azure-waters-drive,46960d8964654e9501,Riviera Pines,"31112 Azure Waters Drive Huffman, TX 77336",,Pearl,Est Completion | August 2026,282990,,,,,,,"$282,990 | 31112 Azure Waters Drive | Huffman, TX 77336 | 4 | Beds | 3 | .5 | Baths | 2,172 | SQ FT | Est Completion Date: | August 2026 | Community | Riviera Pines | Floor Plan | Pearl | Riviera Pines | View Detail | As low as | $2,196",
2026-07-31,Trophy Signature Homes,Houston,https://trophysignaturehomes.com/homes/houston,https://trophysignaturehomes.com/homes/houston/huffman/riviera-pines/31116-azure-waters-drive,3d2d08f5d4e441968d,Riviera Pines,"31116 Azure Waters Drive Huffman, TX 77336",,Pearl,Est Completion | August 2026,279990,,,,,,,"$279,990 | 31116 Azure Waters Drive | Huffman, TX 77336 | 4 | Beds | 3 | .5 | Baths | 2,172 | SQ FT | Est Completion Date: | August 2026 | Community | Riviera Pines | Floor Plan | Pearl | Riviera Pines | View Detail | As low as | $2,149",
2026-07-31,Trophy Signature Homes,Houston,https://trophysignaturehomes.com/homes/houston,https://trophysignaturehomes.com/homes/houston/huffman/riviera-pines/31022-rena-coast-drive,aebcb0d1598c662cf3,Riviera Pines,"31022 Rena Coast Drive Huffman, TX 77336",,Oak,Available | Now,273990,,,,,,,"$273,990 | 31022 Rena Coast Drive | Huffman, TX 77336 | 4 | Beds | 2 | .5 | Baths | 2,299 | SQ FT | Available Date: | Now | Community | Riviera Pines | Floor Plan | Oak | View Detail | As low as | $2,093",
2026-07-31,Trophy Signature Homes,Houston,https://trophysignaturehomes.com/homes/houston,https://trophysignaturehomes.com/homes/houston/huffman/riviera-pines/1132-pine-rivage-drive,c3d1251c3a898d0893,Riviera Pines,"1132 Pine Rivage Drive Huffman, TX 77336",,Oak,Est Completion | October 2026,266935,,,,,,,"$266,935 | 1132 Pine Rivage Drive | Huffman, TX 77336 | 4 | Beds | 2 | .5 | Baths | 2,299 | SQ FT | Est Completion Date: | October 2026 | Community | Riviera Pines | Floor Plan | Oak | Riviera Pines | View Detail | As low as | $2,392",
2026-07-31,Trophy Signature Homes,Houston,https://trophysignaturehomes.com/homes/houston,https://trophysignaturehomes.com/homes/houston/huffman/riviera-pines/1210-pavia-fields-drive,bbd677b9863d7eb25b,Riviera Pines,"1210 Pavia Fields Drive Huffman, TX 77336",,Trinity,Available | Now,304990,312990.0,,,,,Price Cut | Savings Shown,"$304,990 | $312,990 | Save: | $8,000 | 1210 Pavia Fields Drive | Huffman, TX 77336 | 4 | Beds | 3 | Baths | 2,504 | SQ FT | Available Date: | Now | Community | Riviera Pines | Floor Plan | Trinity | View Detail | As low as | $2,462",
2026-07-31,Trophy Signature Homes,Houston,https://trophysignaturehomes.com/homes/houston,https://trophysignaturehomes.com/homes/houston/huffman/riviera-pines/31106-rena-coast-drive,875f4b3fb61baf098f,Riviera Pines,"31106 Rena Coast Drive Huffman, TX 77336",,Trinity,Available | Now,313990,,,,,,,"$313,990 | 31106 Rena Coast Drive | Huffman, TX 77336 | 4 | Beds | 3 | Baths | 2,504 | SQ FT | Available Date: | Now | Community | Riviera Pines | Floor Plan | Trinity | View Detail | As low as | $2,455",
2026-07-31,Trophy Signature Homes,Houston,https://trophysignaturehomes.com/homes/houston,https://trophysignaturehomes.com/homes/houston/huffman/riviera-pines/31114-rena-coast-drive,1e243d3ec33ea5424a,Riviera Pines,"31114 Rena Coast Drive Huffman, TX 77336",,Trinity,Est Completion | August 2026,312990,,,,,,,"$312,990 | 31114 Rena Coast Drive | Huffman, TX 77336 | 4 | Beds | 3 | Baths | 2,504 | SQ FT | Est Completion Date: | August 2026 | Community | Riviera Pines | Floor Plan | Trinity | View Detail | As low as | $2,235",
2026-07-31,Trophy Signature Homes,Houston,https://trophysignaturehomes.com/homes/houston,https://trophysignaturehomes.com/homes/houston/huffman/riviera-pines/1128-pine-rivage-drive,94947dd04d46fdb504,Riviera Pines,"1128 Pine Rivage Drive Huffman, TX 77336",,Willow,Est Completion | October 2026,284990,,,,,,,"$284,990 | 1128 Pine Rivage Drive | Huffman, TX 77336 | 4 | Beds | 3 | .5 | Baths | 2,536 | SQ FT | Est Completion Date: | October 2026 | Community | Riviera Pines | Floor Plan | Willow | View Detail | As low as | $2,313",
2026-07-31,Trophy Signature Homes,Houston,https://trophysignaturehomes.com/homes/houston,https://trophysignaturehomes.com/homes/houston/huffman/riviera-pines/1136-pine-rivage-drive,713b45a7a322bc53b0,Riviera Pines,"1136 Pine Rivage Drive Huffman, TX 77336",,Elm II,Est Completion | August 2026,294990,,,,,,,"$294,990 | 1136 Pine Rivage Drive | Huffman, TX 77336 | 5 | Beds | 3 | Baths | 2,563 | SQ FT | Est Completion Date: | August 2026 | Community | Riviera Pines | Floor Plan | Elm II | View Detail | Communities | Austin | Dallas / Ft Worth | Houston | New Construction Homes in Dallas / Ft Worth | Homes For Sale in Aledo | Homes For Sale in Alvarado | Homes For Sale in Aubrey | Homes For Sale in Celina | Homes For Sale in Crowley | Homes For Sale in Farmersville | Homes For Sale in Forney | Homes For Sale in Fort Worth | Homes For Sale in Greenville | Homes For Sale in Gunter | Homes For Sale in Haslet | Homes For Sale in Lavon | Homes For Sale in McKinney | Homes For Sale in Pilot Point | Homes For Sale in Ponder | Homes For Sale in Princeton | Homes For Sale in Seagoville | Homes For Sale in Waxahachie | New Construction Homes in Austin | Homes For Sale in Elgin",
2026-07-31,CB JENI Homes,DFW,https://cbjenihomes.com/find-your-home/?price=any&bedrooms=any&bathrooms=any&stories=any&city=any&school=any&floorplan=any&payment=any&size=any&quick=true,https://cbjenihomes.com/communities/painted-tree-woodlands/4770-lunker-street-mckinney-tx-75071/,a3a33213f0d2923e9e,Painted Tree - Woodland District,"4770 Lunker Street McKinney, TX 75071","Building 10, Lot 5",Hansen,Under Construction | Ready Now,398430,,2340.0,3.0,2.5,2.0,END UNIT,"Painted Tree - Woodland District | 4770 Lunker Street McKinney, TX 75071 | Hansen | Under Construction | Ready Now | Price 398430 | Was 0 | Building 10, Lot 5 | END UNIT",
2026-07-31,CB JENI Homes,DFW,https://cbjenihomes.com/find-your-home/?price=any&bedrooms=any&bathrooms=any&stories=any&city=any&school=any&floorplan=any&payment=any&size=any&quick=true,https://cbjenihomes.com/communities/the-village-at-midtowne/226-dylan-way-midlothian-tx-76065/,d64e964ec418c3450c,The Village at Midtowne,"226 Dylan Way Midlothian, TX 76065","Building 1, Lot 3",Hansen,Move-In Ready | Ready Now,329990,345990.0,2277.0,3.0,2.5,2.0,Price Cut,"The Village at Midtowne | 226 Dylan Way Midlothian, TX 76065 | Hansen | Move-In Ready | Ready Now | Price 329990 | Was 345990 | Building 1, Lot 3",
2026-07-31,CB JENI Homes,DFW,https://cbjenihomes.com/find-your-home/?price=any&bedrooms=any&bathrooms=any&stories=any&city=any&school=any&floorplan=any&payment=any&size=any&quick=true,https://cbjenihomes.com/communities/the-village-at-midtowne/218-dylan-way-midlothian-tx-76065/,f4de457d161209f987,The Village at Midtowne,"218 Dylan Way Midlothian, TX 75065","Building 2, Lot 4",Hansen,Move-In Ready | Ready Now,334990,349080.0,2277.0,3.0,2.5,2.0,Price Cut,"The Village at Midtowne | 218 Dylan Way Midlothian, TX 75065 | Hansen | Move-In Ready | Ready Now | Price 334990 | Was 349080 | Building 2, Lot 4",
2026-07-31,CB JENI Homes,DFW,https://cbjenihomes.com/find-your-home/?price=any&bedrooms=any&bathrooms=any&stories=any&city=any&school=any&floorplan=any&payment=any&size=any&quick=true,https://cbjenihomes.com/communities/the-village-at-midtowne/220-dylan-way-midlothian-tx-76065/,cbcf685130cf7895f0,The Village at Midtowne,"220 Dylan Way Midlothian, TX 75065","Building 2, Lot 3",Boyd,Move-In Ready | Ready Now,289990,305360.0,1900.0,2.0,2.5,2.0,Price Cut,"The Village at Midtowne | 220 Dylan Way Midlothian, TX 75065 | Boyd | Move-In Ready | Ready Now | Price 289990 | Was 305360 | Building 2, Lot 3",
2026-07-31,CB JENI Homes,DFW,https://cbjenihomes.com/find-your-home/?price=any&bedrooms=any&bathrooms=any&stories=any&city=any&school=any&floorplan=any&payment=any&size=any&quick=true,https://cbjenihomes.com/communities/painted-tree-woodlands/4737-skiles-street-mckinney-tx-75071/,b0fcae78e299fbb22d,Painted Tree - Woodland District,"4737 Skiles Street McKinney, TX 75071","Building 25, Lot 3",Boyd,Under Construction | Ready Now,349820,,1925.0,2.0,2.5,2.0,20' CEILINGS IN FAMILY ROOM,"Painted Tree - Woodland District | 4737 Skiles Street McKinney, TX 75071 | Boyd | Under Construction | Ready Now | Price 349820 | Was 0 | Building 25, Lot 3 | 20' CEILINGS IN FAMILY ROOM",
2026-07-31,CB JENI Homes,DFW,https://cbjenihomes.com/find-your-home/?price=any&bedrooms=any&bathrooms=any&stories=any&city=any&school=any&floorplan=any&payment=any&size=any&quick=true,https://cbjenihomes.com/communities/hazelwood/1402-marsh-lane-frisco-tx-75033/,93d976f6053c9ceda6,Hazelwood,"1402 Marsh Lane Frisco, TX 75033","Building 11, Lot 4",Riley,Move-In Ready | Ready Now,489990,,2293.0,3.0,2.5,2.0,,"Hazelwood | 1402 Marsh Lane Frisco, TX 75033 | Riley | Move-In Ready | Ready Now | Price 489990 | Was 0 | Building 11, Lot 4",
2026-07-31,CB JENI Homes,DFW,https://cbjenihomes.com/find-your-home/?price=any&bedrooms=any&bathrooms=any&stories=any&city=any&school=any&floorplan=any&payment=any&size=any&quick=true,https://cbjenihomes.com/communities/hazelwood/1360-marsh-lane-frisco-tx-75033/,7e9ab57eaea1035cf1,Hazelwood,"1360 Marsh Lane Frisco, TX 75033","Building 11, Lot 1",Justin,Move-In Ready | Ready Now,479990,,2261.0,3.0,2.5,2.0,,"Hazelwood | 1360 Marsh Lane Frisco, TX 75033 | Justin | Move-In Ready | Ready Now | Price 479990 | Was 0 | Building 11, Lot 1",
2026-07-31,CB JENI Homes,DFW,https://cbjenihomes.com/find-your-home/?price=any&bedrooms=any&bathrooms=any&stories=any&city=any&school=any&floorplan=any&payment=any&size=any&quick=true,https://cbjenihomes.com/communities/the-village-at-midtowne/1013-magdalena-way-midlothian-tx-76065/,6abdbcc9fe8066e520,The Village at Midtowne,"1013 Magdalena Way Midlothian, TX 76065","Building 5, Lot 3",Boyd,Move-In Ready | Ready Now,289990,306450.0,1900.0,2.0,2.5,2.0,Price Cut,"The Village at Midtowne | 1013 Magdalena Way Midlothian, TX 76065 | Boyd | Move-In Ready | Ready Now | Price 289990 | Was 306450 | Building 5, Lot 3",
2026-07-31,CB JENI Homes,DFW,https://cbjenihomes.com/find-your-home/?price=any&bedrooms=any&bathrooms=any&stories=any&city=any&school=any&floorplan=any&payment=any&size=any&quick=true,https://cbjenihomes.com/communities/hazelwood/1346-marsh-lane-frisco-tx-75033-2/,b066df57352a159bc8,Hazelwood,"1346 Marsh Lane Frisco, TX 75033","Building 12, Lot 4",Wyatt,Move-In Ready | Ready Now,539710,,2469.0,3.0,2.5,2.0,,"Hazelwood | 1346 Marsh Lane Frisco, TX 75033 | Wyatt | Move-In Ready | Ready Now | Price 539710 | Was 0 | Building 12, Lot 4",
2026-07-31,CB JENI Homes,DFW,https://cbjenihomes.com/find-your-home/?price=any&bedrooms=any&bathrooms=any&stories=any&city=any&school=any&floorplan=any&payment=any&size=any&quick=true,https://cbjenihomes.com/communities/hazelwood/1331-rooted-road-frisco-tx-75033/,924b58ebf761b2b580,Hazelwood,"1331 Rooted Road Frisco, TX 75033","Building 13, Lot 2",Helaina,Move-In Ready | Ready Now,457010,,2196.0,3.0,2.5,2.0,,"Hazelwood | 1331 Rooted Road Frisco, TX 75033 | Helaina | Move-In Ready | Ready Now | Price 457010 | Was 0 | Building 13, Lot 2",
2026-07-31,CB JENI Homes,DFW,https://cbjenihomes.com/find-your-home/?price=any&bedrooms=any&bathrooms=any&stories=any&city=any&school=any&floorplan=any&payment=any&size=any&quick=true,https://cbjenihomes.com/communities/painted-tree-woodlands/4762-lunker-street-mckinney-tx-75071/,df8a775292d014cacb,Painted Tree - Woodland District,"4762 Lunker Street McKinney, TX 75071","Building 9, Lot 2",Emily,Move-In Ready | Ready Now,373560,,2189.0,3.0,2.5,2.0,SPACIOUS KITCHEN,"Painted Tree - Woodland District | 4762 Lunker Street McKinney, TX 75071 | Emily | Move-In Ready | Ready Now | Price 373560 | Was 0 | Building 9, Lot 2 | SPACIOUS KITCHEN",
2026-07-31,CB JENI Homes,DFW,https://cbjenihomes.com/find-your-home/?price=any&bedrooms=any&bathrooms=any&stories=any&city=any&school=any&floorplan=any&payment=any&size=any&quick=true,https://cbjenihomes.com/communities/painted-tree-woodlands/4766-lunker-street-mckinney-tx-75071/,50e5e331ca01a80cd7,Painted Tree - Woodland District,"4766 Lunker Street McKinney, TX 75071","Building 9, Lot 1",Tatum,Move-In Ready | Ready Now,399990,,2367.0,3.0,2.5,2.0,END UNIT,"Painted Tree - Woodland District | 4766 Lunker Street McKinney, TX 75071 | Tatum | Move-In Ready | Ready Now | Price 399990 | Was 0 | Building 9, Lot 1 | END UNIT",
2026-07-31,CB JENI Homes,DFW,https://cbjenihomes.com/find-your-home/?price=any&bedrooms=any&bathrooms=any&stories=any&city=any&school=any&floorplan=any&payment=any&size=any&quick=true,https://cbjenihomes.com/communities/hazelwood/1374-marsh-lane-frisco-tx-75033/,6ac6687bde768ff242,Hazelwood,"1374 Marsh Lane Frisco, TX 75033","Building 11, Lot 2",Austin,Move-In Ready | Ready Now,419990,,1867.0,2.0,2.5,2.0,,"Hazelwood | 1374 Marsh Lane Frisco, TX 75033 | Austin | Move-In Ready | Ready Now | Price 419990 | Was 0 | Building 11, Lot 2",
2026-07-31,CB JENI Homes,DFW,https://cbjenihomes.com/find-your-home/?price=any&bedrooms=any&bathrooms=any&stories=any&city=any&school=any&floorplan=any&payment=any&size=any&quick=true,https://cbjenihomes.com/communities/heritage-village/5219-legacy-street-haltom-city-tx-76117/,bb9490de0ad269e050,Heritage Village,"5219 Legacy Street Haltom City, TX 76117","Building 35, Lot 1",Harper,Under Construction | Ready Now,257990,,1145.0,2.0,2.0,1.0,,"Heritage Village | 5219 Legacy Street Haltom City, TX 76117 | Harper | Under Construction | Ready Now | Price 257990 | Was 0 | Building 35, Lot 1",
2026-07-31,CB JENI Homes,DFW,https://cbjenihomes.com/find-your-home/?price=any&bedrooms=any&bathrooms=any&stories=any&city=any&school=any&floorplan=any&payment=any&size=any&quick=true,https://cbjenihomes.com/communities/hazelwood/1387-rooted-road-frisco-tx-75033/,0025fefaf3a27c8373,Hazelwood,"1387 Rooted Road Frisco, TX 75033","Building 14, Lot 2",Sunny Interior,Move-In Ready | Ready Now,524630,,2351.0,3.0,2.5,2.0,,"Hazelwood | 1387 Rooted Road Frisco, TX 75033 | Sunny Interior | Move-In Ready | Ready Now | Price 524630 | Was 0 | Building 14, Lot 2",
2026-07-31,CB JENI Homes,DFW,https://cbjenihomes.com/find-your-home/?price=any&bedrooms=any&bathrooms=any&stories=any&city=any&school=any&floorplan=any&payment=any&size=any&quick=true,https://cbjenihomes.com/communities/village-on-main-street/9436-espalier-street-frisco-tx-75035/,95b48c5de164ebb0be,Village on Main Street,"9436 Espalier Street Frisco, TX 75035","Building 1, Lot 5",Hansen,Under Construction | Ready Now,519990,,2277.0,3.0,2.5,2.0,,"Village on Main Street | 9436 Espalier Street Frisco, TX 75035 | Hansen | Under Construction | Ready Now | Price 519990 | Was 0 | Building 1, Lot 5",
2026-07-31,CB JENI Homes,DFW,https://cbjenihomes.com/find-your-home/?price=any&bedrooms=any&bathrooms=any&stories=any&city=any&school=any&floorplan=any&payment=any&size=any&quick=true,https://cbjenihomes.com/communities/cbj-city-point/7321-grant-avenue-north-richland-hills-tx-76180/,1e09e28806a773fc63,City Point,"7321 Grant Avenue North Richland Hills, TX 76180","Building 23, Lot 2",Conrad,Move-In Ready | Ready Now,329990,,1505.0,2.0,2.5,2.0,,"City Point | 7321 Grant Avenue North Richland Hills, TX 76180 | Conrad | Move-In Ready | Ready Now | Price 329990 | Was 0 | Building 23, Lot 2",
2026-07-31,CB JENI Homes,DFW,https://cbjenihomes.com/find-your-home/?price=any&bedrooms=any&bathrooms=any&stories=any&city=any&school=any&floorplan=any&payment=any&size=any&quick=true,https://cbjenihomes.com/communities/cbj-city-point/7324-grant-avenue-north-richland-hills-tx-76180/,c6565e68cbf0beb992,City Point,"7324 Grant Avenue North Richland Hills, TX 76180","Building 21, Lot 6",Zoe,Under Construction | Ready Now,389990,,1985.0,3.0,2.5,2.0,,"City Point | 7324 Grant Avenue North Richland Hills, TX 76180 | Zoe | Under Construction | Ready Now | Price 389990 | Was 0 | Building 21, Lot 6",
2026-07-31,CB JENI Homes,DFW,https://cbjenihomes.com/find-your-home/?price=any&bedrooms=any&bathrooms=any&stories=any&city=any&school=any&floorplan=any&payment=any&size=any&quick=true,https://cbjenihomes.com/communities/cbj-city-point/7344-grant-avenue-north-richland-hills-tx-76180/,0b5e4760451b5b91c3,City Point,"7344 Grant Avenue North Richland Hills, TX 76180","Building 21, Lot 1",Zoe,Under Construction | Ready Now,389990,,1985.0,3.0,2.5,2.0,low financing offer,"City Point | 7344 Grant Avenue North Richland Hills, TX 76180 | Zoe | Under Construction | Ready Now | Price 389990 | Was 0 | Building 21, Lot 1 | low financing offer",
2026-07-31,CB JENI Homes,DFW,https://cbjenihomes.com/find-your-home/?price=any&bedrooms=any&bathrooms=any&stories=any&city=any&school=any&floorplan=any&payment=any&size=any&quick=true,https://cbjenihomes.com/communities/village-on-main-street/9428-espalier-street-frisco-tx-75035/,d141584aaa196b3efe,Village on Main Street,"9428 Espalier Street Frisco, TX 75035","Building 1, Lot 4",Emily,Under Construction | Ready Now,479990,,2127.0,3.0,2.5,2.0,,"Village on Main Street | 9428 Espalier Street Frisco, TX 75035 | Emily | Under Construction | Ready Now | Price 479990 | Was 0 | Building 1, Lot 4",
2026-07-31,CB JENI Homes,DFW,https://cbjenihomes.com/find-your-home/?price=any&bedrooms=any&bathrooms=any&stories=any&city=any&school=any&floorplan=any&payment=any&size=any&quick=true,https://cbjenihomes.com/communities/painted-tree-woodlands/4729-skiles-street-mckinney-tx-75071/,bc0234141cd3ccf048,Painted Tree - Woodland District,"4729 Skiles Street McKinney, TX 75071","Building 25, Lot 1",Tatum,Move-In Ready | Ready Now,399990,,2367.0,3.0,2.5,2.0,END UNIT,"Painted Tree - Woodland District | 4729 Skiles Street McKinney, TX 75071 | Tatum | Move-In Ready | Ready Now | Price 399990 | Was 0 | Building 25, Lot 1 | END UNIT",
2026-07-31,CB JENI Homes,DFW,https://cbjenihomes.com/find-your-home/?price=any&bedrooms=any&bathrooms=any&stories=any&city=any&school=any&floorplan=any&payment=any&size=any&quick=true,https://cbjenihomes.com/communities/painted-tree-woodlands/4733-skiles-street-mckinney-tx-75071/,bdb75dd1502da7ae64,Painted Tree - Woodland District,"4733 Skiles Street McKinney, TX 75071","Building 25, Lot 2",Emily,Move-In Ready | Ready Now,373090,,2189.0,3.0,2.5,2.0,SPACIOUS KITCHEN,"Painted Tree - Woodland District | 4733 Skiles Street McKinney, TX 75071 | Emily | Move-In Ready | Ready Now | Price 373090 | Was 0 | Building 25, Lot 2 | SPACIOUS KITCHEN",
2026-07-31,CB JENI Homes,DFW,https://cbjenihomes.com/find-your-home/?price=any&bedrooms=any&bathrooms=any&stories=any&city=any&school=any&floorplan=any&payment=any&size=any&quick=true,https://cbjenihomes.com/communities/painted-tree-woodlands/4745-skiles-street-mckinney-tx-75071/,24eab2275092c5fce0,Painted Tree - Woodland District,"4745 Skiles Street McKinney, TX 75071","Building 25, Lot 5",Hansen,Move-In Ready | Ready Now,399580,,2340.0,3.0,2.5,2.0,END UNIT,"Painted Tree - Woodland District | 4745 Skiles Street McKinney, TX 75071 | Hansen | Move-In Ready | Ready Now | Price 399580 | Was 0 | Building 25, Lot 5 | END UNIT",
2026-07-31,CB JENI Homes,DFW,https://cbjenihomes.com/find-your-home/?price=any&bedrooms=any&bathrooms=any&stories=any&city=any&school=any&floorplan=any&payment=any&size=any&quick=true,https://cbjenihomes.com/communities/midtown-gp/3724-pierce-lane-grand-prairie-tx-75052/,9888e82a9d0a4aa1ca,Midtown GP,"3724 Pierce Lane Grand Prairie, TX 75052","Building 9, Lot 5",Channing,Under Construction | Ready Now,374990,,1819.0,3.0,2.5,2.0,,"Midtown GP | 3724 Pierce Lane Grand Prairie, TX 75052 | Channing | Under Construction | Ready Now | Price 374990 | Was 0 | Building 9, Lot 5",
2026-07-31,CB JENI Homes,DFW,https://cbjenihomes.com/find-your-home/?price=any&bedrooms=any&bathrooms=any&stories=any&city=any&school=any&floorplan=any&payment=any&size=any&quick=true,https://cbjenihomes.com/communities/cbj-city-point/7340-grant-avenue-north-richland-hills-tx-76180/,76b5ab610e559fda68,City Point,"7340 Grant Avenue North Richland Hills, TX 76180","Building 21, Lot 2",Conrad,Under Construction | Ready Now,344460,,1510.0,2.0,2.5,2.0,,"City Point | 7340 Grant Avenue North Richland Hills, TX 76180 | Conrad | Under Construction | Ready Now | Price 344460 | Was 0 | Building 21, Lot 2",
2026-07-31,CB JENI Homes,DFW,https://cbjenihomes.com/find-your-home/?price=any&bedrooms=any&bathrooms=any&stories=any&city=any&school=any&floorplan=any&payment=any&size=any&quick=true,https://cbjenihomes.com/communities/midtown-gp/3720-pierce-lane-grand-prairie-tx-75052/,11b63f0b762543c85d,Midtown GP,"3720 Pierce Lane Grand Prairie, TX 75052","Building 9, Lot 3",Finley,Under Construction | Ready Now,384990,,1822.0,3.0,2.5,2.0,,"Midtown GP | 3720 Pierce Lane Grand Prairie, TX 75052 | Finley | Under Construction | Ready Now | Price 384990 | Was 0 | Building 9, Lot 3",
2026-07-31,CB JENI Homes,DFW,https://cbjenihomes.com/find-your-home/?price=any&bedrooms=any&bathrooms=any&stories=any&city=any&school=any&floorplan=any&payment=any&size=any&quick=true,https://cbjenihomes.com/communities/midtown-gp/3727-pierce-lane-grand-prairie-tx-75052/,74a0f8a4fb89febb07,Midtown GP,"3727 Pierce Lane Grand Prairie, TX 75052","Building 4, Lot 2",Channing,Under Construction | Ready August,374990,,1816.0,3.0,2.5,2.0,,"Midtown GP | 3727 Pierce Lane Grand Prairie, TX 75052 | Channing | Under Construction | Ready August | Price 374990 | Was 0 | Building 4, Lot 2",
2026-07-31,CB JENI Homes,DFW,https://cbjenihomes.com/find-your-home/?price=any&bedrooms=any&bathrooms=any&stories=any&city=any&school=any&floorplan=any&payment=any&size=any&quick=true,https://cbjenihomes.com/communities/heritage-village/5306-springlake-parkway-haltom-city-tx-76117/,dbf5c24764d5e2d695,Heritage Village,"5306 Springlake Parkway Haltom City, TX 76117","Building 47, Lot 1",Olivia,Under Construction | Ready August,294990,,1341.0,3.0,2.5,2.0,,"Heritage Village | 5306 Springlake Parkway Haltom City, TX 76117 | Olivia | Under Construction | Ready August | Price 294990 | Was 0 | Building 47, Lot 1",
2026-07-31,CB JENI Homes,DFW,https://cbjenihomes.com/find-your-home/?price=any&bedrooms=any&bathrooms=any&stories=any&city=any&school=any&floorplan=any&payment=any&size=any&quick=true,https://cbjenihomes.com/communities/midtown-gp/3723-pierce-lane-grand-prairie-tx-75052/,a52377285e22e006ca,Midtown GP,"3723 Pierce Lane Grand Prairie, TX 75052","Building 4, Lot 4",Baycliff,Under Construction | Ready August,364990,,1631.0,2.0,2.5,2.0,,"Midtown GP | 3723 Pierce Lane Grand Prairie, TX 75052 | Baycliff | Under Construction | Ready August | Price 364990 | Was 0 | Building 4, Lot 4",
2026-07-31,CB JENI Homes,DFW,https://cbjenihomes.com/find-your-home/?price=any&bedrooms=any&bathrooms=any&stories=any&city=any&school=any&floorplan=any&payment=any&size=any&quick=true,https://cbjenihomes.com/communities/cbj-city-point/7356-grant-avenue-north-richland-hills-tx-76180/,3978c29a14e2e0b501,City Point,"7356 Grant Avenue North Richland Hills, TX 76180","Building 22, Lot 4",Hampton,Under Construction | Ready August,359030,,1750.0,3.0,2.5,2.0,,"City Point | 7356 Grant Avenue North Richland Hills, TX 76180 | Hampton | Under Construction | Ready August | Price 359030 | Was 0 | Building 22, Lot 4",
2026-07-31,CB JENI Homes,DFW,https://cbjenihomes.com/find-your-home/?price=any&bedrooms=any&bathrooms=any&stories=any&city=any&school=any&floorplan=any&payment=any&size=any&quick=true,https://cbjenihomes.com/communities/midtown-gp/3725-pierce-lane-grand-prairie-tx-75052/,fa93f7939339f84415,Midtown GP,"3725 Pierce Lane Grand Prairie, TX 75052","Building 4, Lot 3",Finley,Under Construction | Ready September,384990,,1822.0,3.0,2.5,2.0,,"Midtown GP | 3725 Pierce Lane Grand Prairie, TX 75052 | Finley | Under Construction | Ready September | Price 384990 | Was 0 | Building 4, Lot 3",
2026-07-31,CB JENI Homes,DFW,https://cbjenihomes.com/find-your-home/?price=any&bedrooms=any&bathrooms=any&stories=any&city=any&school=any&floorplan=any&payment=any&size=any&quick=true,https://cbjenihomes.com/communities/midtown-gp/3719-pierce-lane-grand-prairie-tx-75052/,9649613cbb1a35525a,Midtown GP,"3719 Pierce Lane Grand Prairie, TX 75052","Building 4, Lot 6",Sweetwater,Under Construction | Ready September,419890,,2066.0,4.0,3.5,2.0,,"Midtown GP | 3719 Pierce Lane Grand Prairie, TX 75052 | Sweetwater | Under Construction | Ready September | Price 419890 | Was 0 | Building 4, Lot 6",
2026-07-31,CB JENI Homes,DFW,https://cbjenihomes.com/find-your-home/?price=any&bedrooms=any&bathrooms=any&stories=any&city=any&school=any&floorplan=any&payment=any&size=any&quick=true,https://cbjenihomes.com/communities/midtown-gp/3565-pierce-lane-grand-prairie-tx-75052/,5c87c1e24390fbcf42,Midtown GP,"3565 Pierce Lane Grand Prairie, TX 75052","Building 12, Lot 1",Walker,Under Construction | Ready September,440350,,2489.0,4.0,3.5,2.0,,"Midtown GP | 3565 Pierce Lane Grand Prairie, TX 75052 | Walker | Under Construction | Ready September | Price 440350 | Was 0 | Building 12, Lot 1",
2026-07-31,CB JENI Homes,DFW,https://cbjenihomes.com/find-your-home/?price=any&bedrooms=any&bathrooms=any&stories=any&city=any&school=any&floorplan=any&payment=any&size=any&quick=true,https://cbjenihomes.com/communities/heritage-village/5214-springlake-parkway-haltom-city-tx-76117/,e53973a96bd456df48,Heritage Village,"5214 Springlake Parkway Haltom City, TX 76117","Building 24, Lot 3",Amelia,Under Construction | Ready September,241990,,1084.0,2.0,2.0,1.0,,"Heritage Village | 5214 Springlake Parkway Haltom City, TX 76117 | Amelia | Under Construction | Ready September | Price 241990 | Was 0 | Building 24, Lot 3",
2026-07-31,CB JENI Homes,DFW,https://cbjenihomes.com/find-your-home/?price=any&bedrooms=any&bathrooms=any&stories=any&city=any&school=any&floorplan=any&payment=any&size=any&quick=true,https://cbjenihomes.com/communities/heritage-village/5212-springlake-parkway-haltom-city-tx-76117/,fdb1a9f61f78d28059,Heritage Village,"5212 Springlake Parkway Haltom City, TX 76117","Building 24, Lot 4",Elizabeth,Under Construction | Ready September,241990,,1092.0,2.0,2.0,1.0,,"Heritage Village | 5212 Springlake Parkway Haltom City, TX 76117 | Elizabeth | Under Construction | Ready September | Price 241990 | Was 0 | Building 24, Lot 4",
2026-07-31,CB JENI Homes,DFW,https://cbjenihomes.com/find-your-home/?price=any&bedrooms=any&bathrooms=any&stories=any&city=any&school=any&floorplan=any&payment=any&size=any&quick=true,https://cbjenihomes.com/communities/twin-creeks-watters/1028-stockton-drive-allen-tx-75013/,8b4b820ec4e8324611,Twin Creeks Watters,"1028 Stockton Drive Allen, TX 75013","Building 11, Lot 3",Conley,Under Construction | Ready September,412500,,1586.0,2.0,2.5,2.0,,"Twin Creeks Watters | 1028 Stockton Drive Allen, TX 75013 | Conley | Under Construction | Ready September | Price 412500 | Was 0 | Building 11, Lot 3",
2026-07-31,CB JENI Homes,DFW,https://cbjenihomes.com/find-your-home/?price=any&bedrooms=any&bathrooms=any&stories=any&city=any&school=any&floorplan=any&payment=any&size=any&quick=true,https://cbjenihomes.com/communities/twin-creeks-watters/1030-stockton-drive-allen-tx-75013/,bf66cb3b493f360606,Twin Creeks Watters,"1030 Stockton Drive Allen, TX 75013","Building 11, Lot 2",Kelsi,Under Construction | Ready September,420400,,1859.0,3.0,2.5,2.0,,"Twin Creeks Watters | 1030 Stockton Drive Allen, TX 75013 | Kelsi | Under Construction | Ready September | Price 420400 | Was 0 | Building 11, Lot 2",
2026-07-31,CB JENI Homes,DFW,https://cbjenihomes.com/find-your-home/?price=any&bedrooms=any&bathrooms=any&stories=any&city=any&school=any&floorplan=any&payment=any&size=any&quick=true,https://cbjenihomes.com/communities/midtown-gp/3563-pierce-lane-grand-prairie-tx-75052/,43052df055fa47fcb8,Midtown GP,"3563 Pierce Lane Grand Prairie, TX 75052","Building 12, Lot 2",Eva,Move-In Ready | Ready September,402690,,2121.0,3.0,2.5,2.0,,"Midtown GP | 3563 Pierce Lane Grand Prairie, TX 75052 | Eva | Move-In Ready | Ready September | Price 402690 | Was 0 | Building 12, Lot 2",
2026-07-31,CB JENI Homes,DFW,https://cbjenihomes.com/find-your-home/?price=any&bedrooms=any&bathrooms=any&stories=any&city=any&school=any&floorplan=any&payment=any&size=any&quick=true,https://cbjenihomes.com/communities/midtown-gp/3561-pierce-lane-grand-prairie-tx-75052/,66fe1feabb24587256,Midtown GP,"3561 Pierce Lane Grand Prairie, TX 75052","Building 12, Lot 3",Farley,Move-In Ready | Ready September,414640,,2184.0,3.0,2.5,2.0,,"Midtown GP | 3561 Pierce Lane Grand Prairie, TX 75052 | Farley | Move-In Ready | Ready September | Price 414640 | Was 0 | Building 12, Lot 3",
2026-07-31,CB JENI Homes,DFW,https://cbjenihomes.com/find-your-home/?price=any&bedrooms=any&bathrooms=any&stories=any&city=any&school=any&floorplan=any&payment=any&size=any&quick=true,https://cbjenihomes.com/communities/twin-creeks-watters/1025-splitrock-drive-allen-tx-75013/,ac4546317be0744131,Twin Creeks Watters,"1025 Splitrock Drive Allen, TX 75013","Building 16, Lot 3",Conley,Move-In Ready | Ready September,399990,,1586.0,2.0,2.5,2.0,,"Twin Creeks Watters | 1025 Splitrock Drive Allen, TX 75013 | Conley | Move-In Ready | Ready September | Price 399990 | Was 0 | Building 16, Lot 3",
2026-07-31,CB JENI Homes,DFW,https://cbjenihomes.com/find-your-home/?price=any&bedrooms=any&bathrooms=any&stories=any&city=any&school=any&floorplan=any&payment=any&size=any&quick=true,https://cbjenihomes.com/communities/twin-creeks-watters/1028-splitrock-drive-allen-tx-75013/,83d11d4fa4679e490b,Twin Creeks Watters,"1028 Splitrock Drive Allen, TX 75013","Building 21, Lot 4",Henry,Under Construction | Ready October,501790,,2350.0,3.0,2.5,2.0,,"Twin Creeks Watters | 1028 Splitrock Drive Allen, TX 75013 | Henry | Under Construction | Ready October | Price 501790 | Was 0 | Building 21, Lot 4",
2026-07-31,CB JENI Homes,DFW,https://cbjenihomes.com/find-your-home/?price=any&bedrooms=any&bathrooms=any&stories=any&city=any&school=any&floorplan=any&payment=any&size=any&quick=true,https://cbjenihomes.com/communities/twin-creeks-watters/1034-splitrock-drive-allen-tx-75013/,e81d8d8884b670c7fa,Twin Creeks Watters,"1034 Splitrock Drive Allen, TX 75013","Building 21, Lot 1",Martin,Under Construction | Ready October,547800,,2688.0,4.0,3.5,2.0,,"Twin Creeks Watters | 1034 Splitrock Drive Allen, TX 75013 | Martin | Under Construction | Ready October | Price 547800 | Was 0 | Building 21, Lot 1",
2026-07-31,CB JENI Homes,DFW,https://cbjenihomes.com/find-your-home/?price=any&bedrooms=any&bathrooms=any&stories=any&city=any&school=any&floorplan=any&payment=any&size=any&quick=true,https://cbjenihomes.com/communities/twin-creeks-watters/1042-stockton-drive-allen-tx-75013/,eabcef5c35d523526e,Twin Creeks Watters,"1042 Stockton Drive Allen, TX 75013","Building 10, Lot 1",Libby 2,Under Construction | Ready November,470500,,1971.0,3.0,2.5,2.0,,"Twin Creeks Watters | 1042 Stockton Drive Allen, TX 75013 | Libby 2 | Under Construction | Ready November | Price 470500 | Was 0 | Building 10, Lot 1",
2026-07-31,CB JENI Homes,DFW,https://cbjenihomes.com/find-your-home/?price=any&bedrooms=any&bathrooms=any&stories=any&city=any&school=any&floorplan=any&payment=any&size=any&quick=true,https://cbjenihomes.com/communities/twin-creeks-watters/1038-splitrock-drive-allen-tx-75013/,d333797e8754dbd3d8,Twin Creeks Watters,"1038 Splitrock Drive Allen, TX 75013","Building 20, Lot 2",Ethan,Under Construction | Ready December,489360,,2224.0,3.0,2.5,2.0,,"Twin Creeks Watters | 1038 Splitrock Drive Allen, TX 75013 | Ethan | Under Construction | Ready December | Price 489360 | Was 0 | Building 20, Lot 2",
2026-07-31,Normandy Homes,DFW,https://normandyhomes.com/find-your-home/?bathrooms=any&bedrooms=any&city=any&payment=any&price=any&quick=true&size=any&stories=any,https://normandyhomes.com/communities/cross-creek-meadows-55-series/1109-wheatgrass-mews-celina-tx-75009/,31924b5c732aad5d83,,"15828 Amber Street Frisco, TX 75033",,,Ready Now,803749,,,4.0,,,,"15828 Amber Street | Frisco, TX 75033 | Ready Now | 3,586 Sq. Ft. | 4 Beds | 4 & 1 Half Baths | 2 Stories | 2 Car Garage | $803,749 | View Listing | Limited Time Offer | Virtual Tour | Tristan | at | Painted Tree - Woodland West",
2026-07-31,Normandy Homes,DFW,https://normandyhomes.com/find-your-home/?bathrooms=any&bedrooms=any&city=any&payment=any&price=any&quick=true&size=any&stories=any,https://normandyhomes.com/communities/hazelwood-55-series/15828-amber-street-frisco-tx-75033/,31d5b8f59b2832affa,,"4521 Tippett Drive McKinney, TX 75071",,,Ready Now,731658,,,5.0,,,,"4521 Tippett Drive | McKinney, TX 75071 | Ready Now | 3,589 Sq. Ft. | 5 Beds | 5 & 1 Half Baths | 2 Stories | 2 Car Garage | $731,658 | View Listing | Limited Time Offer | Virtual Tour | Percy | at | Painted Tree - Woodland West",
2026-07-31,Normandy Homes,DFW,https://normandyhomes.com/find-your-home/?bathrooms=any&bedrooms=any&city=any&payment=any&price=any&quick=true&size=any&stories=any,https://normandyhomes.com/communities/painted-tree-woodland-west/4521-tippett-drive-mckinney-tx-75071/,c0e7dbace86334a129,,"4517 Tippett Drive McKinney, TX 75071",,,Ready Now,688106,,,4.0,,,New Lower Price,"4517 Tippett Drive | McKinney, TX 75071 | Ready Now | 3,271 Sq. Ft. | 4 Beds | 4 & 1 Half Baths | 2 Stories | 2 Car Garage | $688,106 | View Listing | New Lower Price | Low financing offer | Virtual Tour | Giselle | at | The Heights at Uptown Celina",
2026-07-31,Normandy Homes,DFW,https://normandyhomes.com/find-your-home/?bathrooms=any&bedrooms=any&city=any&payment=any&price=any&quick=true&size=any&stories=any,https://normandyhomes.com/communities/painted-tree-woodland-west/4517-tippett-drive-mckinney-tx-75071/,9b4c2093f3c89c64cf,,"312 Callum Parkway Celina, TX 75009",,,Ready Now,460000,,,4.0,,,,"312 Callum Parkway | Celina, TX 75009 | Ready Now | 2,808 Sq. Ft. | 4 Beds | 3 & 1 Half Baths | 2 Stories | 2 Car Garage | $460,000 | View Listing | Virtual Tour | Sinclaire III | at | Cross Creek Meadows",
2026-07-31,Normandy Homes,DFW,https://normandyhomes.com/find-your-home/?bathrooms=any&bedrooms=any&city=any&payment=any&price=any&quick=true&size=any&stories=any,https://normandyhomes.com/communities/the-heights-at-uptown/312-callum-parkway-celina-tx-75009/,ef08deccd410d66b40,,"1516 Rose Mallow Road Celina, TX 75009",,,Ready Now,612032,,,4.0,,,New Lower Price,"1516 Rose Mallow Road | Celina, TX 75009 | Ready Now | 3,355 Sq. Ft. | 4 Beds | 4 & 1 Half Baths | 2 Stories | 3 Car Garage | $612,032 | View Listing | New Lower Price | Low financing offer | Virtual Tour | Genevieve | at | Village on Main Street",
2026-07-31,Normandy Homes,DFW,https://normandyhomes.com/find-your-home/?bathrooms=any&bedrooms=any&city=any&payment=any&price=any&quick=true&size=any&stories=any,https://normandyhomes.com/communities/cross-creek-meadows-55-series/1516-rose-mallow-road-celina-tx-75009/,908ff0e09944bf6992,,"9502 Keep Street Frisco, TX 75035",,,Ready Now,799268,,,4.0,,,,"9502 Keep Street | Frisco, TX 75035 | Ready Now | 3,586 Sq. Ft. | 4 Beds | 4 & 1 Half Baths | 2 Stories | 2 Car Garage | $799,268 | View Listing | Limited Time Offer | Virtual Tour | Sophie | at | Painted Tree - Woodland West",
2026-07-31,Normandy Homes,DFW,https://normandyhomes.com/find-your-home/?bathrooms=any&bedrooms=any&city=any&payment=any&price=any&quick=true&size=any&stories=any,https://normandyhomes.com/communities/village-on-main-street/9502-keep-street-frisco-tx-75035/,73f27d32582fdfd0d1,,"4728 Baytown Lane McKinney, TX 75071",,,Ready Now,678330,,,4.0,,,,"4728 Baytown Lane | McKinney, TX 75071 | Ready Now | 3,364 Sq. Ft. | 4 Beds | 4 & 1 Half Baths | 2 Stories | 2 Car Garage | $678,330 | View Listing | Virtual Tour | Orleans II | at | Painted Tree - Woodland West",
2026-07-31,Normandy Homes,DFW,https://normandyhomes.com/find-your-home/?bathrooms=any&bedrooms=any&city=any&payment=any&price=any&quick=true&size=any&stories=any,https://normandyhomes.com/communities/painted-tree-woodland-west/4728-baytown-lane-mckinney-tx-75071/,6f3eea9f355293303e,,"4512 Peary Lane McKinney, TX 75071",,,Ready Now,697694,,,4.0,,,,"4512 Peary Lane | McKinney, TX 75071 | Ready Now | 3,229 Sq. Ft. | 4 Beds | 4 & 1 Half Baths | 2 Stories | 2 Car Garage | $697,694 | View Listing | Virtual Tour | Calais | at | The Heights at Uptown Celina",
2026-07-31,Normandy Homes,DFW,https://normandyhomes.com/find-your-home/?bathrooms=any&bedrooms=any&city=any&payment=any&price=any&quick=true&size=any&stories=any,https://normandyhomes.com/communities/painted-tree-woodland-west/4512-peary-lane-mckinney-tx-75071/,d4ce341a09f3b99c3a,,"329 Callum Parkway Celina, TX 75009",,,Ready Now,448260,,,3.0,,,,"329 Callum Parkway | Celina, TX 75009 | Ready Now | 2,637 Sq. Ft. | 3 Beds | 3 & 1 Half Baths | 2 Stories | 2 Car Garage | $448,260 | View Listing | Virtual Tour | Tristan | at | Painted Tree - Woodland West",
2026-07-31,Normandy Homes,DFW,https://normandyhomes.com/find-your-home/?bathrooms=any&bedrooms=any&city=any&payment=any&price=any&quick=true&size=any&stories=any,https://normandyhomes.com/communities/the-heights-at-uptown/329-callum-parkway-celina-tx-75009/,417e78c7a1289cfbf2,,"4508 Peary Lane McKinney, TX 75071",,,Ready Now,689151,,,4.0,,,,"4508 Peary Lane | McKinney, TX 75071 | Ready Now | 3,393 Sq. Ft. | 4 Beds | 4 & 1 Half Baths | 2 Stories | 2 Car Garage | $689,151 | View Listing | Low financing offer | Virtual Tour | Frederic II | at | Rainwater Crossing",
2026-07-31,Normandy Homes,DFW,https://normandyhomes.com/find-your-home/?bathrooms=any&bedrooms=any&city=any&payment=any&price=any&quick=true&size=any&stories=any,https://normandyhomes.com/communities/painted-tree-woodland-west/4508-peary-lane-mckinney-tx-75071/,bb7cb84e85957425b3,,"2444 Aurora Avenue Celina, TX 75009",,,Ready Now,467010,,,4.0,4.0,,,"2444 Aurora Avenue | Celina, TX 75009 | Ready Now | 2,698 Sq. Ft. | 4 Beds | 4 Baths | 1.5 Stories | 2 Car Garage | $467,010 | View Listing | Virtual Tour | Rousseau | at | Village on Main Street",
2026-07-31,Normandy Homes,DFW,https://normandyhomes.com/find-your-home/?bathrooms=any&bedrooms=any&city=any&payment=any&price=any&quick=true&size=any&stories=any,https://normandyhomes.com/communities/rainwater-crossing/2444-aurora-avenue-celina-tx-75009/,7c9a70da48d7b4d230,,"9740 Great Hall Lane Frisco, TX 75035",,,Ready Now,883585,,,5.0,,,,"9740 Great Hall Lane | Frisco, TX 75035 | Ready Now | 3,945 Sq. Ft. | 5 Beds | 5 & 1 Half Baths | 2 Stories | 2 Car Garage | $883,585 | View Listing | Virtual Tour | Chapelle II | at | Painted Tree - Woodland West",
2026-07-31,Normandy Homes,DFW,https://normandyhomes.com/find-your-home/?bathrooms=any&bedrooms=any&city=any&payment=any&price=any&quick=true&size=any&stories=any,https://normandyhomes.com/communities/village-on-main-street/9740-great-hall-lane-frisco-tx-75035/,79156785661b0dd89d,,"4717 Peary Lane McKinney, TX 75071",,,Ready Now,555463,,,4.0,3.0,,,"4717 Peary Lane | McKinney, TX 75071 | Ready Now | 2,184 Sq. Ft. | 4 Beds | 3 Baths | 1 Story | 2 Car Garage | $555,463 | View Listing | Virtual Tour | Chapelle II | at | Painted Tree - Woodland West",
2026-07-31,Normandy Homes,DFW,https://normandyhomes.com/find-your-home/?bathrooms=any&bedrooms=any&city=any&payment=any&price=any&quick=true&size=any&stories=any,https://normandyhomes.com/communities/painted-tree-woodland-west/4717-peary-lane-mckinney-tx-75071/,92ab8f5d3179d9ad11,,"4545 Sunfish Lane McKinney, TX 75071",,,Ready Now,548243,,,4.0,3.0,,New Lower Price,"4545 Sunfish Lane | McKinney, TX 75071 | Ready Now | 2,184 Sq. Ft. | 4 Beds | 3 Baths | 1 Story | 2 Car Garage | $548,243 | View Listing | New Lower Price | Virtual Tour | Versailles | at | Windsong Ranch",
2026-07-31,Normandy Homes,DFW,https://normandyhomes.com/find-your-home/?bathrooms=any&bedrooms=any&city=any&payment=any&price=any&quick=true&size=any&stories=any,https://normandyhomes.com/communities/painted-tree-woodland-west/4545-sunfish-lane-mckinney-tx-75071/,08768f31262b801525,,"1121 Crescent Lane Prosper, TX 75078",,,Ready Now,938000,,,5.0,,,,"1121 Crescent Lane | Prosper, TX 75078 | Ready Now | 3,593 Sq. Ft. | 5 Beds | 5 & 1 Half Baths | 2 Stories | 2 Car Garage | $938,000 | $1,186,567 | View Listing | Virtual Tour | Delacroix | at | Village on Main Street",
2026-07-31,Normandy Homes,DFW,https://normandyhomes.com/find-your-home/?bathrooms=any&bedrooms=any&city=any&payment=any&price=any&quick=true&size=any&stories=any,https://normandyhomes.com/communities/windsong-ranch/1121-crescent-lane-prosper-tx-75078/,388e390c44a397b92a,,"9544 Keep Street Frisco, TX 75035",,,Ready Now,816960,,,5.0,,,,"9544 Keep Street | Frisco, TX 75035 | Ready Now | 3,794 Sq. Ft. | 5 Beds | 5 & 1 Half Baths | 2 Stories | 2 Car Garage | $816,960 | View Listing | Virtual Tour | Royale | at | Hazelwood 55' Series",
2026-07-31,Normandy Homes,DFW,https://normandyhomes.com/find-your-home/?bathrooms=any&bedrooms=any&city=any&payment=any&price=any&quick=true&size=any&stories=any,https://normandyhomes.com/communities/village-on-main-street/9544-keep-street-frisco-tx-75035/,182e0470d18ac43866,,"15734 Split Bark Lane Frisco, TX 75033",,,Ready Now,849000,,,5.0,,,,"15734 Split Bark Lane | Frisco, TX 75033 | Ready Now | 3,878 Sq. Ft. | 5 Beds | 5 & 1 Half Baths | 2 Stories | 2 Car Garage | $849,000 | View Listing | Virtual Tour | Genevieve | at | Hazelwood 55' Series",
2026-07-31,Normandy Homes,DFW,https://normandyhomes.com/find-your-home/?bathrooms=any&bedrooms=any&city=any&payment=any&price=any&quick=true&size=any&stories=any,https://normandyhomes.com/communities/hazelwood-55-series/15734-split-bark-lane-frisco-tx-75033/,e9a75572a1117da207,,"15756 Split Bark Lane Frisco, TX 75033",,,Ready Now,799000,,,4.0,,,,"15756 Split Bark Lane | Frisco, TX 75033 | Ready Now | 3,587 Sq. Ft. | 4 Beds | 4 & 1 Half Baths | 2 Stories | 2 Car Garage | $799,000 | View Listing | Virtual Tour | Rousseau | at | Village on Main Street",
2026-07-31,Normandy Homes,DFW,https://normandyhomes.com/find-your-home/?bathrooms=any&bedrooms=any&city=any&payment=any&price=any&quick=true&size=any&stories=any,https://normandyhomes.com/communities/hazelwood-55-series/15756-split-bark-lane-frisco-tx-75033/,f9411c74b0c7111b9b,,"9474 Keep Street Frisco, TX 75035",,,Ready Now,839143,,,5.0,,,,"9474 Keep Street | Frisco, TX 75035 | Ready Now | 3,945 Sq. Ft. | 5 Beds | 5 & 1 Half Baths | 2 Stories | 2 Car Garage | $839,143 | View Listing | Virtual Tour | Royale | at | Village on Main Street",
2026-07-31,Normandy Homes,DFW,https://normandyhomes.com/find-your-home/?bathrooms=any&bedrooms=any&city=any&payment=any&price=any&quick=true&size=any&stories=any,https://normandyhomes.com/communities/village-on-main-street/9474-keep-street-frisco-tx-75035/,a296de153d46f1cac0,,"9488 Keep Street Frisco, TX 75035",,,Ready Now,834399,,,5.0,,,,"9488 Keep Street | Frisco, TX 75035 | Ready Now | 3,878 Sq. Ft. | 5 Beds | 5 & 1 Half Baths | 2 Stories | 2 Car Garage | $834,399 | View Listing | Virtual Tour | Tristan | at | Estates at Stacy Crossing",
2026-07-31,Normandy Homes,DFW,https://normandyhomes.com/find-your-home/?bathrooms=any&bedrooms=any&city=any&payment=any&price=any&quick=true&size=any&stories=any,https://normandyhomes.com/communities/village-on-main-street/9488-keep-street-frisco-tx-75035-2/,c6293300085cad4a7b,,"5408 Roselyn Way McKinney, TX 75070",,,Ready Now,857763,,,4.0,,,,"5408 Roselyn Way | McKinney, TX 75070 | Ready Now | 3,393 Sq. Ft. | 4 Beds | 4 & 1 Half Baths | 2 Stories | 2 Car Garage | $857,763 | View Listing | Virtual Tour | Alexis | at | The Heights at Uptown Celina",
2026-07-31,Normandy Homes,DFW,https://normandyhomes.com/find-your-home/?bathrooms=any&bedrooms=any&city=any&payment=any&price=any&quick=true&size=any&stories=any,https://normandyhomes.com/communities/estates-at-stacy-crossing/5408-roselyn-way-mckinney-tx-75070/,01e74d0fc85a9fd195,,"316 Walker Parkway Celina, TX 75009",,,Ready Now,389900,,,3.0,3.0,,,"316 Walker Parkway | Celina, TX 75009 | Ready Now | 2,290 Sq. Ft. | 3 Beds | 3 Baths | 2 Stories | 2 Car Garage | $389,900 | View Listing | Virtual Tour | Elise | at | Painted Tree - Woodland West",
2026-07-31,Normandy Homes,DFW,https://normandyhomes.com/find-your-home/?bathrooms=any&bedrooms=any&city=any&payment=any&price=any&quick=true&size=any&stories=any,https://normandyhomes.com/communities/the-heights-at-uptown/316-walker-parkway-celina-tx-75009/,6bb74b3e560583f945,,"4524 Sunfish Lane McKinney, TX 75071",,,Ready Now,566694,,,4.0,3.0,,,"4524 Sunfish Lane | McKinney, TX 75071 | Ready Now | 2,489 Sq. Ft. | 4 Beds | 3 Baths | 1 Story | 2 Car Garage | $566,694 | View Listing | Virtual Tour | Royale | at | Village on Main Street",
2026-07-31,Normandy Homes,DFW,https://normandyhomes.com/find-your-home/?bathrooms=any&bedrooms=any&city=any&payment=any&price=any&quick=true&size=any&stories=any,https://normandyhomes.com/communities/painted-tree-woodland-west/4524-sunfish-lane-mckinney-tx-75071/,6b98a657f4cb34a428,,"9722 Great Hall Lane Frisco, TX 75035",,,Ready Now,842805,,,5.0,,,,"9722 Great Hall Lane | Frisco, TX 75035 | Ready Now | 3,878 Sq. Ft. | 5 Beds | 5 & 1 Half Baths | 2 Stories | 2 Car Garage | $842,805 | View Listing | Virtual Tour | Orleans | at | Cross Creek Meadows",
2026-07-31,Normandy Homes,DFW,https://normandyhomes.com/find-your-home/?bathrooms=any&bedrooms=any&city=any&payment=any&price=any&quick=true&size=any&stories=any,https://normandyhomes.com/communities/village-on-main-street/9722-great-hall-lane-frisco-tx-75035/,e5c5b4739a4255fd55,,"1833 Vetiver Glow Drive Celina, TX 75009",,,Ready Now,580885,,,5.0,,,,"1833 Vetiver Glow Drive | Celina, TX 75009 | Ready Now | 3,429 Sq. Ft. | 5 Beds | 4 & 1 Half Baths | 2 Stories | 2 Car Garage | $580,885 | View Listing | Virtual Tour | Toulouse | at | Cross Creek Meadows",
2026-07-31,Normandy Homes,DFW,https://normandyhomes.com/find-your-home/?bathrooms=any&bedrooms=any&city=any&payment=any&price=any&quick=true&size=any&stories=any,https://normandyhomes.com/communities/cross-creek-meadows-55-series/1833-vetiver-glow-drive-celina-tx-75009/,915be4aa7e9d0270fb,,"1416 Chicory Lane Celina, TX 75009",,,Ready Now,544297,,,4.0,,,,"1416 Chicory Lane | Celina, TX 75009 | Ready Now | 3,359 Sq. Ft. | 4 Beds | 4 & 1 Half Baths | 2 Stories | 2 Car Garage | $544,297 | View Listing | Virtual Tour | Tristan | at | Rainwater Crossing",
2026-07-31,Normandy Homes,DFW,https://normandyhomes.com/find-your-home/?bathrooms=any&bedrooms=any&city=any&payment=any&price=any&quick=true&size=any&stories=any,https://normandyhomes.com/communities/cross-creek-meadows-55-series/1416-chicory-lane-celina-tx-75009/,f60a45201127319693,,"2312 Wispy Lane Celina, TX 75009",,,Ready Now,580188,,,5.0,,,,"2312 Wispy Lane | Celina, TX 75009 | Ready Now | 3,588 Sq. Ft. | 5 Beds | 5 & 1 Half Baths | 2 Stories | 2 Car Garage | $580,188 | View Listing | Virtual Tour | Sophie | at | Rainwater Crossing",
2026-07-31,Normandy Homes,DFW,https://normandyhomes.com/find-your-home/?bathrooms=any&bedrooms=any&city=any&payment=any&price=any&quick=true&size=any&stories=any,https://normandyhomes.com/communities/rainwater-crossing/2312-wispy-lane-celina-tx-75009/,093b86fa8c8248e349,,"2308 Wispy Lane Celina, TX 75009",,,Ready Now,578688,,,5.0,,,,"2308 Wispy Lane | Celina, TX 75009 | Ready Now | 3,600 Sq. Ft. | 5 Beds | 5 & 1 Half Baths | 2 Stories | 2 Car Garage | $578,688 | View Listing | Virtual Tour | Rousseau | at | Hazelwood 55' Series",
2026-07-31,Normandy Homes,DFW,https://normandyhomes.com/find-your-home/?bathrooms=any&bedrooms=any&city=any&payment=any&price=any&quick=true&size=any&stories=any,https://normandyhomes.com/communities/rainwater-crossing/2308-wispy-lane-celina-tx-75009/,b2ad32d0f3e81ef9cd,,"15703 Amber Street Frisco, TX 75033",,,Ready Now,744736,795000.0,,4.0,,,Price Cut | New Lower Price,"15703 Amber Street | Frisco, TX 75033 | Ready Now | 3,648 Sq. Ft. | 4 Beds | 4 & 1 Half Baths | 2 Stories | 2 Car Garage | $795,000 | View Listing | New Lower Price | Low financing offer | Virtual Tour | Juliet | at | Estates at Stacy Crossing | 6901 Chief Spotted Tail | McKinney, TX 75070 | Ready Now | 3,227 Sq. Ft. | 4 Beds | 3 & 1 Half Baths | 2 Stories | 2 Car Garage | $744,736 | View Listing | Virtual Tour | Emmeline | at | Painted Tree - Woodland North",
2026-07-31,Normandy Homes,DFW,https://normandyhomes.com/find-your-home/?bathrooms=any&bedrooms=any&city=any&payment=any&price=any&quick=true&size=any&stories=any,https://normandyhomes.com/communities/hazelwood-55-series/15703-amber-street-frisco-tx-75033/,bea629fed7e20d4a28,,"3712 Malamute Run McKinney, TX 75071",,,Ready Now,444860,,,3.0,,,,"3712 Malamute Run | McKinney, TX 75071 | Ready Now | 2,091 Sq. Ft. | 3 Beds | 2 & 1 Half Baths | 2 Stories | 2 Car Garage | $444,860 | View Listing | Virtual Tour | Orleans II | at | Painted Tree - Woodland West",
2026-07-31,Normandy Homes,DFW,https://normandyhomes.com/find-your-home/?bathrooms=any&bedrooms=any&city=any&payment=any&price=any&quick=true&size=any&stories=any,https://normandyhomes.com/communities/estates-at-stacy-crossing/6901-chief-spotted-tail-drive-mckinney-tx-75070/,bea2de56d55fc735c9,,"4729 Peary Lane McKinney, TX 75071",,,Ready Now,719710,,,5.0,,,,"4729 Peary Lane | McKinney, TX 75071 | Ready Now | 3,499 Sq. Ft. | 5 Beds | 5 & 1 Half Baths | 2 Stories | 2 Car Garage | $719,710 | View Listing | Royale II | at | Hazelwood 55' Series",
2026-07-31,Normandy Homes,DFW,https://normandyhomes.com/find-your-home/?bathrooms=any&bedrooms=any&city=any&payment=any&price=any&quick=true&size=any&stories=any,https://normandyhomes.com/communities/painted-tree-woodland-north/painted-tree-woodland-north-34-series/3712-malamute-run-mckinney-tx-75071/,bb6492f92702ba6e3f,,"1884 Fennel Road Frisco, TX 75033",,,Ready Now,647230,799000.0,,4.0,,,Price Cut,"1884 Fennel Road | Frisco, TX 75033 | Ready Now | 3,410 Sq. Ft. | 4 Beds | 4 & 1 Half Baths | 2 Stories | 3 Car Garage | $799,000 | View Listing | Low financing offer | Virtual Tour | Cannes | at | Hazelwood 40' Series | 15795 Shaded Mews | Frisco, TX 75033 | Ready Now | 3,027 Sq. Ft. | 4 Beds | 3 & 1 Half Baths | 2 Stories | 2 Car Garage | $647,230 | View Listing | Virtual Tour | Tristan | at | Painted Tree - Woodland West",
2026-07-31,Normandy Homes,DFW,https://normandyhomes.com/find-your-home/?bathrooms=any&bedrooms=any&city=any&payment=any&price=any&quick=true&size=any&stories=any,https://normandyhomes.com/communities/painted-tree-woodland-west/4729-peary-lane-mckinney-tx-75071/,93e56698a529319584,,"4733 Peary Lane McKinney, TX 75071",,,Ready Now,725403,,,5.0,,,,"4733 Peary Lane | McKinney, TX 75071 | Ready Now | 3,589 Sq. Ft. | 5 Beds | 5 & 1 Half Baths | 2 Stories | 2 Car Garage | $725,403 | View Listing | Virtual Tour | Bella II | at | Painted Tree - Woodland North",
2026-07-31,Normandy Homes,DFW,https://normandyhomes.com/find-your-home/?bathrooms=any&bedrooms=any&city=any&payment=any&price=any&quick=true&size=any&stories=any,https://normandyhomes.com/communities/hazelwood-55-series/1884-fennel-road-frisco-tx-75033/,a0099c4900f0167d0a,,"4805 Reveille Drive McKinney, TX 75071",,,Ready Now,459000,,,3.0,,,,"4805 Reveille Drive | McKinney, TX 75071 | Ready Now | 2,073 Sq. Ft. | 3 Beds | 2 & 1 Half Baths | 2 Stories | 2 Car Garage | $459,000 | View Listing | Virtual Tour | Remy | at | Painted Tree - Woodland North",
2026-07-31,Normandy Homes,DFW,https://normandyhomes.com/find-your-home/?bathrooms=any&bedrooms=any&city=any&payment=any&price=any&quick=true&size=any&stories=any,https://normandyhomes.com/communities/hazelwood-40-series/15795-shaded-mews-frisco-tx-75033/,7f192b6ec84b8133f5,,"3720 Malamute Run McKinney, TX 75071",,,Ready August,499000,,,4.0,3.0,,,"3720 Malamute Run | McKinney, TX 75071 | Ready August | 2,420 Sq. Ft. | 4 Beds | 3 Baths | 2 Stories | 2 Car Garage | $499,000 | View Listing | Virtual Tour | Cannes | at | Hazelwood 40' Series | 15859 Shaded Mews | Frisco, TX 75033 | Ready August | 3,027 Sq. Ft. | 4 Beds | 3 & 1 Half Baths | 2 Stories | 2 Car Garage | $659,550 | View Listing | Virtual Tour | Gabriel | at | Hazelwood 40' Series | 15843 Shaded Mews | Frisco, TX 75033 | Ready August | 3,101 Sq. Ft. | 4 Beds | 3 & 1 Half Baths | 2 Stories | 2 Car Garage | $655,070 | View Listing | Virtual Tour | Marcel II | at | Hazelwood 40' Series | 15875 Shaded Mews | Frisco, TX 75033 | Ready August | 3,169 Sq. Ft. | 4 Beds | 3 & 1 Half Baths | 2 Stories | 2 Car Garage | $688,440 | View Listing | Virtual Tour | Tristan | at | Estates at Stacy Crossing | 6933 Chief Spotted Tail | McKinney, TX 75070 | Ready August | 3,398 Sq. Ft. | 4 Beds | 4 & 1 Half Baths | 2 Stories | 2 Car Garage | $827,265 | View Listing | Virtual Tour | Royale | at | Hazelwood 55' Series",
2026-07-31,Normandy Homes,DFW,https://normandyhomes.com/find-your-home/?bathrooms=any&bedrooms=any&city=any&payment=any&price=any&quick=true&size=any&stories=any,https://normandyhomes.com/communities/painted-tree-woodland-west/4733-peary-lane-mckinney-tx-75071/,72b5e29f22e3beb010,,"15839 Millwood Trail Frisco, TX 75033",,,Ready August,463725,889000.0,,5.0,,,Price Cut,"15839 Millwood Trail | Frisco, TX 75033 | Ready August | 3,878 Sq. Ft. | 5 Beds | 5 & 1 Half Baths | 2 Stories | 2 Car Garage | $889,000 | View Listing | Virtual Tour | Marcel | at | Cross Creek Meadows | 1129 Wheatgrass Mews | Celina, TX 75009 | Ready August | 3,169 Sq. Ft. | 4 Beds | 3 & 1 Half Baths | 2 Stories | 2 Car Garage | $463,725 | View Listing | Virtual Tour | Versailles | at | Cross Creek Meadows",
2026-07-31,Normandy Homes,DFW,https://normandyhomes.com/find-your-home/?bathrooms=any&bedrooms=any&city=any&payment=any&price=any&quick=true&size=any&stories=any,https://normandyhomes.com/communities/painted-tree-woodland-north/painted-tree-woodland-north-34-series/4805-reveille-drive-mckinney-tx-75071/,82eb59414d03fc0bb4,,"1829 Vetiver Glow Drive Celina, TX 75009",,,Ready August,565735,,,4.0,,,,"1829 Vetiver Glow Drive | Celina, TX 75009 | Ready August | 3,422 Sq. Ft. | 4 Beds | 4 & 1 Half Baths | 2 Stories | 2 Car Garage | $565,735 | View Listing | Virtual Tour | Rennes | at | Cross Creek Meadows",
2026-07-31,Normandy Homes,DFW,https://normandyhomes.com/find-your-home/?bathrooms=any&bedrooms=any&city=any&payment=any&price=any&quick=true&size=any&stories=any,https://normandyhomes.com/communities/painted-tree-woodland-north/painted-tree-woodland-north-40-series/3720-malamute-run-mckinney-tx-75071/,ae12251638cdc792c1,,"1105 Beautyberry Lane Celina, TX 75009",,,Ready August,469250,,,4.0,,,,"1105 Beautyberry Lane | Celina, TX 75009 | Ready August | 3,181 Sq. Ft. | 4 Beds | 3 & 1 Half Baths | 2 Stories | 2 Car Garage | $469,250 | View Listing | Virtual Tour | Orleans II | at | Rainwater Crossing",
2026-07-31,Normandy Homes,DFW,https://normandyhomes.com/find-your-home/?bathrooms=any&bedrooms=any&city=any&payment=any&price=any&quick=true&size=any&stories=any,https://normandyhomes.com/communities/hazelwood-40-series/15859-shaded-mews-frisco-tx-75033/,d91f65f699b52879fe,,"2613 Dreamers Lane Celina, TX 75009",,,Ready August,554336,,,5.0,,,,"2613 Dreamers Lane | Celina, TX 75009 | Ready August | 3,499 Sq. Ft. | 5 Beds | 5 & 1 Half Baths | 2 Stories | 2 Car Garage | $554,336 | View Listing | Virtual Tour | Alexis II | at | Painted Tree - Woodland North",
2026-07-31,Normandy Homes,DFW,https://normandyhomes.com/find-your-home/?bathrooms=any&bedrooms=any&city=any&payment=any&price=any&quick=true&size=any&stories=any,https://normandyhomes.com/communities/hazelwood-40-series/15843-shaded-mews-frisco-tx-75033/,0ae690a73b235b38be,,"3716 Malamute Run McKinney, TX 75071",,,Ready August,435000,,,3.0,,,,"3716 Malamute Run | McKinney, TX 75071 | Ready August | 1,914 Sq. Ft. | 3 Beds | 2 & 1 Half Baths | 2 Stories | 2 Car Garage | $435,000 | View Listing | Virtual Tour | Alexis II | at | Painted Tree - Woodland North",
2026-07-31,Normandy Homes,DFW,https://normandyhomes.com/find-your-home/?bathrooms=any&bedrooms=any&city=any&payment=any&price=any&quick=true&size=any&stories=any,https://normandyhomes.com/communities/hazelwood-40-series/15875-shaded-mews-frisco-tx-75033/,bdd60bb2bc69d67f4b,,"3763 Goddard Road McKinney, TX 75071",,,Ready September,425000,,,3.0,,,,"3763 Goddard Road | McKinney, TX 75071 | Ready September | 1,914 Sq. Ft. | 3 Beds | 2 & 1 Half Baths | 2 Stories | 2 Car Garage | $425,000 | View Listing | Virtual Tour | Frederic | at | Estates at Stacy Crossing",
2026-07-31,Normandy Homes,DFW,https://normandyhomes.com/find-your-home/?bathrooms=any&bedrooms=any&city=any&payment=any&price=any&quick=true&size=any&stories=any,https://normandyhomes.com/communities/estates-at-stacy-crossing/6933-chief-spotted-tail-drive-mckinney-tx-75070/,659124cceb6401737d,,"6850 Crystal Springs Drive McKinney, TX 75070",,,Ready September,723447,,,4.0,4.0,,,"6850 Crystal Springs Drive | McKinney, TX 75070 | Ready September | 2,719 Sq. Ft. | 4 Beds | 4 Baths | 1.5 Stories | 2 Car Garage | $723,447 | View Listing | Virtual Tour | Bella II | at | Painted Tree - Woodland North",
2026-07-31,Normandy Homes,DFW,https://normandyhomes.com/find-your-home/?bathrooms=any&bedrooms=any&city=any&payment=any&price=any&quick=true&size=any&stories=any,https://normandyhomes.com/communities/hazelwood-55-series/15839-millwood-trail-frisco-tx-75033/,137966da06aae83423,,"3759 Goddard Road McKinney, TX 75071",,,Ready September,456580,,,3.0,,,,"3759 Goddard Road | McKinney, TX 75071 | Ready September | 2,073 Sq. Ft. | 3 Beds | 2 & 1 Half Baths | 2 Stories | 2 Car Garage | $456,580 | View Listing | Virtual Tour | Percy | at | Estates at Stacy Crossing",
2026-07-31,Normandy Homes,DFW,https://normandyhomes.com/find-your-home/?bathrooms=any&bedrooms=any&city=any&payment=any&price=any&quick=true&size=any&stories=any,https://normandyhomes.com/communities/cross-creek-meadows-55-series/1129-wheatgrass-mews-celina-tx-75009/,7516fdab92af2254a1,,"5412 Roselyn Way McKinney, TX 75070",,,Ready September,833605,,,4.0,,,,"5412 Roselyn Way | McKinney, TX 75070 | Ready September | 3,271 Sq. Ft. | 4 Beds | 4 & 1 Half Baths | 2 Stories | 2 Car Garage | $833,605 | View Listing | Virtual Tour | Bella II | at | Painted Tree - Woodland North",
2026-07-31,Normandy Homes,DFW,https://normandyhomes.com/find-your-home/?bathrooms=any&bedrooms=any&city=any&payment=any&price=any&quick=true&size=any&stories=any,https://normandyhomes.com/communities/cross-creek-meadows-55-series/1829-vetiver-glow-drive-celina-tx-75009/,c9b8b66008bb1ab896,,"3767 Goddard Road McKinney, TX 75071",,,Ready September,445000,,,3.0,,,,"3767 Goddard Road | McKinney, TX 75071 | Ready September | 2,073 Sq. Ft. | 3 Beds | 2 & 1 Half Baths | 2 Stories | 2 Car Garage | $445,000 | View Listing | Virtual Tour | Tristan | at | Estates at Stacy Crossing",
2026-07-31,Normandy Homes,DFW,https://normandyhomes.com/find-your-home/?bathrooms=any&bedrooms=any&city=any&payment=any&price=any&quick=true&size=any&stories=any,https://normandyhomes.com/communities/cross-creek-meadows-55-series/1105-beautyberry-lane-celina-tx-75009/,5367207a85f6cb964b,,"5355 Roselyn Way McKinney, TX 75070",,,Ready September,856101,,,5.0,,,,"5355 Roselyn Way | McKinney, TX 75070 | Ready September | 3,586 Sq. Ft. | 5 Beds | 5 & 1 Half Baths | 2 Stories | 2 Car Garage | $856,101 | View Listing | Virtual Tour | Delacroix | at | Hazelwood 55' Series",
2026-07-31,Normandy Homes,DFW,https://normandyhomes.com/find-your-home/?bathrooms=any&bedrooms=any&city=any&payment=any&price=any&quick=true&size=any&stories=any,https://normandyhomes.com/communities/rainwater-crossing/2613-dreamers-lane-celina-tx-75009/,95d2553d76b6506712,,"15799 Gladeside Avenue Frisco, TX 75033",,,Ready September,825000,,,4.0,,,,"15799 Gladeside Avenue | Frisco, TX 75033 | Ready September | 3,480 Sq. Ft. | 4 Beds | 4 & 1 Half Baths | 2 Stories | 2 Car Garage | $825,000 | View Listing | Virtual Tour | Rousseau | at | Hazelwood 55' Series",
2026-07-31,Normandy Homes,DFW,https://normandyhomes.com/find-your-home/?bathrooms=any&bedrooms=any&city=any&payment=any&price=any&quick=true&size=any&stories=any,https://normandyhomes.com/communities/painted-tree-woodland-north/painted-tree-woodland-north-34-series/3716-malamute-run-mckinney-tx-75071/,117aff05564dc49c80,,"15823 Amber Street Frisco, TX 75033",,,Ready September,879000,,,5.0,,,,"15823 Amber Street | Frisco, TX 75033 | Ready September | 3,945 Sq. Ft. | 5 Beds | 5 & 1 Half Baths | 2 Stories | 2 Car Garage | $879,000 | View Listing | Virtual Tour | Percy | at | Rainwater Crossing",
2026-07-31,Normandy Homes,DFW,https://normandyhomes.com/find-your-home/?bathrooms=any&bedrooms=any&city=any&payment=any&price=any&quick=true&size=any&stories=any,https://normandyhomes.com/communities/painted-tree-woodland-north/painted-tree-woodland-north-34-series/3763-goddard-road-mckinney-tx-75071/,9966bb1060be116cbd,,"2628 Radiant Way Celina, TX 75009",,,Ready September,585825,,,4.0,,,,"2628 Radiant Way | Celina, TX 75009 | Ready September | 3,271 Sq. Ft. | 4 Beds | 4 & 1 Half Baths | 2 Stories | 2 Car Garage | $585,825 | View Listing | Virtual Tour | Orleans II | at | Rainwater Crossing",
2026-07-31,Normandy Homes,DFW,https://normandyhomes.com/find-your-home/?bathrooms=any&bedrooms=any&city=any&payment=any&price=any&quick=true&size=any&stories=any,https://normandyhomes.com/communities/estates-at-stacy-crossing/6850-crystal-springs-drive-mckinney-tx-75070/,2446e458af82841b6a,,"2620 Radiant Way Celina, TX 75009",,,Ready September,574291,,,4.0,,,,"2620 Radiant Way | Celina, TX 75009 | Ready September | 3,229 Sq. Ft. | 4 Beds | 4 & 1 Half Baths | 2 Stories | 2 Car Garage | $574,291 | View Listing | Virtual Tour | Tristan | at | Rainwater Crossing",
2026-07-31,Normandy Homes,DFW,https://normandyhomes.com/find-your-home/?bathrooms=any&bedrooms=any&city=any&payment=any&price=any&quick=true&size=any&stories=any,https://normandyhomes.com/communities/painted-tree-woodland-north/painted-tree-woodland-north-34-series/3759-goddard-road-mckinney-tx-75071/,a4964305b1c57a2cf0,,"2624 Radiant Way Celina, TX 75009",,,Ready September,633627,,,5.0,,,,"2624 Radiant Way | Celina, TX 75009 | Ready September | 3,588 Sq. Ft. | 5 Beds | 5 & 1 Half Baths | 2 Stories | 2 Car Garage | $633,627 | View Listing | Virtual Tour | Juliet | at | Estates at Stacy Crossing",
2026-07-31,Normandy Homes,DFW,https://normandyhomes.com/find-your-home/?bathrooms=any&bedrooms=any&city=any&payment=any&price=any&quick=true&size=any&stories=any,https://normandyhomes.com/communities/estates-at-stacy-crossing/5412-roselyn-way-mckinney-tx-75070/,f0df4c3f34e83f9a27,,"6982 Claystone Drive McKinney, TX 75070",,,Ready September,777084,,,4.0,,,,"6982 Claystone Drive | McKinney, TX 75070 | Ready September | 3,227 Sq. Ft. | 4 Beds | 4 & 1 Half Baths | 2 Stories | 2 Car Garage | $777,084 | View Listing | Virtual Tour | Toulouse | at | Estates at Stacy Crossing",
2026-07-31,Normandy Homes,DFW,https://normandyhomes.com/find-your-home/?bathrooms=any&bedrooms=any&city=any&payment=any&price=any&quick=true&size=any&stories=any,https://normandyhomes.com/communities/painted-tree-woodland-north/painted-tree-woodland-north-34-series/3767-goddard-road-mckinney-tx-75071/,fe5e507b762b6458d8,,"6955 Claystone Drive McKinney, TX 75070",,,Ready September,896160,,,4.0,,,,"6955 Claystone Drive | McKinney, TX 75070 | Ready September | 3,363 Sq. Ft. | 4 Beds | 4 & 1 Half Baths | 2 Stories | 2 Car Garage | $896,160 | View Listing | Virtual Tour | Valente | at | Hazelwood 40' Series",
2026-07-31,Normandy Homes,DFW,https://normandyhomes.com/find-your-home/?bathrooms=any&bedrooms=any&city=any&payment=any&price=any&quick=true&size=any&stories=any,https://normandyhomes.com/communities/estates-at-stacy-crossing/5355-roselyn-way-mckinney-tx-75070/,560dff40eec6fc8cfb,,"15850 Gladeside Avenue Frisco, TX 75033",,,Ready September,719110,,,4.0,,,,"15850 Gladeside Avenue | Frisco, TX 75033 | Ready September | 3,193 Sq. Ft. | 4 Beds | 3 & 1 Half Baths | 2 Stories | 2 Car Garage | $719,110 | View Listing | Virtual Tour | Brigitte | at | Cross Creek Meadows",
2026-07-31,Normandy Homes,DFW,https://normandyhomes.com/find-your-home/?bathrooms=any&bedrooms=any&city=any&payment=any&price=any&quick=true&size=any&stories=any,https://normandyhomes.com/communities/hazelwood-55-series/15799-gladeside-avenue-frisco-tx-75033/,d96624edd443bf3c37,,"1140 Hyssop Drive Celina, TX 75009",,,Ready September,463615,,,4.0,,,,"1140 Hyssop Drive | Celina, TX 75009 | Ready September | 2,495 Sq. Ft. | 4 Beds | 2 & 1 Half Baths | 2 Stories | 2 Car Garage | $463,615 | View Listing | Virtual Tour | Toulouse II | at | Rainwater Crossing",
2026-07-31,Normandy Homes,DFW,https://normandyhomes.com/find-your-home/?bathrooms=any&bedrooms=any&city=any&payment=any&price=any&quick=true&size=any&stories=any,https://normandyhomes.com/communities/hazelwood-55-series/15823-amber-street-frisco-tx-75033/,132252d5a368c9aeac,,"2612 Radiant Way Celina, TX 75009",,,Ready September,455885,619959.0,,5.0,5.0,,Price Cut,"2612 Radiant Way | Celina, TX 75009 | Ready September | 3,577 Sq. Ft. | 5 Beds | 5 Baths | 2 Stories | 2 Car Garage | $619,959 | View Listing | Virtual Tour | Brigitte | at | Cross Creek Meadows | 1112 Bear Grass Mews | Celina, TX 75009 | Ready September | 2,495 Sq. Ft. | 3 Beds | 2 & 1 Half Baths | 2 Stories | 2 Car Garage | $455,885 | View Listing | Virtual Tour | Chapelle | at | Estates at Stacy Crossing",
2026-07-31,Normandy Homes,DFW,https://normandyhomes.com/find-your-home/?bathrooms=any&bedrooms=any&city=any&payment=any&price=any&quick=true&size=any&stories=any,https://normandyhomes.com/communities/rainwater-crossing/2628-radiant-way-celina-tx-75009/,6738b4371094e84ce0,,"6804 Crystal Springs Drive McKinney, TX 75070",,,Ready October,674796,,,3.0,3.0,,,"6804 Crystal Springs Drive | McKinney, TX 75070 | Ready October | 2,173 Sq. Ft. | 3 Beds | 3 Baths | 1 Story | 2 Car Garage | $674,796 | View Listing | Virtual Tour | Brice II | at | Painted Tree - Woodland West",
2026-07-31,Normandy Homes,DFW,https://normandyhomes.com/find-your-home/?bathrooms=any&bedrooms=any&city=any&payment=any&price=any&quick=true&size=any&stories=any,https://normandyhomes.com/communities/rainwater-crossing/2620-radiant-way-celina-tx-75009/,f72c56cbcefdb525ea,,"4636 Peary Lane McKinney, TX 75071",,,Ready October,524175,,,3.0,3.0,,,"4636 Peary Lane | McKinney, TX 75071 | Ready October | 2,165 Sq. Ft. | 3 Beds | 3 Baths | 1 Story | 2 Car Garage | $524,175 | View Listing | Virtual Tour | Sophie | at | Rainwater Crossing",
2026-07-31,Normandy Homes,DFW,https://normandyhomes.com/find-your-home/?bathrooms=any&bedrooms=any&city=any&payment=any&price=any&quick=true&size=any&stories=any,https://normandyhomes.com/communities/rainwater-crossing/2624-radiant-way-celina-tx-75009/,cf846579e8d5887dfd,,"2613 Radiant Way Celina, TX 75009",,,Ready October,623121,,,5.0,,,,"2613 Radiant Way | Celina, TX 75009 | Ready October | 3,600 Sq. Ft. | 5 Beds | 4 & 1 Half Baths | 2 Stories | 2 Car Garage | $623,121 | View Listing | Virtual Tour | Madeleine | at | The Heights at Uptown Celina",
2026-07-31,Normandy Homes,DFW,https://normandyhomes.com/find-your-home/?bathrooms=any&bedrooms=any&city=any&payment=any&price=any&quick=true&size=any&stories=any,https://normandyhomes.com/communities/estates-at-stacy-crossing/6982-claystone-drive-mckinney-tx-75070/,68add1b0b6c42398ef,,"336 Walker Parkway Celina, TX 75009",,,Ready October,510020,,,4.0,4.0,,,"336 Walker Parkway | Celina, TX 75009 | Ready October | 3,005 Sq. Ft. | 4 Beds | 4 Baths | 2 Stories | 2 Car Garage | $510,020 | View Listing | Virtual Tour | Madeleine | at | The Heights at Uptown Celina",
2026-07-31,Normandy Homes,DFW,https://normandyhomes.com/find-your-home/?bathrooms=any&bedrooms=any&city=any&payment=any&price=any&quick=true&size=any&stories=any,https://normandyhomes.com/communities/estates-at-stacy-crossing/6955-claystone-drive-mckinney-tx-75070/,e1f9e21241016da2bd,,"328 Walker Parkway Celina, TX 75009",,,Ready October,499000,,,4.0,4.0,,,"328 Walker Parkway | Celina, TX 75009 | Ready October | 3,005 Sq. Ft. | 4 Beds | 4 Baths | 2 Stories | 2 Car Garage | $499,000 | View Listing | Audrey | at | The Heights at Uptown Celina",
2026-07-31,Normandy Homes,DFW,https://normandyhomes.com/find-your-home/?bathrooms=any&bedrooms=any&city=any&payment=any&price=any&quick=true&size=any&stories=any,https://normandyhomes.com/communities/hazelwood-40-series/15850-gladeside-avenue-frisco-tx-75033/,f1e0cdb4ead8d492f1,,"332 Walker Parkway Celina, TX 75009",,,Ready October,373450,,,3.0,,,,"332 Walker Parkway | Celina, TX 75009 | Ready October | 2,097 Sq. Ft. | 3 Beds | 2 & 1 Half Baths | 2 Stories | 2 Car Garage | $373,450 | View Listing | Virtual Tour | Alexis II | at | Painted Tree - Woodland North",
2026-07-31,Normandy Homes,DFW,https://normandyhomes.com/find-your-home/?bathrooms=any&bedrooms=any&city=any&payment=any&price=any&quick=true&size=any&stories=any,https://normandyhomes.com/communities/cross-creek-meadows-55-series/1140-hyssop-drive-celina-tx-75009/,f30705ac920dabe159,,"3729 Homer Court McKinney, TX 75071",,,Ready October,441080,,,3.0,,,,"3729 Homer Court | McKinney, TX 75071 | Ready October | 1,917 Sq. Ft. | 3 Beds | 2 & 1 Half Baths | 2 Stories | 2 Car Garage | $441,080 | View Listing | Virtual Tour | Bella II | at | Painted Tree - Woodland North",
2026-07-31,Normandy Homes,DFW,https://normandyhomes.com/find-your-home/?bathrooms=any&bedrooms=any&city=any&payment=any&price=any&quick=true&size=any&stories=any,https://normandyhomes.com/communities/rainwater-crossing/2612-radiant-way-celina-tx-75009/,b9a01fd087a99d51ad,,"3733 Homer Court McKinney, TX 75071",,,Ready October,453710,,,3.0,,,,"3733 Homer Court | McKinney, TX 75071 | Ready October | 2,073 Sq. Ft. | 3 Beds | 2 & 1 Half Baths | 2 Stories | 2 Car Garage | $453,710 | View Listing | Virtual Tour | Bella II | at | Painted Tree - Woodland North",
2026-07-31,Normandy Homes,DFW,https://normandyhomes.com/find-your-home/?bathrooms=any&bedrooms=any&city=any&payment=any&price=any&quick=true&size=any&stories=any,https://normandyhomes.com/communities/cross-creek-meadows-55-series/1112-bear-grass-mews-celina-tx-75009/,1f0de137664ed2f2b1,,"3736 Homer Court McKinney, TX 75071",,,Ready October,456560,,,3.0,,,,"3736 Homer Court | McKinney, TX 75071 | Ready October | 2,073 Sq. Ft. | 3 Beds | 2 & 1 Half Baths | 2 Stories | 2 Car Garage | $456,560 | View Listing | Adelaide | at | The Heights at Uptown Celina",
2026-07-31,Normandy Homes,DFW,https://normandyhomes.com/find-your-home/?bathrooms=any&bedrooms=any&city=any&payment=any&price=any&quick=true&size=any&stories=any,https://normandyhomes.com/communities/estates-at-stacy-crossing/6804-crystal-springs-drive-mckinney-tx-75070/,04979bf02f49618ff2,,"337 Walker Parkway Celina, TX 75009",,,Ready October,398520,,,3.0,,,,"337 Walker Parkway | Celina, TX 75009 | Ready October | 2,170 Sq. Ft. | 3 Beds | 2 & 1 Half Baths | 2 Stories | 2 Car Garage | $398,520 | View Listing | Beatrice | at | The Heights at Uptown Celina",
2026-07-31,Normandy Homes,DFW,https://normandyhomes.com/find-your-home/?bathrooms=any&bedrooms=any&city=any&payment=any&price=any&quick=true&size=any&stories=any,https://normandyhomes.com/communities/painted-tree-woodland-west/4636-peary-lane-mckinney-tx-75071/,e382b7e5790bdb33f4,,"340 Walker Parkway Celina, TX 75009",,,Ready November,397620,,,3.0,,,,"340 Walker Parkway | Celina, TX 75009 | Ready November | 2,215 Sq. Ft. | 3 Beds | 2 & 1 Half Baths | 2 Stories | 2 Car Garage | $397,620 | View Listing | Virtual Tour | Gabriel | at | Hazelwood 40' Series | 1466 Misted Mews | Frisco, TX 75033 | Ready November | 3,101 Sq. Ft. | 4 Beds | 3 & 1 Half Baths | 2 Stories | 2 Car Garage | $719,560 | View Listing | Virtual Tour | Louis | at | Painted Tree - Woodland North",
2026-07-31,Normandy Homes,DFW,https://normandyhomes.com/find-your-home/?bathrooms=any&bedrooms=any&city=any&payment=any&price=any&quick=true&size=any&stories=any,https://normandyhomes.com/communities/rainwater-crossing/2613-radiant-way-celina-tx-75009/,426ec9c2effe5e0dd0,,"4617 Reveille Drive McKinney, TX 75071",,,Ready December,500480,,,3.0,,,,"4617 Reveille Drive | McKinney, TX 75071 | Ready December | 2,345 Sq. Ft. | 3 Beds | 2 & 1 Half Baths | 2 Stories | 2 Car Garage | $500,480 | View Listing | Normandy Homes | CB JENI Homes | Southgate Homes | ← | Move left | → | Move right | ↑ | Move up | ↓ | Move down | + | Zoom in | - | Zoom out | Home | Jump left by 75% | End | Jump right by 75% | Page Up | Jump up by 75% | Page Down | Jump down by 75% | 17 | 14 | 22 | 6 | 9 | 9 | Keyboard shortcuts | Map Data | Map data ©2026 Google | Map data ©2026 Google | 5 km | Click to toggle between metric and imperial units | Terms | Report a map error | Hazelwood 55' Series | 15828 Amber Street | | Frisco, TX 75033 | 3.99% (6.276% APR) Low Introductory Rate Available | View Listing | View Community | * | Standard disclaimers apply. | Painted Tree - Woodland West | 4521 Tippett Drive | | McKinney, TX 75071 | 3.99% (6.276% APR) low rate available* | View Listing | View Community | * | Standard disclaimers apply. | Painted Tree - Woodland West | 4517 Tippett Drive | | McKinney, TX 75071 | 3.99% (6.276% APR) low rate available* | View Listing | View Community | * | Standard disclaimers apply. | The Heights at Uptown Celina | 312 Callum Parkway | | Celina, TX 75009 | 3.99% (6.276% APR) Low Introductory Rate Available | View Listing | View Community | * | Standard disclaimers apply. | Village on Main Street | 9502 Keep Street | | Frisco, TX 75035 | 3.99% (6.276% APR) Low Introductory Rate Available | View Listing | View Community | * | Standard disclaimers apply. | Painted Tree - Woodland West | 4728 Baytown Lane | | McKinney, TX 75071 | 3.99% (6.276% APR) low rate available* | View Listing | View Community | * | Standard disclaimers apply. | Rainwater Crossing | 2444 Aurora Avenue | | Celina, TX 75009 | 3.99% (6.421% APR) low rate available* | View Listing | View Community | * | Standard disclaimers apply. | Estates at Stacy Crossing | 6901 Chief Spotted Tail | | McKinney, TX 75070 | 3.99% (6.276% APR) Low Introductory Rate Available | View Listing | View Community | * | Standard disclaimers apply. | Hazelwood 40' Series | 15795 Shaded Mews | | Frisco, TX 75033 | 3.99% (6.276% APR) Low Introductory Rate Available | View Listing | View Community | * | Standard disclaimers apply. | Cross Creek Meadows | Celina, TX | 3.99% (6.276% APR) Low Introductory Rate Available | View Community | Discover Savings | * | Standard disclaimers apply. | Estates at Stacy Crossing | McKinney, TX | $20K fresh start | low rate available on",
2026-07-31,Centre Living Homes,DFW,https://centrelivinghomes.com/new-homes/available/,https://centrelivinghomes.com/new-homes/available/,0949d2df6c32c6136f,,"2258 Terlingua Drive Waxahachie, TX 75165",,,Quick Move-In,389900,,,,,,,"2258 Terlingua Drive | Waxahachie, TX 75165 | Single Family | $389,900 | Quick Move-In | 2254 Terlingua Drive | Blue Jay | Dove Hollow | Waxahachie, TX | PRICED AT | $399,900 | 2,181 | 4 | 2.5 | 2 | Quick Move-In | 2254 Terlingua Drive | Blue Jay | Dove Hollow | Waxahachie, TX | PRICED AT | $399,900 | 2,181 | 4 | 2.5 | 2",
2026-07-31,Centre Living Homes,DFW,https://centrelivinghomes.com/new-homes/available/,https://centrelivinghomes.com/new-homes/available/,212d5e72677b319c3d,,"2254 Terlingua Drive Waxahachie, TX 75165",,,Under Construction,399900,,,,,,,"2254 Terlingua Drive | Waxahachie, TX 75165 | Single Family | $399,900 | Under Construction | 488 Winchester Way | Summit | Dove Hollow | Waxahachie, TX | PRICED AT | $434,900 | 2,365 | 3 | 2.5 | 3 | Under Construction | 488 Winchester Way | Summit | Dove Hollow | Waxahachie, TX | PRICED AT | $434,900 | 2,365 | 3 | 2.5 | 3",
2026-07-31,Centre Living Homes,DFW,https://centrelivinghomes.com/new-homes/available/,https://centrelivinghomes.com/new-homes/available/,0c317072c068031e9f,,"488 Winchester Way Waxahachie, TX 75165",,,Under Construction,434900,,,,,,,"488 Winchester Way | Waxahachie, TX 75165 | Single Family | $434,900 | Under Construction | 483 Blackwater Trail | Zion | Dove Hollow | Waxahachie, TX | PRICED AT | $459,900 | 2,499 | 4 | 2.5 | 3 | Under Construction | 483 Blackwater Trail | Zion | Dove Hollow | Waxahachie, TX | PRICED AT | $459,900 | 2,499 | 4 | 2.5 | 3",
2026-07-31,Centre Living Homes,DFW,https://centrelivinghomes.com/new-homes/available/,https://centrelivinghomes.com/new-homes/available/,d0664aef6a744a35ec,,"483 Blackwater Trail Waxahachie, TX 75165",,,Under Construction,459900,,,,,,,"483 Blackwater Trail | Waxahachie, TX 75165 | Single Family | $459,900 | Under Construction | 491 Blackwater Trail | Sequoia | Dove Hollow | Waxahachie, TX | PRICED AT | $469,900 | 2,671 | 4 | 3.5 | 2 | Under Construction | 491 Blackwater Trail | Sequoia | Dove Hollow | Waxahachie, TX | PRICED AT | $469,900 | 2,671 | 4 | 3.5 | 2",
2026-07-31,Centre Living Homes,DFW,https://centrelivinghomes.com/new-homes/available/,https://centrelivinghomes.com/new-homes/available/,4730bfd69cf5801fa8,,"491 Blackwater Trail Waxahachie, TX 75165",,,Quick Move-In,469900,,,,,,,"491 Blackwater Trail | Waxahachie, TX 75165 | Single Family | $469,900 | Quick Move-In | 511 Blackwater Trail | Kenai | Dove Hollow | Waxahachie, TX | PRICED AT | $499,900 | 3,444 | 4 | 3.0 | 2 | Quick Move-In | 511 Blackwater Trail | Kenai | Dove Hollow | Waxahachie, TX | PRICED AT | $499,900 | 3,444 | 4 | 3.0 | 2",
2026-07-31,Centre Living Homes,DFW,https://centrelivinghomes.com/new-homes/available/,https://centrelivinghomes.com/new-homes/available/,e64ca7d493b4666428,,"511 Blackwater Trail Waxahachie, TX 75165",,,Quick Move-In,499900,,,,,,,"511 Blackwater Trail | Waxahachie, TX 75165 | Single Family | $499,900 | Quick Move-In | 331 Wagon Trail | Belmont | Ellis Ranch Estates | Waxahachie, TX | PRICED AT | $567,724 | 2,768 | 4 | 2.5 | 2 | Quick Move-In | 331 Wagon Trail | Belmont | Ellis Ranch Estates | Waxahachie, TX | PRICED AT | $567,724 | 2,768 | 4 | 2.5 | 2",
2026-07-31,Centre Living Homes,DFW,https://centrelivinghomes.com/new-homes/available/,https://centrelivinghomes.com/new-homes/available/,c6ac01f1cae8942461,,"331 Wagon Trail Waxahachie, TX 75165",,,Under Construction,567724,,,,,,,"331 Wagon Trail | Waxahachie, TX 75165 | Single Family | $567,724 | Under Construction | 3105 Trowbridge Lane | Magnolia | Painted Tree Woodland West | McKinney, TX | PRICED AT | $570,000 | 2,714 | 4 | 4.0 | 2 | Under Construction | 3105 Trowbridge Lane | Magnolia | Painted Tree Woodland West | McKinney, TX | PRICED AT | $570,000 | 2,714 | 4 | 4.0 | 2",
2026-07-31,Centre Living Homes,DFW,https://centrelivinghomes.com/new-homes/available/,https://centrelivinghomes.com/new-homes/available/,93c54267960a832ea1,,"3105 Trowbridge Lane McKinney, TX 75071",,,Quick Move-In,570000,,,,,,,"3105 Trowbridge Lane | McKinney, TX 75071 | Single Family | $570,000 | 70' LOT | Quick Move-In | 2418 Silver Spring Court | Redwood | Rainwater Crossing | Celina, TX | PRICED AT | $570,000 | 2,449 | 4 | 2.5 | 3 | 70' LOT | Quick Move-In | 2418 Silver Spring Court | Redwood | Rainwater Crossing | Celina, TX | PRICED AT | $570,000 | 2,449 | 4 | 2.5 | 3",
2026-07-31,Centre Living Homes,DFW,https://centrelivinghomes.com/new-homes/available/,https://centrelivinghomes.com/new-homes/available/,eff77b73dd052b72f5,,"2418 Silver Spring Court Celina, TX 75009",,,Under Construction,570000,,,,,,,"2418 Silver Spring Court | Celina, TX 75009 | Single Family | $570,000 | Under Construction | 4411 Point Rider Road | Emerson | Ellis Ranch Estates | Waxahachie, TX | PRICED AT | $573,115 | 3,160 | 5 | 3.5 | 2 | Under Construction | 4411 Point Rider Road | Emerson | Ellis Ranch Estates | Waxahachie, TX | PRICED AT | $573,115 | 3,160 | 5 | 3.5 | 2",
2026-07-31,Centre Living Homes,DFW,https://centrelivinghomes.com/new-homes/available/,https://centrelivinghomes.com/new-homes/available/,83e64db9fc6b9b84b9,,"4411 Point Rider Road Waxahachie, TX 75165",,,Quick Move-In,573115,,,,,,,"4411 Point Rider Road | Waxahachie, TX 75165 | Single Family | $573,115 | Quick Move-In | 4737 Peary Lane | Statler | Painted Tree Woodland West | McKinney, TX | PRICED AT | $590,000 | 2,728 | 4 | 3.0 | 2 | Quick Move-In | 4737 Peary Lane | Statler | Painted Tree Woodland West | McKinney, TX | PRICED AT | $590,000 | 2,728 | 4 | 3.0 | 2",
2026-07-31,Centre Living Homes,DFW,https://centrelivinghomes.com/new-homes/available/,https://centrelivinghomes.com/new-homes/available/,cc5078fd667765a4e0,,"4737 Peary Lane McKinney, TX 75071",,,Under Construction,590000,,,,,,,"4737 Peary Lane | McKinney, TX 75071 | $590,000 | 80' LOT | Under Construction | 2219 Wispy Lane | Sequoia II | Rainwater Crossing | Celina, TX | PRICED AT | $629,900 | 2,671 | 4 | 3.5 | 3 | 80' LOT | Under Construction | 2219 Wispy Lane | Sequoia II | Rainwater Crossing | Celina, TX | PRICED AT | $629,900 | 2,671 | 4 | 3.5 | 3",
2026-07-31,Centre Living Homes,DFW,https://centrelivinghomes.com/new-homes/available/,https://centrelivinghomes.com/new-homes/available/,1e089b2db88f59cacf,,"2219 Wispy Lane Celina, TX 75009",,,Quick Move-In,629900,634287.0,,,,,Price Cut,"2219 Wispy Lane | Celina, TX 75009 | Single Family | $629,900 | Quick Move-In | 4468 Burge Avenue | Washington | Newman Village Townhomes | Frisco, TX | PRICED AT | $634,287 | 2,450 | 3 | 2.5 | 2 | Quick Move-In | 4468 Burge Avenue | Washington | Newman Village Townhomes | Frisco, TX | PRICED AT | $634,287 | 2,450 | 3 | 2.5 | 2",
2026-07-31,Centre Living Homes,DFW,https://centrelivinghomes.com/new-homes/available/,https://centrelivinghomes.com/new-homes/available/,8bc555355bcb74485f,,"4468 Burge Avenue Frisco, TX 75033",,,Quick Move-In,634287,,,,,,,"4468 Burge Avenue | Frisco, TX 75033 | Townhome | $634,287 | 40K Your Way! | Quick Move-In | 133 Swan Lake | Halsted | Lakeway Estates | Waxahachie, TX | PRICED AT | $639,900 | 3,227 | 4 | 2.5 | 2 | 40K Your Way! | Quick Move-In | 133 Swan Lake | Halsted | Lakeway Estates | Waxahachie, TX | PRICED AT | $639,900 | 3,227 | 4 | 2.5 | 2 | 133 Swan Lake | Waxahachie, TX 75165 | Single Family | $639,900 | 70' LOT | Under Construction | 2414 Silver Spring Court | Sequoia II | Rainwater Crossing | Celina, TX | PRICED AT | $639,900 | 2,671 | 4 | 3.5 | 3 | 70' LOT | Under Construction | 2414 Silver Spring Court | Sequoia II | Rainwater Crossing | Celina, TX | PRICED AT | $639,900 | 2,671 | 4 | 3.5 | 3",
2026-07-31,Centre Living Homes,DFW,https://centrelivinghomes.com/new-homes/available/,https://centrelivinghomes.com/new-homes/available/,95798ca8f44a79e67d,,"2414 Silver Spring Court Celina, TX 75009",,,Under Construction,639900,,,,,,,"2414 Silver Spring Court | Celina, TX 75009 | Single Family | $639,900 | Under Construction | 4617 Peary Lane | Meyerson | Painted Tree Woodland West | McKinney, TX | PRICED AT | $649,815 | 3,168 | 4 | 2.5 | 2 | Under Construction | 4617 Peary Lane | Meyerson | Painted Tree Woodland West | McKinney, TX | PRICED AT | $649,815 | 3,168 | 4 | 2.5 | 2",
2026-07-31,Centre Living Homes,DFW,https://centrelivinghomes.com/new-homes/available/,https://centrelivinghomes.com/new-homes/available/,46d71b73d7c7871e2a,,"4617 Peary Lane McKinney, TX 75071",,,Under Construction,649815,,,,,,,"4617 Peary Lane | McKinney, TX 75071 | Single Family | $649,815 | 30K Your Way! | Under Construction | 42 Hunter Pass | Wimberly | Lakeway Estates | Waxahachie, TX | PRICED AT | $653,772 | 3,195 | 4 | 3.5 | 2 | Available Now! | 30K Your Way! | Under Construction | 42 Hunter Pass | Wimberly | Available Now! | Lakeway Estates | Waxahachie, TX | PRICED AT | $653,772 | 3,195 | 4 | 3.5 | 2 | 42 Hunter Pass | Waxahachie, TX 75165 | Single Family | $653,772 | Under Construction | 2422 Silver Spring Court | Sequoia II | Rainwater Crossing | Celina, TX | PRICED AT | $659,900 | 2,965 | 4 | 3.5 | 3 | Under Construction | 2422 Silver Spring Court | Sequoia II | Rainwater Crossing | Celina, TX | PRICED AT | $659,900 | 2,965 | 4 | 3.5 | 3",
2026-07-31,Centre Living Homes,DFW,https://centrelivinghomes.com/new-homes/available/,https://centrelivinghomes.com/new-homes/available/,f5c70c2f4df89f7e2f,,"2422 Silver Spring Court Celina, TX 75009",,,Under Construction,659900,,,,,,,"2422 Silver Spring Court | Celina, TX 75009 | Single Family | $659,900 | 30K Your Way! | Under Construction | 151 Quiet Waters | Lyndon | Lakeway Estates | Waxahachie, TX | PRICED AT | $669,013 | 3,119 | 4 | 3.5 | 3 | Available Now! | 30K Your Way! | Under Construction | 151 Quiet Waters | Lyndon | Available Now! | Lakeway Estates | Waxahachie, TX | PRICED AT | $669,013 | 3,119 | 4 | 3.5 | 3 | 151 Quiet Waters | Waxahachie, TX 75165 | $669,013 | Quick Move-In | 4620 Bishop Street | Acadia | Painted Tree Lakeside | McKinney, TX | PRICED AT | $669,277 | 3,145 | 4 | 3.0 | 3 | Quick Move-In | 4620 Bishop Street | Acadia | Painted Tree Lakeside | McKinney, TX | PRICED AT | $669,277 | 3,145 | 4 | 3.0 | 3",
2026-07-31,Centre Living Homes,DFW,https://centrelivinghomes.com/new-homes/available/,https://centrelivinghomes.com/new-homes/available/,d83ba65ebfe670e563,,"4620 Bishop Street McKinney, TX 75071",,,Under Construction,669277,,,,,,,"4620 Bishop Street | McKinney, TX 75071 | Single Family | $669,277 | 70' LOT | Under Construction | 2404 Silver Spring Court | Kenai | Rainwater Crossing | Celina, TX | PRICED AT | $669,900 | 3,344 | 4 | 3.5 | 2 | 70' LOT | Under Construction | 2404 Silver Spring Court | Kenai | Rainwater Crossing | Celina, TX | PRICED AT | $669,900 | 3,344 | 4 | 3.5 | 2",
2026-07-31,Centre Living Homes,DFW,https://centrelivinghomes.com/new-homes/available/,https://centrelivinghomes.com/new-homes/available/,dce870b69023fcad1f,,"2404 Silver Spring Court Celina, TX 75009",,,Quick Move-In,669900,669916.0,,,,,Price Cut,"2404 Silver Spring Court | Celina, TX 75009 | Single Family | $669,900 | Quick Move-In | 12182 Juno Springs Drive | Washington | Newman Village Townhomes | Frisco, TX | PRICED AT | $669,916 | 2,460 | 3 | 2.5 | 2 | Quick Move-In | 12182 Juno Springs Drive | Washington | Newman Village Townhomes | Frisco, TX | PRICED AT | $669,916 | 2,460 | 3 | 2.5 | 2",
2026-07-31,Centre Living Homes,DFW,https://centrelivinghomes.com/new-homes/available/,https://centrelivinghomes.com/new-homes/available/,13892fc8cc63ee8c7b,,"12182 Juno Springs Drive Frisco, TX 75033",,,Quick Move-In,669916,670140.0,,,,,Price Cut,"12182 Juno Springs Drive | Frisco, TX 75033 | Townhome | $669,916 | Quick Move-In | 12126 Juno Springs Drive | Washington | Newman Village Townhomes | Frisco, TX | PRICED AT | $670,140 | 2,460 | 3 | 2.5 | 2 | Quick Move-In | 12126 Juno Springs Drive | Washington | Newman Village Townhomes | Frisco, TX | PRICED AT | $670,140 | 2,460 | 3 | 2.5 | 2",
2026-07-31,Centre Living Homes,DFW,https://centrelivinghomes.com/new-homes/available/,https://centrelivinghomes.com/new-homes/available/,d226bff83ee628d466,,"12126 Juno Springs Drive Frisco, TX 75033",,,Under Construction,670140,,,,,,,"12126 Juno Springs Drive | Frisco, TX 75033 | Townhome | $670,140 | 80' LOT | Under Construction | 2410 Silver Spring Court | Tesero | Rainwater Crossing | Celina, TX | PRICED AT | $674,900 | 3,482 | 5 | 3.5 | 2 | 80' LOT | Under Construction | 2410 Silver Spring Court | Tesero | Rainwater Crossing | Celina, TX | PRICED AT | $674,900 | 3,482 | 5 | 3.5 | 2",
2026-07-31,Centre Living Homes,DFW,https://centrelivinghomes.com/new-homes/available/,https://centrelivinghomes.com/new-homes/available/,6642a638e331669bf3,,"2410 Silver Spring Court Celina, TX 75009",,,Under Construction,674900,,,,,,,"2410 Silver Spring Court | Celina, TX 75009 | Single Family | $674,900 | Under Construction | 2309 Wispy Lane | Kenai | Rainwater Crossing | Celina, TX | PRICED AT | $674,900 | 3,345 | 4 | 3.5 | 2 | Under Construction | 2309 Wispy Lane | Kenai | Rainwater Crossing | Celina, TX | PRICED AT | $674,900 | 3,345 | 4 | 3.5 | 2",
2026-07-31,Centre Living Homes,DFW,https://centrelivinghomes.com/new-homes/available/,https://centrelivinghomes.com/new-homes/available/,0a99b424d21b4a0f15,,"2309 Wispy Lane Celina, TX 75009",,,Quick Move-In,674900,,,,,,,"2309 Wispy Lane | Celina, TX 75009 | Single Family | $674,900 | Quick Move-In | 2417 Silver Spring Court | Kenai | Rainwater Crossing | Celina, TX | PRICED AT | $679,900 | 3,544 | 4 | 3.5 | 2 | Quick Move-In | 2417 Silver Spring Court | Kenai | Rainwater Crossing | Celina, TX | PRICED AT | $679,900 | 3,544 | 4 | 3.5 | 2",
2026-07-31,Centre Living Homes,DFW,https://centrelivinghomes.com/new-homes/available/,https://centrelivinghomes.com/new-homes/available/,d8d2f0975cd42bd2da,,"2417 Silver Spring Court Celina, TX 75009",,,Quick Move-In,679900,,,,,,,"2417 Silver Spring Court | Celina, TX 75009 | Single Family | $679,900 | Quick Move-In | 4484 Burge Avenue | Grant | Newman Village Townhomes | Frisco, TX | PRICED AT | $685,000 | 2,410 | 3 | 2.5 | 2 | Quick Move-In | 4484 Burge Avenue | Grant | Newman Village Townhomes | Frisco, TX | PRICED AT | $685,000 | 2,410 | 3 | 2.5 | 2",
2026-07-31,Centre Living Homes,DFW,https://centrelivinghomes.com/new-homes/available/,https://centrelivinghomes.com/new-homes/available/,39e720cebb8d6b5f46,,"4484 Burge Avenue Frisco, TX 75033",,,Quick Move-In,685000,,,,,,,"4484 Burge Avenue | Frisco, TX 75033 | Townhome | $685,000 | Quick Move-In | 4456 Burge Avenue | Hamilton | Newman Village Townhomes | Frisco, TX | PRICED AT | $688,370 | 2,604 | 4 | 3.5 | 2 | Quick Move-In | 4456 Burge Avenue | Hamilton | Newman Village Townhomes | Frisco, TX | PRICED AT | $688,370 | 2,604 | 4 | 3.5 | 2",
2026-07-31,Centre Living Homes,DFW,https://centrelivinghomes.com/new-homes/available/,https://centrelivinghomes.com/new-homes/available/,22030b5e1ff2ac0589,,"4456 Burge Avenue Frisco, TX 75033",,,Quick Move-In,688370,,,,,,,"4456 Burge Avenue | Frisco, TX 75033 | Townhome | $688,370 | Quick Move-In | 4613 Bishop Street | Acadia | Painted Tree Lakeside | McKinney, TX | PRICED AT | $699,098 | 3,332 | 4 | 3.0 | 3 | Quick Move-In | 4613 Bishop Street | Acadia | Painted Tree Lakeside | McKinney, TX | PRICED AT | $699,098 | 3,332 | 4 | 3.0 | 3",
2026-07-31,Centre Living Homes,DFW,https://centrelivinghomes.com/new-homes/available/,https://centrelivinghomes.com/new-homes/available/,9c493e22a6a98b343e,,"4613 Bishop Street McKinney, TX 75071",,,Quick Move-In,699098,,,,,,,"4613 Bishop Street | McKinney, TX 75071 | Single Family | $699,098 | Quick Move-In | 12112 Juno Springs Drive | Hamilton | Newman Village Townhomes | Frisco, TX | PRICED AT | $724,998 | 2,619 | 4 | 3.5 | 2 | Quick Move-In | 12112 Juno Springs Drive | Hamilton | Newman Village Townhomes | Frisco, TX | PRICED AT | $724,998 | 2,619 | 4 | 3.5 | 2",
2026-07-31,Centre Living Homes,DFW,https://centrelivinghomes.com/new-homes/available/,https://centrelivinghomes.com/new-homes/available/,513e1722ef20ca1d23,,"12112 Juno Springs Drive Frisco, TX 75033",,,Quick Move-In,724998,,,,,,,"12112 Juno Springs Drive | Frisco, TX 75033 | Townhome | $724,998 | Quick Move-In | 4412 Corn Husk Drive | Grant | Newman Village Townhomes | Frisco, TX | PRICED AT | $736,168 | 2,472 | 3 | 2.5 | 2 | Quick Move-In | 4412 Corn Husk Drive | Grant | Newman Village Townhomes | Frisco, TX | PRICED AT | $736,168 | 2,472 | 3 | 2.5 | 2",
2026-07-31,Centre Living Homes,DFW,https://centrelivinghomes.com/new-homes/available/,https://centrelivinghomes.com/new-homes/available/,cfc2c024aeecb9f32d,,"4412 Corn Husk Drive Frisco, TX 75033",,,Quick Move-In,736168,,,,,,,"4412 Corn Husk Drive | Frisco, TX 75033 | Townhome | $736,168 | Quick Move-In | 4628 Bishop Street | Kenai | Painted Tree Lakeside | McKinney, TX | PRICED AT | $759,900 | 4,299 | 4 | 3.0 | 2 | Quick Move-In | 4628 Bishop Street | Kenai | Painted Tree Lakeside | McKinney, TX | PRICED AT | $759,900 | 4,299 | 4 | 3.0 | 2",
2026-07-31,Centre Living Homes,DFW,https://centrelivinghomes.com/new-homes/available/,https://centrelivinghomes.com/new-homes/available/,b5bed4eef32b5b37ce,,"4628 Bishop Street McKinney, TX 75071",,,Quick Move-In,759900,,,,,,,"4628 Bishop Street | McKinney, TX 75071 | $759,900 | Quick Move-In | 4621 Bishop Street | Kenai | Painted Tree Lakeside | McKinney, TX | PRICED AT | $759,900 | 3,549 | 4 | 3.0 | 2 | Quick Move-In | 4621 Bishop Street | Kenai | Painted Tree Lakeside | McKinney, TX | PRICED AT | $759,900 | 3,549 | 4 | 3.0 | 2",
2026-07-31,Centre Living Homes,DFW,https://centrelivinghomes.com/new-homes/available/,https://centrelivinghomes.com/new-homes/available/,2601c18bdcfd6b4cdb,,"4621 Bishop Street McKinney, TX 75071",,,Quick Move-In,759900,,,,,,,"4621 Bishop Street | McKinney, TX 75071 | $759,900 | Quick Move-In | 4609 Bishop Street | Kenai | Painted Tree Lakeside | McKinney, TX | PRICED AT | $769,311 | 3,549 | 4 | 3.0 | 2 | Quick Move-In | 4609 Bishop Street | Kenai | Painted Tree Lakeside | McKinney, TX | PRICED AT | $769,311 | 3,549 | 4 | 3.0 | 2",
2026-07-31,Centre Living Homes,DFW,https://centrelivinghomes.com/new-homes/available/,https://centrelivinghomes.com/new-homes/available/,2d34cb9448611b1c4e,,"4609 Bishop Street McKinney, TX 75071",,,Quick Move-In,769311,,,,,,,"4609 Bishop Street | McKinney, TX 75071 | $769,311 | Quick Move-In | 4629 Kipling Street | Kenai | Painted Tree Lakeside | McKinney, TX | PRICED AT | $769,900 | 3,444 | 4 | 3.5 | 2 | Quick Move-In | 4629 Kipling Street | Kenai | Painted Tree Lakeside | McKinney, TX | PRICED AT | $769,900 | 3,444 | 4 | 3.5 | 2",
2026-07-31,Centre Living Homes,DFW,https://centrelivinghomes.com/new-homes/available/,https://centrelivinghomes.com/new-homes/available/,8a8f4b95cd560194e9,,"4629 Kipling Street McKinney, TX 75071",,,Quick Move-In,769900,,,,,,,"4629 Kipling Street | McKinney, TX 75071 | $769,900 | Quick Move-In | 2423 Silver Spring Court | Cascade | Rainwater Crossing | Celina, TX | PRICED AT | $779,900 | 4,337 | 6 | 4.5 | 2 | Quick Move-In | 2423 Silver Spring Court | Cascade | Rainwater Crossing | Celina, TX | PRICED AT | $779,900 | 4,337 | 6 | 4.5 | 2",
2026-07-31,Centre Living Homes,DFW,https://centrelivinghomes.com/new-homes/available/,https://centrelivinghomes.com/new-homes/available/,62efbe69ffe68c5428,,"2423 Silver Spring Court Celina, TX 75009",,,Under Construction,779900,,,,,,,"2423 Silver Spring Court | Celina, TX 75009 | Single Family | $779,900 | Under Construction | 2213 Wispy Lane | Olympic | Rainwater Crossing | Celina, TX | PRICED AT | $809,900 | 4,299 | 5 | 4.5 | 3 | Under Construction | 2213 Wispy Lane | Olympic | Rainwater Crossing | Celina, TX | PRICED AT | $809,900 | 4,299 | 5 | 4.5 | 3",
2026-07-31,Centre Living Homes,DFW,https://centrelivinghomes.com/new-homes/available/,https://centrelivinghomes.com/new-homes/available/,fef8cd4d87e4e405d5,,"2213 Wispy Lane Celina, TX 75009",,,Quick Move-In,809900,,,,,,,"2213 Wispy Lane | Celina, TX 75009 | Single Family | $809,900 | Quick Move-In | 4624 Bishop Street | Olympic | Painted Tree Lakeside | McKinney, TX | PRICED AT | $827,374 | 4,299 | 5 | 4.5 | 2 | Quick Move-In | 4624 Bishop Street | Olympic | Painted Tree Lakeside | McKinney, TX | PRICED AT | $827,374 | 4,299 | 5 | 4.5 | 2",
2026-07-31,Centre Living Homes,DFW,https://centrelivinghomes.com/new-homes/available/,https://centrelivinghomes.com/new-homes/available/,252ffe478c3ce23714,,"4624 Bishop Street McKinney, TX 75071",,,Quick Move-In,827374,,,,,,,"4624 Bishop Street | McKinney, TX 75071 | $827,374 | Quick Move-In | 4708 Bishop Street | Olympic | Painted Tree Lakeside | McKinney, TX | PRICED AT | $833,363 | 4,299 | 5 | 4.5 | 2 | Quick Move-In | 4708 Bishop Street | Olympic | Painted Tree Lakeside | McKinney, TX | PRICED AT | $833,363 | 4,299 | 5 | 4.5 | 2",
2026-07-31,Centre Living Homes,DFW,https://centrelivinghomes.com/new-homes/available/,https://centrelivinghomes.com/new-homes/available/,3ea06d03bc79854ab9,,"4708 Bishop Street McKinney, TX 75071",,,,833363,,,,,,,"4708 Bishop Street | McKinney, TX 75071 | $833,363 | ← | Move left | → | Move right | ↑ | Move up | ↓ | Move down | + | Zoom in | - | Zoom out | Home | Jump left by 75% | End | Jump right by 75% | Page Up | Jump up by 75% | Page Down | Jump down by 75% | Keyboard shortcuts | Map Data | Map data ©2026 Google, INEGI | Map data ©2026 Google, INEGI | 20 km | Click to toggle between metric and imperial units | Terms | Report a map error | X | New Search | SEARCH | Congratulations! | Congratulations on creating your MyCentreLivingHomes account! Save your favorite homes and photos, get personalized recommendations of homes you may love, and more! | CONTINUE TO YOUR DASHBOARD | No, I Want to Keep Viewing Homes | Welcome! | Welcome to your MyCentreLivingHomes account! Revisit your favorite homes and photos, review your personalized recommendations of homes you may love, and more! | CONTINUE TO YOUR DASHBOARD | No, I Want to Keep Viewing Homes | Login or Register for an Account | LOGIN | REGISTER | Welcome to MyCentreLivingHomes! Register for an account and get access to member-only features. Favorite the communities and homes you like, and visit your dashboard to revisit your favorites, see personalized recommendations, and more. | Are you a Broker/Agent? | No | Yes | What's your Agency? | Complete the client information form below to register your buyer as your client. | Otherwise simply click register to join. | Client Information Form | Client First Name | Client Last Name | Client Email | REGISTER | Welcome back to MyCentreLivingHomes! Visit your dashboard to update your preferences, revisit your favorites, get personalized recommendations of homes you may love, and more. | Don’t have an account? | Signup here | . | Forgot Your Password? | LOGIN | Are you having trouble accessing your account? | Contact us here | for assistance. | Forgot | Your Password? | Forgot your Password? | Enter your email address. We will immediately send you a link to reset your password. | RESET PASSWORD | Are you having trouble accessing your account? | Contact us here | for assistance. | Change Your Password | Enter your email address and we’ll send you a link to reset your password. | Please enter you current password. | * | Select a new password. | * | passwords must be at least six (6) characters in length. | RESET PASSWORD | Find A Home | About Us | Design Studio | Homebuying Tools | Building Process | Contact | Headquarters | Centre Living Homes",
2026-07-31,The Providence Group,Atlanta,https://theprovidencegroup.com/new-homes/available/,https://theprovidencegroup.com/new-homes/available/,811ab0c5667337b663,,"10005 Grandview Square Johns Creek, GA 30097",,,Under Construction,1412900,,,,,,,"Under Construction | 10005 Grandview Square | Johns Creek, GA 30097 | Homesite - 116 | PRICED AT $1,412,900 | 4,113 | 5 | 4.5 | 3 | The Mathews | | | Bellmoore Park | 3D Virtual Tour | 10005 Grandview Square | Johns Creek, GA 30097 | Single Family | $1,412,900 | Under Construction",
2026-07-31,The Providence Group,Atlanta,https://theprovidencegroup.com/new-homes/available/,https://theprovidencegroup.com/new-homes/available/,b63ca320705e85c618,,"10005 Ruppel Lane Johns Creek, GA 30005",,,Under Construction,1615425,,,,,,,"Under Construction | 10005 Ruppel Lane | Johns Creek, GA 30005 | Homesite - 20 | PRICED AT $1,615,425 | 4,241 | 5 | 4.5 | 3 | 10005 Ruppel Lane | Johns Creek, GA 30005 | $1,615,425 | Under Construction",
2026-07-31,The Providence Group,Atlanta,https://theprovidencegroup.com/new-homes/available/,https://theprovidencegroup.com/new-homes/available/,1a86c593b478f9c423,,"10015 Ruppel Lane Johns Creek, GA 30005",,,Under Construction,1540955,,,,,,,"Under Construction | 10015 Ruppel Lane | Johns Creek, GA 30005 | Homesite - 19 | PRICED AT $1,540,955 | 4,077 | 5 | 5.0 | 3 | The Hamilton | | | Bellwyn | 3D Virtual Tour | 10015 Ruppel Lane | Johns Creek, GA 30005 | Single Family | $1,540,955 | Under Construction",
2026-07-31,The Providence Group,Atlanta,https://theprovidencegroup.com/new-homes/available/,https://theprovidencegroup.com/new-homes/available/,7ba4d7e4b6f5d1f4a1,,"1002 Crown Oak Street Johns Creek, GA 30022",,,Under Construction,733590,,,,,,,"Under Construction | 1002 Crown Oak Street, 40 | Johns Creek, GA 30022 | Homesite - 40 | Available Fall 2026 | PRICED AT $733,590 | 2,400 | 4 | 3.5 | 2 | The Benton IV | | | Ward's Crossing Townhomes | 3D Virtual Tour | 1002 Crown Oak Street, 40 | Johns Creek, GA 30022 | Townhouse | $733,590 | Under Construction",
2026-07-31,The Providence Group,Atlanta,https://theprovidencegroup.com/new-homes/available/,https://theprovidencegroup.com/new-homes/available/,df94b0294392c74e10,,"10050 Ruppel Lane Johns Creek, GA 30005",,,Under Construction,1296900,,,,,,,"Under Construction | 10050 Ruppel Lane | Johns Creek, GA 30005 | Homesite - 5 | PRICED AT $1,296,900 | 4,241 | 5 | 4.0 | 3 | The Montgomery | | | Bellwyn | 3D Virtual Tour | 10050 Ruppel Lane | Johns Creek, GA 30005 | Single Family | $1,296,900 | Under Construction",
2026-07-31,The Providence Group,Atlanta,https://theprovidencegroup.com/new-homes/available/,https://theprovidencegroup.com/new-homes/available/,1aff7d077f34a4213d,,"1028 Eastman Court Hoschton, GA 30548",,,Under Construction,519900,,,,,,,"Under Construction | 1028 Eastman Court | Hoschton, GA 30548 | Homesite - 126 | Available Now | PRICED AT $519,900 | 1,961 | 3 | 2.0 | 2 | The McDaniel | | | Aberdeen | 3D Virtual Tour | 1028 Eastman Court | Hoschton, GA 30548 | Single Family | $519,900 | HOME OF THE MONTH | Quick Move-In",
2026-07-31,The Providence Group,Atlanta,https://theprovidencegroup.com/new-homes/available/,https://theprovidencegroup.com/new-homes/available/,b3cfae4bb4890a5273,,"1036 Eastman Court Hoschton, GA 30548",,,Quick Move-In,499900,,,,,,,"Quick Move-In | 1036 Eastman Court | Hoschton, GA 30548 | Homesite - 125 | Available Now | PRICED AT $499,900 | 1,800 | 3 | 2.0 | 2 | The Willow | | | Aberdeen | 3D Virtual Tour | 1036 Eastman Court | Hoschton, GA 30548 | Single Family | $499,900 | HOME OF THE MONTH | Self-Tour this Home",
2026-07-31,The Providence Group,Atlanta,https://theprovidencegroup.com/new-homes/available/,https://theprovidencegroup.com/new-homes/available/,94513f1dd962b9346d,,"114 IveyBrooke Lane Alpharetta, GA 30009",,,Available Now,699999,,,,,,,"114 IveyBrooke Lane, 62 | Alpharetta, GA 30009 | Homesite - 62 | Available Now | PRICED AT $699,999 | 2,201 | 3 | 2.5 | 2 | The Benton I | | | IveyBrooke | 3D Virtual Tour | 114 IveyBrooke Lane, 62 | Alpharetta, GA 30009 | Townhome | $699,999 | HOME OF THE MONTH | Quick Move-In",
2026-07-31,The Providence Group,Atlanta,https://theprovidencegroup.com/new-homes/available/,https://theprovidencegroup.com/new-homes/available/,041453e9f9131bde12,,"118 Iveybrooke Lane Alpharetta, GA 30009",,,Quick Move-In,549640,,,,,,,"Quick Move-In | 118 Iveybrooke Lane, 64 | Alpharetta, GA 30009 | Homesite - 64 | Available Now | PRICED AT $549,640 | 1,694 | 2 | 2.5 | 1 | The Barnsley I | | | IveyBrooke | 3D Virtual Tour | 118 Iveybrooke Lane, 64 | Alpharetta, GA 30009 | Townhome | $549,640 | HOME OF THE MONTH | Quick Move-In",
2026-07-31,The Providence Group,Atlanta,https://theprovidencegroup.com/new-homes/available/,https://theprovidencegroup.com/new-homes/available/,5089fe8b7c8c5ec859,,"120 IveyBrooke Lane Alpharetta, GA 30009",,,Quick Move-In,549900,,,,,,,"Quick Move-In | 120 IveyBrooke Lane, 65 | Alpharetta, GA 30009 | Homesite - 65 | Available Now | PRICED AT $549,900 | 1,694 | 2 | 2.5 | 1 | The Barnsley I | | | IveyBrooke | 3D Virtual Tour | 120 IveyBrooke Lane, 65 | Alpharetta, GA 30009 | Townhome | $549,900 | TO BE BUILT | Under Construction",
2026-07-31,The Providence Group,Atlanta,https://theprovidencegroup.com/new-homes/available/,https://theprovidencegroup.com/new-homes/available/,0d7b21c8678ae5d2d1,,"1268 Waterhaven Boulevard Cumming, GA 30041",,,Under Construction,645500,,,,,,,"Under Construction | 1268 Waterhaven Boulevard | Cumming, GA 30041 | Homesite - 204 | PRICED AT $645,500 | 2,518 | 4 | 3.0 | 2 | The Kincaid | | | Waterhaven Single Family | 3D Virtual Tour | 1268 Waterhaven Boulevard | Cumming, GA 30041 | Single Family | $645,500 | Under Construction",
2026-07-31,The Providence Group,Atlanta,https://theprovidencegroup.com/new-homes/available/,https://theprovidencegroup.com/new-homes/available/,702b4325b17f98da4a,,"126 Herring Drive Hoschton, GA 30548",,,Under Construction,470450,,,,,,,"Under Construction | 126 Herring Drive | Hoschton, GA 30548 | Homesite - 329 | PRICED AT $470,450 | 1,512 | 2 | 2.0 | 2 | 126 Herring Drive | Hoschton, GA 30548 | $470,450 | Under Construction",
2026-07-31,The Providence Group,Atlanta,https://theprovidencegroup.com/new-homes/available/,https://theprovidencegroup.com/new-homes/available/,95fd82c5e765d1b0be,,"1270 Waterhaven Boulevard Cumming, GA 30041",,,Under Construction,636000,,,,,,,"Under Construction | 1270 Waterhaven Boulevard | Cumming, GA 30041 | Homesite - 203 | PRICED AT $636,000 | 2,382 | 4 | 3.5 | 2 | The Hampton II | | | Waterhaven Single Family | 3D Virtual Tour | 1270 Waterhaven Boulevard | Cumming, GA 30041 | Single Family | $636,000 | TO BE BUILT | Under Construction",
2026-07-31,The Providence Group,Atlanta,https://theprovidencegroup.com/new-homes/available/,https://theprovidencegroup.com/new-homes/available/,b0f75488e3c120fafd,,"1284 Tributary Drive Cumming, GA 30041",,,Under Construction,729950,,,,,,,"Under Construction | 1284 Tributary Drive | Cumming, GA 30041 | Homesite - 46 | PRICED AT $729,950 | 2,594 | 3 | 2.5 | 2 | The Madilyn | | | Waterhaven Single Family | 3D Virtual Tour | 1284 Tributary Drive | Cumming, GA 30041 | Single Family | $729,950 | TO BE BUILT | Under Construction",
2026-07-31,The Providence Group,Atlanta,https://theprovidencegroup.com/new-homes/available/,https://theprovidencegroup.com/new-homes/available/,d14806d4ec6f5d4400,,"1286 Tributary Drive Cumming, GA 30041",,,Under Construction,772200,,,,,,,"Under Construction | 1286 Tributary Drive | Cumming, GA 30041 | Homesite - 47 | PRICED AT $772,200 | 3,431 | 4 | 3.0 | 2 | The Mansfield | | | Waterhaven Single Family | 3D Virtual Tour | 1286 Tributary Drive | Cumming, GA 30041 | Single Family | $772,200 | TO BE BUILT | Under Construction",
2026-07-31,The Providence Group,Atlanta,https://theprovidencegroup.com/new-homes/available/,https://theprovidencegroup.com/new-homes/available/,55fed9e3cc9b1ecc18,,"1288 Tributary Drive Cumming, GA 30041",,,Under Construction,757850,,,,,,,"Under Construction | 1288 Tributary Drive | Cumming, GA 30041 | Homesite - 48 | PRICED AT $757,850 | 2,734 | 5 | 4.0 | 2 | The Bennett | | | Waterhaven Single Family | 3D Virtual Tour | 1288 Tributary Drive | Cumming, GA 30041 | Single Family | $757,850 | HOME OF THE MONTH | Self-Tour this Home",
2026-07-31,The Providence Group,Atlanta,https://theprovidencegroup.com/new-homes/available/,https://theprovidencegroup.com/new-homes/available/,e53ba64286714e3373,,"128 IveyBrooke Lane Alpharetta, GA 30009",,,Available Now,563630,,,,,,,"128 IveyBrooke Lane, 69 | Alpharetta, GA 30009 | Homesite - 69 | Available Now | PRICED AT $563,630 | 1,694 | 2 | 2.5 | 1 | The Barnsley I | | | IveyBrooke | 3D Virtual Tour | 128 IveyBrooke Lane, 69 | Alpharetta, GA 30009 | Townhome | $563,630 | Under Construction",
2026-07-31,The Providence Group,Atlanta,https://theprovidencegroup.com/new-homes/available/,https://theprovidencegroup.com/new-homes/available/,ededb28021f3a0b281,,"129 Herring Drive Hoschton, GA 30548",,,Under Construction,569000,,,,,,,"Under Construction | 129 Herring Drive | Hoschton, GA 30548 | Homesite - 308 | Available Late 2026 | PRICED AT $569,000 | 2,453 | 4 | 3.0 | 2 | The Carter | | | Aberdeen | 3D Virtual Tour | 129 Herring Drive | Hoschton, GA 30548 | Single Family | $569,000 | HOME OF THE MONTH | Quick Move-In",
2026-07-31,The Providence Group,Atlanta,https://theprovidencegroup.com/new-homes/available/,https://theprovidencegroup.com/new-homes/available/,cc9e4d5b07521fc3e4,,"130 Iveybrooke Lane Alpharetta, GA 30009",,,Quick Move-In,589850,,,,,,,"Quick Move-In | 130 Iveybrooke Lane, 70 | Alpharetta, GA 30009 | Homesite - 70 | Available Now | PRICED AT $589,850 | 1,694 | 2 | 2.5 | 1 | The Barnsley I | | | IveyBrooke | 3D Virtual Tour | 130 Iveybrooke Lane, 70 | Alpharetta, GA 30009 | Townhome | $589,850 | Under Construction",
2026-07-31,The Providence Group,Atlanta,https://theprovidencegroup.com/new-homes/available/,https://theprovidencegroup.com/new-homes/available/,e4beadf2d1b0d5e21d,,"135 Herring Drive Hoschton, GA 30548",,,Under Construction,538400,,,,,,,"Under Construction | 135 Herring Drive | Hoschton, GA 30548 | Homesite - 309 | Available Late 2026 | PRICED AT $538,400 | 2,445 | 3 | 2.5 | 2 | The Castleberry | | | Aberdeen | 3D Virtual Tour | 135 Herring Drive | Hoschton, GA 30548 | Single Family | $538,400 | Under Construction",
2026-07-31,The Providence Group,Atlanta,https://theprovidencegroup.com/new-homes/available/,https://theprovidencegroup.com/new-homes/available/,ccf2e8bc3c26374f53,,"140 IVEYBROOKE Lane Alpharetta, GA 30009",,,Under Construction,797810,,,,,,,"Under Construction | 140 IVEYBROOKE Lane, 75 | Alpharetta, GA 30009 | Homesite - 75 | Available Late 2026 | PRICED AT $797,810 | 2,145 | 3 | 2.5 | 2 | The Benton I | | | IveyBrooke | 3D Virtual Tour | 140 IVEYBROOKE Lane, 75 | Alpharetta, GA 30009 | Townhome | $797,810 | Under Construction",
2026-07-31,The Providence Group,Atlanta,https://theprovidencegroup.com/new-homes/available/,https://theprovidencegroup.com/new-homes/available/,f156bf7abffeee5f29,,"142 Iveybrooke Lane Alpharetta, GA 30009",,,Under Construction,615570,,,,,,,"Under Construction | 142 Iveybrooke Lane, 76 | Alpharetta, GA 30009 | Homesite - 76 | Available Late 2026 | PRICED AT $615,570 | 1,694 | 2 | 2.5 | 1 | The Barnsley I | | | IveyBrooke | 3D Virtual Tour | 142 Iveybrooke Lane, 76 | Alpharetta, GA 30009 | Townhome | $615,570 | Under Construction",
2026-07-31,The Providence Group,Atlanta,https://theprovidencegroup.com/new-homes/available/,https://theprovidencegroup.com/new-homes/available/,0c1f7952ff2f5457bb,,"146 IveyBrooke Lane Alpharetta, GA 30009",,,Under Construction,774320,,,,,,,"Under Construction | 146 IveyBrooke Lane, 78 | Alpharetta, GA 30009 | Homesite - 78 | Available Late 2026 | PRICED AT $774,320 | 2,400 | 4 | 3.5 | 2 | The Benton III | | | IveyBrooke | 3D Virtual Tour | 146 IveyBrooke Lane, 78 | Alpharetta, GA 30009 | Townhome | $774,320 | HOME OF THE MONTH | Quick Move-In",
2026-07-31,The Providence Group,Atlanta,https://theprovidencegroup.com/new-homes/available/,https://theprovidencegroup.com/new-homes/available/,6c969f4c1491493db6,,"1500 Westend Way Cumming, GA 30041",,,Quick Move-In,529900,,,,,,,"Quick Move-In | 1500 Westend Way, 332 | Cumming, GA 30041 | Homesite - 332 | Available Now | PRICED AT $529,900 | 2,164 | 4 | 3.5 | 2 | The Grayson III | | | Waterhaven Townhomes | 3D Virtual Tour | 1500 Westend Way, 332 | Cumming, GA 30041 | Townhouse | $529,900 | HOME OF THE MONTH | Quick Move-In",
2026-07-31,The Providence Group,Atlanta,https://theprovidencegroup.com/new-homes/available/,https://theprovidencegroup.com/new-homes/available/,f8f5cfc0d196e0b87e,,"1502 Westend Way Cumming, GA 30041",,,Quick Move-In,539900,,,,,,,"Quick Move-In | 1502 Westend Way, 331 | Cumming, GA 30041 | Homesite - 331 | Available Now | PRICED AT $539,900 | 2,400 | 4 | 3.5 | 2 | The Benton III | | | Waterhaven Townhomes | 3D Virtual Tour | 1502 Westend Way, 331 | Cumming, GA 30041 | Townhome | $539,900 | HOME OF THE MONTH | Quick Move-In",
2026-07-31,The Providence Group,Atlanta,https://theprovidencegroup.com/new-homes/available/,https://theprovidencegroup.com/new-homes/available/,f327349922d11bbe5c,,"1504 Westend Way Cumming, GA 30041",,,Quick Move-In,519900,,,,,,,"Quick Move-In | 1504 Westend Way, 330 | Cumming, GA 30041 | Homesite - 330 | Available Now | PRICED AT $519,900 | 2,264 | 3 | 3.5 | 2 | The Taylor I | | | Waterhaven Townhomes | 3D Virtual Tour | 1504 Westend Way, 330 | Cumming, GA 30041 | Townhouse | $519,900 | Quick Move-In",
2026-07-31,The Providence Group,Atlanta,https://theprovidencegroup.com/new-homes/available/,https://theprovidencegroup.com/new-homes/available/,d544f6cc9a603cec8d,,"1506 Westend Way Cumming, GA 30041",,,Quick Move-In,519900,,,,,,,"Quick Move-In | 1506 Westend Way, 329 | Cumming, GA 30041 | Homesite - 329 | Available Now | PRICED AT $519,900 | 2,264 | 3 | 3.5 | 2 | The Taylor I | | | Waterhaven Townhomes | 3D Virtual Tour | 1506 Westend Way, 329 | Cumming, GA 30041 | Townhouse | $519,900 | Quick Move-In",
2026-07-31,The Providence Group,Atlanta,https://theprovidencegroup.com/new-homes/available/,https://theprovidencegroup.com/new-homes/available/,0730d749385e85f372,,"1508 Westend Way Cumming, GA 30041",,,Quick Move-In,539900,,,,,,,"Quick Move-In | 1508 Westend Way, 328 | Cumming, GA 30041 | Homesite - 328 | Available Now | PRICED AT $539,900 | 2,400 | 4 | 3.5 | 2 | The Benton III | | | Waterhaven Townhomes | 3D Virtual Tour | 1508 Westend Way, 328 | Cumming, GA 30041 | Townhome | $539,900 | Quick Move-In",
2026-07-31,The Providence Group,Atlanta,https://theprovidencegroup.com/new-homes/available/,https://theprovidencegroup.com/new-homes/available/,0769368b4ef7020abf,,"1519 Westend Way Cumming, GA 30041",,,Quick Move-In,910260,,,,,,,"Quick Move-In | 1519 Westend Way | Cumming, GA 30041 | Homesite - 126 | Available Now | PRICED AT $910,260 | 3,431 | 4 | 3.0 | 2 | The Mansfield | | | Waterhaven Single Family | 3D Virtual Tour | 1519 Westend Way | Cumming, GA 30041 | Single Family | $910,260 | Quick Move-In",
2026-07-31,The Providence Group,Atlanta,https://theprovidencegroup.com/new-homes/available/,https://theprovidencegroup.com/new-homes/available/,b72715ecdbf3368657,,"1520 Westend Way Cumming, GA 30041",,,Quick Move-In,519900,,,,,,,"Quick Move-In | 1520 Westend Way, 324 | Cumming, GA 30041 | Homesite - 324 | Available Now | PRICED AT $519,900 | 2,264 | 3 | 3.5 | 2 | The Taylor I | | | Waterhaven Townhomes | 3D Virtual Tour | 1520 Westend Way, 324 | Cumming, GA 30041 | Townhouse | $519,900 | Quick Move-In",
2026-07-31,The Providence Group,Atlanta,https://theprovidencegroup.com/new-homes/available/,https://theprovidencegroup.com/new-homes/available/,5a92ec9549ad4945d5,,"1521 Westend Way Cumming, GA 30041",,,Quick Move-In,799900,,,,,,,"Quick Move-In | 1521 Westend Way | Cumming, GA 30041 | Homesite - 127 | Available Now | PRICED AT $799,900 | 2,532 | 5 | 4.0 | 2 | The Wesley | | | Waterhaven Single Family | 3D Virtual Tour | 1521 Westend Way | Cumming, GA 30041 | Single Family | $799,900 | Quick Move-In",
2026-07-31,The Providence Group,Atlanta,https://theprovidencegroup.com/new-homes/available/,https://theprovidencegroup.com/new-homes/available/,1064af6dac37d96c97,,"1522 Westend Way Cumming, GA 30041",,,Quick Move-In,519900,,,,,,,"Quick Move-In | 1522 Westend Way, 323 | Cumming, GA 30041 | Homesite - 323 | Available Now | PRICED AT $519,900 | 2,264 | 3 | 3.5 | 2 | The Taylor I | | | Waterhaven Townhomes | 3D Virtual Tour | 1522 Westend Way, 323 | Cumming, GA 30041 | Townhouse | $519,900 | Quick Move-In",
2026-07-31,The Providence Group,Atlanta,https://theprovidencegroup.com/new-homes/available/,https://theprovidencegroup.com/new-homes/available/,2a98804df9125205cf,,"1523 Westend Way Cumming, GA 30041",,,Quick Move-In,912705,,,,,,,"Quick Move-In | 1523 Westend Way | Cumming, GA 30041 | Homesite - 128 | Available Now | PRICED AT $912,705 | 2,926 | 4 | 4.0 | 2 | The Calhoun | | | Waterhaven Single Family | 3D Virtual Tour | 1523 Westend Way | Cumming, GA 30041 | Single Family | $912,705 | To Be Built | Under Construction",
2026-07-31,The Providence Group,Atlanta,https://theprovidencegroup.com/new-homes/available/,https://theprovidencegroup.com/new-homes/available/,18391e3bdcba7f37d1,,"1529 Westend Way Cumming, GA 30041",,,Under Construction,760900,,,,,,,"Under Construction | 1529 Westend Way | Cumming, GA 30041 | Homesite - 131 | PRICED AT $760,900 | 2,734 | 5 | 3.0 | 2 | The Bennett | | | Waterhaven Single Family | 3D Virtual Tour | 1529 Westend Way | Cumming, GA 30041 | Single Family | $760,900 | Under Construction",
2026-07-31,The Providence Group,Atlanta,https://theprovidencegroup.com/new-homes/available/,https://theprovidencegroup.com/new-homes/available/,4f4269dbcea46b33b0,,"161 High Point Drive Hoschton, GA 30548",,,Under Construction,499900,,,,,,,"Under Construction | 161 High Point Drive | Hoschton, GA 30548 | Homesite - 10 | Available Now | PRICED AT $499,900 | 1,815 | 3 | 2.0 | 2 | The Aldridge | | | Aberdeen | 3D Virtual Tour | 161 High Point Drive | Hoschton, GA 30548 | Single Family | $499,900 | Quick Move-In",
2026-07-31,The Providence Group,Atlanta,https://theprovidencegroup.com/new-homes/available/,https://theprovidencegroup.com/new-homes/available/,13cc43e1b6eb8e598b,,"172 Herring Drive Hoschton, GA 30548",,,Quick Move-In,449900,,,,,,,"Quick Move-In | 172 Herring Drive | Hoschton, GA 30548 | Homesite - 332 | Available Now | PRICED AT $449,900 | 1,528 | 2 | 2.5 | 2 | The Lily | | | Aberdeen | 3D Virtual Tour | 172 Herring Drive | Hoschton, GA 30548 | Single Family | $449,900 | Quick Move-In",
2026-07-31,The Providence Group,Atlanta,https://theprovidencegroup.com/new-homes/available/,https://theprovidencegroup.com/new-homes/available/,5fb2b8bc9513475270,,"182 Herring Drive Hoschton, GA 30548",,,Quick Move-In,479900,,,,,,,"Quick Move-In | 182 Herring Drive | Hoschton, GA 30548 | Homesite - 333 | Available Now | PRICED AT $479,900 | 1,773 | 3 | 2.5 | 2 | The Orchid | | | Aberdeen | 3D Virtual Tour | 182 Herring Drive | Hoschton, GA 30548 | Single Family | $479,900 | Quick Move-In",
2026-07-31,The Providence Group,Atlanta,https://theprovidencegroup.com/new-homes/available/,https://theprovidencegroup.com/new-homes/available/,ceb4996af63310a332,,"200 Midnight Oak Run Alpharetta, GA 30009",,,Quick Move-In,869900,,,,,,,"Quick Move-In | 200 Midnight Oak Run, 4 | Alpharetta, GA 30009 | Homesite - 4 | Available Now | PRICED AT $869,900 | 2,105 | 3 | 3.5 | 2 | The Chamberlain | | | Byers Park | 3D Virtual Tour | 200 Midnight Oak Run, 4 | Alpharetta, GA 30009 | Townhome | $869,900 | HOME OF THE MONTH | Self-Tour this Home",
2026-07-31,The Providence Group,Atlanta,https://theprovidencegroup.com/new-homes/available/,https://theprovidencegroup.com/new-homes/available/,863bd47cfae0119c71,,"205 Midnight Oak Run Alpharetta, GA 30009",,,Available Now,849900,,,,,,,"205 Midnight Oak Run, 5 | Alpharetta, GA 30009 | Homesite - 5 | Available Now | PRICED AT $849,900 | 2,105 | 3 | 3.5 | 2 | The Childress | | | Byers Park | 3D Virtual Tour | 205 Midnight Oak Run, 5 | Alpharetta, GA 30009 | Townhome | $849,900 | Quick Move-In",
2026-07-31,The Providence Group,Atlanta,https://theprovidencegroup.com/new-homes/available/,https://theprovidencegroup.com/new-homes/available/,8393c67ee8466d790e,,"210 Midnight Oak Run Alpharetta, GA 30009",,,Quick Move-In,819900,,,,,,,"Quick Move-In | 210 Midnight Oak Run, 3 | Alpharetta, GA 30009 | Homesite - 3 | Available Now | PRICED AT $819,900 | 2,117 | 3 | 3.5 | 2 | The Chamberlain | | | Byers Park | 3D Virtual Tour | 210 Midnight Oak Run, 3 | Alpharetta, GA 30009 | Townhome | $819,900 | HOME OF THE MONTH | Self-Tour this Home",
2026-07-31,The Providence Group,Atlanta,https://theprovidencegroup.com/new-homes/available/,https://theprovidencegroup.com/new-homes/available/,79213673b387703b91,,"220 Midnight Oak Run Alpharetta, GA 30009",,,Available Now,799900,,,,,,,"220 Midnight Oak Run, 2 | Alpharetta, GA 30009 | Homesite - 2 | Available Now | PRICED AT $799,900 | 2,105 | 3 | 3.5 | 2 | The Chamberlain | | | Byers Park | 3D Virtual Tour | 220 Midnight Oak Run, 2 | Alpharetta, GA 30009 | Townhome | $799,900 | Quick Move-In",
2026-07-31,The Providence Group,Atlanta,https://theprovidencegroup.com/new-homes/available/,https://theprovidencegroup.com/new-homes/available/,dc042ce646b796fcb2,,"225 Midnight Oak Run Alpharetta, GA 30009",,,Quick Move-In,809900,,,,,,,"Quick Move-In | 225 Midnight Oak Run, 7 | Alpharetta, GA 30009 | Homesite - 7 | Available Now | PRICED AT $809,900 | 2,117 | 3 | 3.5 | 2 | The Childress | | | Byers Park | 3D Virtual Tour | 225 Midnight Oak Run, 7 | Alpharetta, GA 30009 | Townhome | $809,900 | Quick Move-In",
2026-07-31,The Providence Group,Atlanta,https://theprovidencegroup.com/new-homes/available/,https://theprovidencegroup.com/new-homes/available/,4fcaa288d862ac46af,,"235 Midnight Oak Run Alpharetta, GA 30009",,,Quick Move-In,869900,,,,,,,"Quick Move-In | 235 Midnight Oak Run, 8 | Alpharetta, GA 30009 | Homesite - 8 | Available Now | PRICED AT $869,900 | 2,105 | 3 | 3.5 | 2 | The Childress | | | Byers Park | 3D Virtual Tour | 235 Midnight Oak Run, 8 | Alpharetta, GA 30009 | Townhome | $869,900 | Under Construction",
2026-07-31,The Providence Group,Atlanta,https://theprovidencegroup.com/new-homes/available/,https://theprovidencegroup.com/new-homes/available/,aa18583c3a83d8dbfc,,"3060 Labrouste Cove Johns Creek, GA 30097",,,Under Construction,1296150,,,,,,,"Under Construction | 3060 Labrouste Cove | Johns Creek, GA 30097 | Homesite - 214 | PRICED AT $1,296,150 | 2,865 | 4 | 4.0 | 3 | The Calhoun | | | Bellmoore Park | 3D Virtual Tour | 3060 Labrouste Cove | Johns Creek, GA 30097 | Single Family | $1,296,150 | Under Construction",
2026-07-31,The Providence Group,Atlanta,https://theprovidencegroup.com/new-homes/available/,https://theprovidencegroup.com/new-homes/available/,15f218e4c1eb46a62e,,"3070 Labrouste Cove Johns Creek, GA 30097",,,Under Construction,1492900,,,,,,,"Under Construction | 3070 Labrouste Cove | Johns Creek, GA 30097 | Homesite - 215 | PRICED AT $1,492,900 | 4,113 | 5 | 4.5 | 3 | The Mathews | | | Bellmoore Park | 3D Virtual Tour | 3070 Labrouste Cove | Johns Creek, GA 30097 | Single Family | $1,492,900 | Quick Move-In",
2026-07-31,The Providence Group,Atlanta,https://theprovidencegroup.com/new-homes/available/,https://theprovidencegroup.com/new-homes/available/,4d04af7268ca5094f9,,"3155 Paley Drive Alpharetta, GA 30009",,,Quick Move-In,1094485,,,,,,,"Quick Move-In | 3155 Paley Drive | Alpharetta, GA 30009 | Homesite - 24 | Available Now | PRICED AT $1,094,485 | 2,105 | 3 | 3.5 | 2 | The Chamberlain | | | Park Walke Townhomes | 3D Virtual Tour | 3155 Paley Drive | Alpharetta, GA 30009 | Townhome | $1,094,485 | Under Construction",
2026-07-31,The Providence Group,Atlanta,https://theprovidencegroup.com/new-homes/available/,https://theprovidencegroup.com/new-homes/available/,d96f5b598c17362e9a,,"3165 Paley Drive Alpharetta, GA 30009",,,Under Construction,972600,,,,,,,"Under Construction | 3165 Paley Drive | Alpharetta, GA 30009 | Homesite - 23 | Available Fall 2026 | PRICED AT $972,600 | 2,105 | 3 | 3.5 | 2 | The Chamberlain | | | Park Walke Townhomes | 3D Virtual Tour | 3165 Paley Drive | Alpharetta, GA 30009 | Townhome | $972,600 | Under Construction",
2026-07-31,The Providence Group,Atlanta,https://theprovidencegroup.com/new-homes/available/,https://theprovidencegroup.com/new-homes/available/,7000b9efc943c9fdc0,,"3195 Paley Drive Alpharetta, GA 30009",,,Under Construction,929900,,,,,,,"Under Construction | 3195 Paley Drive | Alpharetta, GA 30009 | Homesite - 20 | Available Fall 2026 | PRICED AT $929,900 | 2,105 | 3 | 3.5 | 2 | The Chamberlain | | | Park Walke Townhomes | 3D Virtual Tour | 3195 Paley Drive | Alpharetta, GA 30009 | Townhome | $929,900 | Under Construction",
2026-07-31,The Providence Group,Atlanta,https://theprovidencegroup.com/new-homes/available/,https://theprovidencegroup.com/new-homes/available/,b3a8f595647d962658,,"3250 Paley Drive Alpharetta, GA 30009",,,Under Construction,1712640,,,,,,,"Under Construction | 3250 Paley Drive | Alpharetta, GA 30009 | Homesite - 11 | Available Fall 2026 | PRICED AT $1,712,640 | 3,511 | 4 | 4.5 | 2 | The Alexandria | | | Park Walke Townhomes | 3250 Paley Drive | Alpharetta, GA 30009 | Townhome | $1,712,640 | Under Construction",
2026-07-31,The Providence Group,Atlanta,https://theprovidencegroup.com/new-homes/available/,https://theprovidencegroup.com/new-homes/available/,32445a6caf1c046f83,,"330 Goldchild Trail Alpharetta, GA 30009",,,Under Construction,615140,,,,,,,"Under Construction | 330 Goldchild Trail, 49 | Alpharetta, GA 30009 | Homesite - 49 | Available Fall 2026 | PRICED AT $615,140 | 1,694 | 2 | 2.5 | 1 | The Barnsley I | | | IveyBrooke | 3D Virtual Tour | 330 Goldchild Trail, 49 | Alpharetta, GA 30009 | Townhome | $615,140 | To Be Built | Under Construction | 345 Crimson Pine Alley, 13 | Alpharetta, GA 30009 | Homesite - 13 | Available Early 2027 | PRICED AT $893,700 | 2,105 | 3 | 3.5 | 2 | The Childress | | | Byers Park | 3D Virtual Tour | 345 Crimson Pine Alley, 13 | Alpharetta, GA 30009 | Townhome | $893,700 | Under Construction",
2026-07-31,The Providence Group,Atlanta,https://theprovidencegroup.com/new-homes/available/,https://theprovidencegroup.com/new-homes/available/,7077bc7b0c93c2f52e,,"3635 Chattahoochee Summit Drive Atlanta, GA 30339",,,Under Construction,459900,,,,,,,"Under Construction | 3635 Chattahoochee Summit Drive | Atlanta, GA 30339 | PRICED AT $459,900 | 1,890 | 3 | 3.5 | 1 | 3635 Chattahoochee Summit Drive | Atlanta, GA 30339 | $459,900 | Quick Move-In",
2026-07-31,The Providence Group,Atlanta,https://theprovidencegroup.com/new-homes/available/,https://theprovidencegroup.com/new-homes/available/,07f211efccfbbeddb9,,"4201 Millcroft Place Buford, GA 30518",,,Quick Move-In,490690,,,,,,,"Quick Move-In | 4201 Millcroft Place, 220 | Buford, GA 30518 | Homesite - 220 | Available Now | PRICED AT $490,690 | 1,893 | 3 | 3.5 | 2 | The Glendale | | | Millcroft Townhomes | 3D Virtual Tour | 4201 Millcroft Place, 220 | Buford, GA 30518 | Townhouse | $490,690 | Quick Move-In",
2026-07-31,The Providence Group,Atlanta,https://theprovidencegroup.com/new-homes/available/,https://theprovidencegroup.com/new-homes/available/,d265b327dc5d3b6aa6,,"4211 Millcroft Place Buford, GA 30518",,,Quick Move-In,474220,,,,,,,"Quick Move-In | 4211 Millcroft Place, 215 | Buford, GA 30518 | Homesite - 215 | Available Now | PRICED AT $474,220 | 2,004 | 3 | 3.5 | 2 | The Glendale | | | Millcroft Townhomes | 3D Virtual Tour | 4211 Millcroft Place, 215 | Buford, GA 30518 | Townhouse | $474,220 | Quick Move-In",
2026-07-31,The Providence Group,Atlanta,https://theprovidencegroup.com/new-homes/available/,https://theprovidencegroup.com/new-homes/available/,5b9c7f2b5df0e3eb17,,"4304 Burton Bend Buford, GA 30518",,,Quick Move-In,545400,,,,,,,"Quick Move-In | 4304 Burton Bend Way, 151 | Buford, GA 30518 | Homesite - 151 | Available Now | PRICED AT $545,400 | 2,010 | 3 | 2.5 | 2 | The Stockton | | | Millcroft Townhomes | 3D Virtual Tour | 4304 Burton Bend Way, 151 | Buford, GA 30518 | Townhouse | $545,400 | HOME OF THE MONTH | Self-Tour this Home",
2026-07-31,The Providence Group,Atlanta,https://theprovidencegroup.com/new-homes/available/,https://theprovidencegroup.com/new-homes/available/,af363e89a7ffb6a33a,,"4306 Burton Bend Buford, GA 30518",,,Available Now,536600,,,,,,,"4306 Burton Bend Way, 150 | Buford, GA 30518 | Homesite - 150 | Available Now | PRICED AT $536,600 | 2,010 | 3 | 2.5 | 2 | The Stockton | | | Millcroft Townhomes | 3D Virtual Tour | 4306 Burton Bend Way, 150 | Buford, GA 30518 | Townhouse | $536,600 | Under Construction",
2026-07-31,The Providence Group,Atlanta,https://theprovidencegroup.com/new-homes/available/,https://theprovidencegroup.com/new-homes/available/,f68127f1029f7e0cfe,,"4316 Burton Bend Buford, GA 30518",,,Under Construction,567800,,,,,,,"Under Construction | 4316 Burton Bend Way, 147 | Buford, GA 30518 | Homesite - 147 | PRICED AT $567,800 | 2,030 | 3 | 2.5 | 2 | The Stockton | | | Millcroft Townhomes | 3D Virtual Tour | 4316 Burton Bend Way, 147 | Buford, GA 30518 | Townhouse | $567,800 | Quick Move-In",
2026-07-31,The Providence Group,Atlanta,https://theprovidencegroup.com/new-homes/available/,https://theprovidencegroup.com/new-homes/available/,c5f92722327f860d27,,"4519 Watervale Way Peachtree Corners, GA 30092",,,Quick Move-In,577900,,,,,,,"Quick Move-In | 4519 Watervale Way, 273 | Peachtree Corners, GA 30092 | Homesite - 273 | Available Now | PRICED AT $577,900 | 1,862 | 2 | 2.0 | 1 | The Baldwin | | | Waterside Condos | 3D Virtual Tour | 4519 Watervale Way, 273 | Peachtree Corners, GA 30092 | Condominium | $577,900 | Under Construction",
2026-07-31,The Providence Group,Atlanta,https://theprovidencegroup.com/new-homes/available/,https://theprovidencegroup.com/new-homes/available/,7aa4dff9c538e7aa6a,,"4527 Watervale Way Peachtree Corners, GA 30092",,,Under Construction,680900,,,,,,,"Under Construction | 4527 Watervale Way, 271 | Peachtree Corners, GA 30092 | Homesite - 271 | PRICED AT $680,900 | 2,520 | 3 | 2.0 | 1 | The Cochran | | | Waterside Condos | 3D Virtual Tour | 4527 Watervale Way, 271 | Peachtree Corners, GA 30092 | Condominium | $680,900 | Under Construction",
2026-07-31,The Providence Group,Atlanta,https://theprovidencegroup.com/new-homes/available/,https://theprovidencegroup.com/new-homes/available/,59a9cba2e0d3236714,,"4537 Watervale Way Peachtree Corners, GA 30092",,,Under Construction,680000,,,,,,,"Under Construction | 4537 Watervale Way, 268 | Peachtree Corners, GA 30092 | Homesite - 268 | PRICED AT $680,000 | 2,520 | 3 | 2.0 | 1 | The Cochran | | | Waterside Condos | 3D Virtual Tour | 4537 Watervale Way, 268 | Peachtree Corners, GA 30092 | Condominium | $680,000 | Under Construction",
2026-07-31,The Providence Group,Atlanta,https://theprovidencegroup.com/new-homes/available/,https://theprovidencegroup.com/new-homes/available/,fc42cc0ebff10f4ac9,,"4539 Watervale Way Peachtree Corners, GA 30092",,,Under Construction,577900,,,,,,,"Under Construction | 4539 Watervale Way, 267 | Peachtree Corners, GA 30092 | Homesite - 267 | PRICED AT $577,900 | 1,862 | 2 | 2.0 | 1 | The Baldwin | | | Waterside Condos | 3D Virtual Tour | 4539 Watervale Way, 267 | Peachtree Corners, GA 30092 | Condominium | $577,900 | Under Construction",
2026-07-31,The Providence Group,Atlanta,https://theprovidencegroup.com/new-homes/available/,https://theprovidencegroup.com/new-homes/available/,d18282e97139dfbe71,,"4559 Watervale Way Peachtree Corners, GA 30092",,,Under Construction,587900,,,,,,,"Under Construction | 4559 Watervale Way, 261 | Peachtree Corners, GA 30092 | Homesite - 261 | PRICED AT $587,900 | 1,648 | 2 | 2.0 | 1 | The Baldwin | | | Waterside Condos | 3D Virtual Tour | 4559 Watervale Way, 261 | Peachtree Corners, GA 30092 | Condominium | $587,900 | Under Construction",
2026-07-31,The Providence Group,Atlanta,https://theprovidencegroup.com/new-homes/available/,https://theprovidencegroup.com/new-homes/available/,4cdd7afc22398da736,,"4563 Deanston Court Peachtree Corners, GA 30092",,,Under Construction,656925,,,,,,,"Under Construction | 4563 Deanston Court, 387 | Peachtree Corners, GA 30092 | Homesite - 387 | PRICED AT $656,925 | 2,201 | 3 | 3.5 | 2 | The Grayson II | | | Waterside Townhomes | 3D Virtual Tour | 4563 Deanston Court, 387 | Peachtree Corners, GA 30092 | Townhome | $656,925 | Under Construction",
2026-07-31,The Providence Group,Atlanta,https://theprovidencegroup.com/new-homes/available/,https://theprovidencegroup.com/new-homes/available/,21896d2a72cf5841a0,,"4565 Deanston Court Peachtree Corners, GA 30092",,,Under Construction,707080,,,,,,,"Under Construction | 4565 Deanston Court, 388 | Peachtree Corners, GA 30092 | Homesite - 388 | PRICED AT $707,080 | 2,201 | 3 | 3.5 | 2 | The Grayson II | | | Waterside Townhomes | 3D Virtual Tour | 4565 Deanston Court, 388 | Peachtree Corners, GA 30092 | Townhome | $707,080 | Under Construction",
2026-07-31,The Providence Group,Atlanta,https://theprovidencegroup.com/new-homes/available/,https://theprovidencegroup.com/new-homes/available/,ef8825d7a038d1eda2,,"4571 Deanston Court Peachtree Corners, GA 30092",,,Under Construction,707150,,,,,,,"Under Construction | 4571 Deanston Court, 389 | Peachtree Corners, GA 30092 | Homesite - 389 | PRICED AT $707,150 | 2,201 | 3 | 3.5 | 2 | The Grayson II | | | Waterside Townhomes | 3D Virtual Tour | 4571 Deanston Court, 389 | Peachtree Corners, GA 30092 | Townhome | $707,150 | Under Construction",
2026-07-31,The Providence Group,Atlanta,https://theprovidencegroup.com/new-homes/available/,https://theprovidencegroup.com/new-homes/available/,114258753f5e62c3aa,,"4573 Deanston Court Peachtree Corners, GA 30092",,,Under Construction,652410,,,,,,,"Under Construction | 4573 Deanston Court, 390 | Peachtree Corners, GA 30092 | Homesite - 390 | PRICED AT $652,410 | 2,201 | 3 | 3.5 | 2 | The Grayson II | | | Waterside Townhomes | 3D Virtual Tour | 4573 Deanston Court, 390 | Peachtree Corners, GA 30092 | Townhome | $652,410 | Under Construction",
2026-07-31,The Providence Group,Atlanta,https://theprovidencegroup.com/new-homes/available/,https://theprovidencegroup.com/new-homes/available/,f996be614849478ce3,,"4575 Deanston Court Peachtree Corners, GA 30092",,,Under Construction,706110,,,,,,,"Under Construction | 4575 Deanston Court, 391 | Peachtree Corners, GA 30092 | Homesite - 391 | PRICED AT $706,110 | 2,162 | 3 | 3.5 | 2 | The Grayson II | | | Waterside Townhomes | 3D Virtual Tour | 4575 Deanston Court, 391 | Peachtree Corners, GA 30092 | Townhome | $706,110 | Under Construction",
2026-07-31,The Providence Group,Atlanta,https://theprovidencegroup.com/new-homes/available/,https://theprovidencegroup.com/new-homes/available/,2f7e3ed87abbcb7fb9,,"4701 Coleridge Court Peachtree Corners, GA 30092",,,Under Construction,732450,,,,,,,"Under Construction | 4701 Coleridge Court, 425 | Peachtree Corners, GA 30092 | Homesite - 425 | PRICED AT $732,450 | 2,233 | 3 | 2.5 | 2 | The Ellington | | | Waterside Townhomes | 3D Virtual Tour | 4701 Coleridge Court, 425 | Peachtree Corners, GA 30092 | Townhome | $732,450 | Under Construction",
2026-07-31,The Providence Group,Atlanta,https://theprovidencegroup.com/new-homes/available/,https://theprovidencegroup.com/new-homes/available/,85fd86d7a0de179bab,,"4703 Coleridge Court Peachtree Corners, GA 30092",,,Under Construction,697950,,,,,,,"Under Construction | 4703 Coleridge Court, 426 | Peachtree Corners, GA 30092 | Homesite - 426 | PRICED AT $697,950 | 2,233 | 3 | 2.5 | 2 | The Ellington | | | Waterside Townhomes | 3D Virtual Tour | 4703 Coleridge Court, 426 | Peachtree Corners, GA 30092 | Townhome | $697,950 | Under Construction",
2026-07-31,The Providence Group,Atlanta,https://theprovidencegroup.com/new-homes/available/,https://theprovidencegroup.com/new-homes/available/,2e7e945e50882d7a29,,"4705 Coleridge Court Peachtree Corners, GA 30092",,,Under Construction,694950,,,,,,,"Under Construction | 4705 Coleridge Court, 427 | Peachtree Corners, GA 30092 | Homesite - 427 | PRICED AT $694,950 | 2,233 | 3 | 2.5 | 2 | The Ellington | | | Waterside Townhomes | 3D Virtual Tour | 4705 Coleridge Court, 427 | Peachtree Corners, GA 30092 | Townhome | $694,950 | HOME OF THE MONTH | Quick Move-In",
2026-07-31,The Providence Group,Atlanta,https://theprovidencegroup.com/new-homes/available/,https://theprovidencegroup.com/new-homes/available/,892dd94de53b4aff6b,,"4706 Coleridge Court Peachtree Corners, GA 30092",,,Quick Move-In,699900,,,,,,,"Quick Move-In | 4706 Coleridge Court, 432 | Peachtree Corners, GA 30092 | Homesite - 432 | PRICED AT $699,900 | 2,233 | 3 | 2.5 | 2 | The Ellington | | | Waterside Townhomes | 3D Virtual Tour | 4706 Coleridge Court, 432 | Peachtree Corners, GA 30092 | Townhome | $699,900 | HOME OF THE MONTH | Under Construction",
2026-07-31,The Providence Group,Atlanta,https://theprovidencegroup.com/new-homes/available/,https://theprovidencegroup.com/new-homes/available/,c78ae975ee5042f7e9,,"4933 Sudbrook Way Peachtree Corners, GA 30092",,,Under Construction,559900,,,,,,,"Under Construction | 4933 Sudbrook Way, 230 | Peachtree Corners, GA 30092 | Homesite - 230 | PRICED AT $559,900 | 2,008 | 3 | 2.0 | 1 | The Cascade II | | | Waterside Condos | 3D Virtual Tour | 4933 Sudbrook Way, 230 | Peachtree Corners, GA 30092 | Condominium | $559,900 | HOME OF THE MONTH | Quick Move-In",
2026-07-31,The Providence Group,Atlanta,https://theprovidencegroup.com/new-homes/available/,https://theprovidencegroup.com/new-homes/available/,746a75d32b1580cd50,,"502 Alice Way Cumming, GA 30040",,,Quick Move-In,399900,,,,,,,"Quick Move-In | 502 Alice Way, D21 | Cumming, GA 30040 | Homesite - D21 | Available Now | PRICED AT $399,900 | 1,373 | 2 | 2.5 | 1 | The Magnolia | | | Market Square at Sawnee Village | 3D Virtual Tour | 502 Alice Way, D21 | Cumming, GA 30040 | Condominium | $399,900 | HOME OF THE MONTH | Quick Move-In",
2026-07-31,The Providence Group,Atlanta,https://theprovidencegroup.com/new-homes/available/,https://theprovidencegroup.com/new-homes/available/,1f8a82e5d0a87e5f54,,"5038 Shirley Oaks Drive Peachtree Corners, GA 30092",,,Quick Move-In,419900,,,,,,,"Quick Move-In | 5038 Shirley Oaks Drive, 281 | Peachtree Corners, GA 30092 | Homesite - 281 | Available Now | PRICED AT $419,900 | 1,408 | 1 | 1.5 | 1 | The Adams | | | Waterside Condos | 3D Virtual Tour | 5038 Shirley Oaks Drive, 281 | Peachtree Corners, GA 30092 | Condominium | $419,900 | Under Construction",
2026-07-31,The Providence Group,Atlanta,https://theprovidencegroup.com/new-homes/available/,https://theprovidencegroup.com/new-homes/available/,101984add98500150b,,"5087 Shirley Oaks Drive Peachtree Corners, GA 30092",,,Under Construction,680000,,,,,,,"Under Construction | 5087 Shirley Oaks Drive, 301 | Peachtree Corners, GA 30092 | Homesite - 301 | PRICED AT $680,000 | 2,520 | 3 | 2.0 | 1 | The Cochran | | | Waterside Condos | 3D Virtual Tour | 5087 Shirley Oaks Drive, 301 | Peachtree Corners, GA 30092 | Condominium | $680,000 | HOME OF THE MONTH | Quick Move-In",
2026-07-31,The Providence Group,Atlanta,https://theprovidencegroup.com/new-homes/available/,https://theprovidencegroup.com/new-homes/available/,26377be1dba4eb5f8f,,"508 Whatton Road Johns Creek, GA 30022",,,Quick Move-In,699320,,,,,,,"Quick Move-In | 508 Whatton Road, 4 | Johns Creek, GA 30022 | Homesite - 4 | PRICED AT $699,320 | 2,400 | 4 | 3.5 | 2 | The Benton IV | | | Ward's Crossing Townhomes | 3D Virtual Tour | 508 Whatton Road, 4 | Johns Creek, GA 30022 | Townhouse | $699,320 | Under Construction",
2026-07-31,The Providence Group,Atlanta,https://theprovidencegroup.com/new-homes/available/,https://theprovidencegroup.com/new-homes/available/,6a714e678d88d8de13,,"509 Belvedere Drive Alpharetta, GA 30022",,,Under Construction,565100,,,,,,,"Under Construction | 509 Belvedere Drive, 4 | Alpharetta, GA 30022 | Homesite - 4 | Available Fall 2026 | PRICED AT $565,100 | 1,776 | 3 | 3.5 | 1 | The Oleander | | | Brookside Reserve | 3D Virtual Tour | 509 Belvedere Drive, 4 | Alpharetta, GA 30022 | Condominium | $565,100 | Quick Move-In",
2026-07-31,The Providence Group,Atlanta,https://theprovidencegroup.com/new-homes/available/,https://theprovidencegroup.com/new-homes/available/,b5a362edd6a3e926cf,,"510 Godfrey Drive Cumming, GA 30040",,,Quick Move-In,664900,,,,,,,"Quick Move-In | 510 Godfrey Drive | Cumming, GA 30040 | Homesite - 225 | Available Now | PRICED AT $664,900 | 1,961 | 3 | 2.5 | 2 | The McDaniel | | | Promenade at Sawnee Village | 3D Virtual Tour | 510 Godfrey Drive | Cumming, GA 30040 | Single Family | $664,900 | HOME OF THE MONTH | Quick Move-In",
2026-07-31,The Providence Group,Atlanta,https://theprovidencegroup.com/new-homes/available/,https://theprovidencegroup.com/new-homes/available/,44787c60ffd934cccc,,"510 Whatton Road Johns Creek, GA 30022",,,Quick Move-In,714320,,,,,,,"Quick Move-In | 510 Whatton Road, 5 | Johns Creek, GA 30022 | Homesite - 5 | Available Now | PRICED AT $714,320 | 2,400 | 4 | 3.5 | 2 | The Benton IV | | | Ward's Crossing Townhomes | 3D Virtual Tour | 510 Whatton Road, 5 | Johns Creek, GA 30022 | Townhouse | $714,320 | Quick Move-In",
2026-07-31,The Providence Group,Atlanta,https://theprovidencegroup.com/new-homes/available/,https://theprovidencegroup.com/new-homes/available/,f2b8509068035eee14,,"5144 Bandolino Lane Peachtree Corners, GA 30092",,,Quick Move-In,472900,,,,,,,"Quick Move-In | 5144 Bandolino Lane, 317 | Peachtree Corners, GA 30092 | Homesite - 317 | Available Now | PRICED AT $472,900 | 1,408 | 1 | 1.5 | 1 | The Adams | | | Waterside Condos | 3D Virtual Tour | 5144 Bandolino Lane, 317 | Peachtree Corners, GA 30092 | Condominium | $472,900 | Quick Move-In",
2026-07-31,The Providence Group,Atlanta,https://theprovidencegroup.com/new-homes/available/,https://theprovidencegroup.com/new-homes/available/,ad644ecb85cb5e659d,,"520 Alice Way Cumming, GA 30040",,,Quick Move-In,449900,,,,,,,"Quick Move-In | 520 Alice Way, D14 | Cumming, GA 30040 | Homesite - D14 | PRICED AT $449,900 | 1,703 | 3 | 3.5 | 1 | The Oleander | | | Market Square at Sawnee Village | 3D Virtual Tour | 520 Alice Way, D14 | Cumming, GA 30040 | Condominium | $449,900 | Quick Move-In",
2026-07-31,The Providence Group,Atlanta,https://theprovidencegroup.com/new-homes/available/,https://theprovidencegroup.com/new-homes/available/,1d61fe5c1e7176a978,,"522 Alice Way Cumming, GA 30040",,,Quick Move-In,409900,,,,,,,"Quick Move-In | 522 Alice Way, D11 | Cumming, GA 30040 | Homesite - D11 | Available Now | PRICED AT $409,900 | 1,373 | 2 | 2.5 | 1 | The Magnolia | | | Market Square at Sawnee Village | 3D Virtual Tour | 522 Alice Way, D11 | Cumming, GA 30040 | Condominium | $409,900 | Under Construction",
2026-07-31,The Providence Group,Atlanta,https://theprovidencegroup.com/new-homes/available/,https://theprovidencegroup.com/new-homes/available/,d1c55546dc9177d4d8,,"522 Pearl Street Cumming, GA 30040",,,Under Construction,749999,,,,,,,"Under Construction | 522 Pearl Street | Cumming, GA 30040 | Homesite - 203 | PRICED AT $749,999 | 2,583 | 4 | 3.5 | 2 | The McDaniel | | | Promenade at Sawnee Village | 3D Virtual Tour | 522 Pearl Street | Cumming, GA 30040 | Single Family | $749,999 | HOME OF THE MONTH | Quick Move-In",
2026-07-31,The Providence Group,Atlanta,https://theprovidencegroup.com/new-homes/available/,https://theprovidencegroup.com/new-homes/available/,2580387f445c5d6b18,,"526 Alice Way Cumming, GA 30040",,,Quick Move-In,364900,,,,,,,"Quick Move-In | 526 Alice Way, D9 | Cumming, GA 30040 | Homesite - D9 | PRICED AT $364,900 | 1,373 | 2 | 2.5 | 1 | The Magnolia | | | Market Square at Sawnee Village | 3D Virtual Tour | 526 Alice Way, D9 | Cumming, GA 30040 | Condominium | $364,900 | Under Construction",
2026-07-31,The Providence Group,Atlanta,https://theprovidencegroup.com/new-homes/available/,https://theprovidencegroup.com/new-homes/available/,c4d626ffa156c32cef,,"526 Pearl Street Cumming, GA 30040",,,Under Construction,765720,,,,,,,"Under Construction | 526 Pearl Street | Cumming, GA 30040 | Homesite - 205 | PRICED AT $765,720 | 2,620 | 4 | 3.5 | 2 | The Kenton | | | Promenade at Sawnee Village | 3D Virtual Tour | 526 Pearl Street | Cumming, GA 30040 | Single Family | $765,720 | Under Construction",
2026-07-31,The Providence Group,Atlanta,https://theprovidencegroup.com/new-homes/available/,https://theprovidencegroup.com/new-homes/available/,24c1e40f42f3813d64,,"527 Godfrey Drive Cumming, GA 30040",,,Under Construction,724900,,,,,,,"Under Construction | 527 Godfrey Drive | Cumming, GA 30040 | Homesite - 193 | PRICED AT $724,900 | 2,629 | 3 | 3.5 | 2 | The Trevor | | | Promenade at Sawnee Village | 3D Virtual Tour | 527 Godfrey Drive | Cumming, GA 30040 | Single Family | $724,900 | HOME OF THE MONTH | Quick Move-In",
2026-07-31,The Providence Group,Atlanta,https://theprovidencegroup.com/new-homes/available/,https://theprovidencegroup.com/new-homes/available/,72b235dced75f623ae,,"532 Alice Way Cumming, GA 30040",,,Quick Move-In,409900,,,,,,,"Quick Move-In | 532 Alice Way, D8 | Cumming, GA 30040 | Homesite - D8 | Available Now | PRICED AT $409,900 | 1,703 | 3 | 3.5 | 1 | The Oleander | | | Market Square at Sawnee Village | 3D Virtual Tour | 532 Alice Way, D8 | Cumming, GA 30040 | Condominium | $409,900 | Under Construction",
2026-07-31,The Providence Group,Atlanta,https://theprovidencegroup.com/new-homes/available/,https://theprovidencegroup.com/new-homes/available/,4294b7be5e47077559,,"533 Belvedere Drive Alpharetta, GA 30022",,,Under Construction,515600,,,,,,,"Under Construction | 533 Belvedere Drive, 9 | Alpharetta, GA 30022 | Homesite - 9 | Available Fall 2026 | PRICED AT $515,600 | 1,450 | 2 | 2.5 | 1 | The Magnolia | | | Brookside Reserve | 3D Virtual Tour | 533 Belvedere Drive, 9 | Alpharetta, GA 30022 | Condominium | $515,600 | Quick Move-In",
2026-07-31,The Providence Group,Atlanta,https://theprovidencegroup.com/new-homes/available/,https://theprovidencegroup.com/new-homes/available/,355b19d315f5bab8fe,,"538 Otwell Avenue Cumming, GA 30040",,,Quick Move-In,745210,,,,,,,"Quick Move-In | 538 Otwell Avenue | Cumming, GA 30040 | Homesite - 240 | Available Now | PRICED AT $745,210 | 1,800 | 3 | 2.0 | 2 | The Langston | | | Promenade at Sawnee Village | 3D Virtual Tour | 538 Otwell Avenue | Cumming, GA 30040 | Single Family | $745,210 | Under Construction",
2026-07-31,The Providence Group,Atlanta,https://theprovidencegroup.com/new-homes/available/,https://theprovidencegroup.com/new-homes/available/,f75892b1f05d716e0d,,"5410 Howington Court Buford, GA 30518",,,Under Construction,460220,,,,,,,"Under Construction | 5410 Howington Court, 179 | Buford, GA 30518 | Homesite - 179 | PRICED AT $460,220 | 1,893 | 3 | 3.5 | 2 | The Glendale | | | Millcroft Townhomes | 3D Virtual Tour | 5410 Howington Court, 179 | Buford, GA 30518 | Townhouse | $460,220 | Under Construction",
2026-07-31,The Providence Group,Atlanta,https://theprovidencegroup.com/new-homes/available/,https://theprovidencegroup.com/new-homes/available/,d5d069978247cf8ecb,,"542 Belvedere Drive Alpharetta, GA 30022",,,Under Construction,545400,,,,,,,"Under Construction | 542 Belvedere Drive, 21 | Alpharetta, GA 30022 | Homesite - 21 | Available Late 2026 | PRICED AT $545,400 | 1,762 | 2 | 2.0 | 1 | The Elmwood End | | | Brookside Reserve | 542 Belvedere Drive, 21 | Alpharetta, GA 30022 | Condominium | $545,400 | Under Construction",
2026-07-31,The Providence Group,Atlanta,https://theprovidencegroup.com/new-homes/available/,https://theprovidencegroup.com/new-homes/available/,f5daf49b3f471eed6f,,"546 Belvedere Drive Alpharetta, GA 30022",,,Under Construction,487810,,,,,,,"Under Construction | 546 Belvedere Drive, 20 | Alpharetta, GA 30022 | Homesite - 20 | Available Late 2026 | PRICED AT $487,810 | 1,213 | 2 | 2.0 | 1 | The Rosewood II | | | Brookside Reserve | 546 Belvedere Drive, 20 | Alpharetta, GA 30022 | Condominium | $487,810 | Quick Move-In",
2026-07-31,The Providence Group,Atlanta,https://theprovidencegroup.com/new-homes/available/,https://theprovidencegroup.com/new-homes/available/,5092bbbf6376ae5a64,,"547 Pearl Street Cumming, GA 30040",,,Quick Move-In,674999,,,,,,,"Quick Move-In | 547 Pearl Street | Cumming, GA 30040 | Homesite - 11 | Available Now | PRICED AT $674,999 | 2,221 | 3 | 3.0 | 2 | The Jordan | | | Promenade at Sawnee Village | 3D Virtual Tour | 547 Pearl Street | Cumming, GA 30040 | Single Family | $674,999 | Under Construction",
2026-07-31,The Providence Group,Atlanta,https://theprovidencegroup.com/new-homes/available/,https://theprovidencegroup.com/new-homes/available/,78aa08ea4679c88ae7,,"549 Belvedere Drive Alpharetta, GA 30022",,,Under Construction,512850,,,,,,,"Under Construction | 549 Belvedere Drive, 13 | Alpharetta, GA 30022 | Homesite - 13 | Available Fall 2026 | PRICED AT $512,850 | 1,450 | 2 | 2.5 | 1 | The Magnolia | | | Brookside Reserve | 3D Virtual Tour | 549 Belvedere Drive, 13 | Alpharetta, GA 30022 | Condominium | $512,850 | HOME OF THE MONTH | Quick Move-In",
2026-07-31,The Providence Group,Atlanta,https://theprovidencegroup.com/new-homes/available/,https://theprovidencegroup.com/new-homes/available/,9a707a448c2d30f928,,"551 Pearl Street Cumming, GA 30040",,,Quick Move-In,599900,,,,,,,"Quick Move-In | 551 Pearl Street | Cumming, GA 30040 | Homesite - 10 | Available Now | PRICED AT $599,900 | 1,797 | 3 | 2.0 | 2 | The Lawrence | | | Promenade at Sawnee Village | 3D Virtual Tour | 551 Pearl Street | Cumming, GA 30040 | Single Family | $599,900 | Under Construction",
2026-07-31,The Providence Group,Atlanta,https://theprovidencegroup.com/new-homes/available/,https://theprovidencegroup.com/new-homes/available/,da9312a83f6030cece,,"553 Belvedere Drive Alpharetta, GA 30022",,,Under Construction,587400,,,,,,,"Under Construction | 553 Belvedere Drive, 16 | Alpharetta, GA 30022 | Homesite - 16 | Available Fall 2026 | PRICED AT $587,400 | 1,776 | 3 | 3.5 | 1 | The Oleander | | | Brookside Reserve | 3D Virtual Tour | 553 Belvedere Drive, 16 | Alpharetta, GA 30022 | Condominium | $587,400 | Under Construction | 5541 Broad River View | Peachtree Corners, GA 30092 | Homesite - 355 | PRICED AT $1,482,700 | 4,234 | 4 | Full 4 | Half 2 | 2 | The Olmstead II | | | Waterside Single Family | 3D Virtual Tour | 5541 Broad River View | Peachtree Corners, GA 30092 | Single Family | $1,482,700 | Under Construction",
2026-07-31,The Providence Group,Atlanta,https://theprovidencegroup.com/new-homes/available/,https://theprovidencegroup.com/new-homes/available/,4b56ecb9daecccf1f5,,"554 Belvedere Drive Alpharetta, GA 30022",,,Under Construction,497400,,,,,,,"Under Construction | 554 Belvedere Drive, 18 | Alpharetta, GA 30022 | Homesite - 18 | Available Fall 2026 | PRICED AT $497,400 | 1,213 | 2 | 2.0 | 1 | The Rosewood II | | | Brookside Reserve | 554 Belvedere Drive, 18 | Alpharetta, GA 30022 | Condominium | $497,400 | Under Construction | 5561 Broad River View | Peachtree Corners, GA 30092 | Homesite - 357 | PRICED AT $1,465,000 | 4,234 | 4 | Full 4 | Half 2 | 2 | The Oakhurst II | | | Waterside Single Family | 3D Virtual Tour | 5561 Broad River View | Peachtree Corners, GA 30092 | Single Family | $1,465,000 | Under Construction",
2026-07-31,The Providence Group,Atlanta,https://theprovidencegroup.com/new-homes/available/,https://theprovidencegroup.com/new-homes/available/,9e362a03e50654cf3f,,"558 Belvedere Drive Alpharetta, GA 30022",,,Under Construction,565400,,,,,,,"Under Construction | 558 Belvedere Drive, 17 | Alpharetta, GA 30022 | Homesite - 17 | Available Fall 2026 | PRICED AT $565,400 | 1,707 | 2 | 2.0 | 1 | The Elmwood End | | | Brookside Reserve | 558 Belvedere Drive, 17 | Alpharetta, GA 30022 | Condominium | $565,400 | Under Construction",
2026-07-31,The Providence Group,Atlanta,https://theprovidencegroup.com/new-homes/available/,https://theprovidencegroup.com/new-homes/available/,95a5cf9e2f109f8f71,,"563 Pearl Street Cumming, GA 30040",,,Under Construction,699999,,,,,,,"Under Construction | 563 Pearl Street | Cumming, GA 30040 | Homesite - 3 | PRICED AT $699,999 | 2,300 | 3 | 3.0 | 2 | The Jordan | | | Promenade at Sawnee Village | 3D Virtual Tour | 563 Pearl Street | Cumming, GA 30040 | Single Family | $699,999 | Quick Move-In",
2026-07-31,The Providence Group,Atlanta,https://theprovidencegroup.com/new-homes/available/,https://theprovidencegroup.com/new-homes/available/,f08cd0573461d3df7e,,"564 Sawnee Village Boulevard Cumming, GA 30040",,,Quick Move-In,899300,,,,,,,"Quick Move-In | 564 Sawnee Village Boulevard | Cumming, GA 30040 | Homesite - 79 | Available Now | PRICED AT $899,300 | 3,059 | 4 | 4.0 | 2 | The Blaylock | | | Promenade at Sawnee Village | 3D Virtual Tour | 564 Sawnee Village Boulevard | Cumming, GA 30040 | Single Family | $899,300 | Under Construction | 5693 Broad River View, 443 | Peachtree Corners, GA 30092 | Homesite - 443 | PRICED AT $1,032,850 | 3,034 | 4 | 3.5 | 2 | The Ellington | | | Waterside Townhomes | 3D Virtual Tour | 5693 Broad River View, 443 | Peachtree Corners, GA 30092 | Townhome | $1,032,850 | HOME OF THE MONTH | Under Construction | 5695 Broad River View, 444 | Peachtree Corners, GA 30092 | Homesite - 444 | PRICED AT $999,900 | 3,034 | 4 | 3.5 | 2 | The Ellington | | | Waterside Townhomes | 3D Virtual Tour | 5695 Broad River View, 444 | Peachtree Corners, GA 30092 | Townhome | $999,900 | Under Construction | 5697 Broad River View, 445 | Peachtree Corners, GA 30092 | Homesite - 445 | PRICED AT $1,045,625 | 3,034 | 4 | 3.5 | 2 | The Ellington | | | Waterside Townhomes | 3D Virtual Tour | 5697 Broad River View, 445 | Peachtree Corners, GA 30092 | Townhome | $1,045,625 | HOME OF THE MONTH | Quick Move-In",
2026-07-31,The Providence Group,Atlanta,https://theprovidencegroup.com/new-homes/available/,https://theprovidencegroup.com/new-homes/available/,b870d8e926bcea33b7,,"572 Sawnee Village Boulevard Cumming, GA 30040",,,Quick Move-In,839900,,,,,,,"Quick Move-In | 572 Sawnee Village Boulevard | Cumming, GA 30040 | Homesite - 83 | Available Now | PRICED AT $839,900 | 3,140 | 3 | 3.5 | 2 | The Bullard | | | Promenade at Sawnee Village | 3D Virtual Tour | 572 Sawnee Village Boulevard | Cumming, GA 30040 | Single Family | $839,900 | Under Construction",
2026-07-31,The Providence Group,Atlanta,https://theprovidencegroup.com/new-homes/available/,https://theprovidencegroup.com/new-homes/available/,072073f05a52f2c397,,"577 Pearl Street Cumming, GA 30040",,,Under Construction,713030,,,,,,,"Under Construction | 577 Pearl Street | Cumming, GA 30040 | Homesite - 125 | Available Fall 2026 | PRICED AT $713,030 | 2,300 | 3 | 2.0 | 2 | The Jordan | | | Promenade at Sawnee Village | 3D Virtual Tour | 577 Pearl Street | Cumming, GA 30040 | Single Family | $713,030 | Under Construction",
2026-07-31,The Providence Group,Atlanta,https://theprovidencegroup.com/new-homes/available/,https://theprovidencegroup.com/new-homes/available/,aa2b95064dc7738e6b,,"605 Beechwood Way Hoschton, GA 30548",,,Under Construction,531290,,,,,,,"Under Construction | 605 Beechwood Way | Hoschton, GA 30548 | Homesite - 307 | Available Late 2026 | PRICED AT $531,290 | 2,016 | 4 | 3.0 | 2 | The Copeland | | | Aberdeen | 605 Beechwood Way | Hoschton, GA 30548 | Single Family | $531,290 | Under Construction",
2026-07-31,The Providence Group,Atlanta,https://theprovidencegroup.com/new-homes/available/,https://theprovidencegroup.com/new-homes/available/,c4680c8740b0df2a35,,"620 Silva Street Cumming, GA 30040",,,Under Construction,636745,,,,,,,"Under Construction | 620 Silva Street | Cumming, GA 30040 | Homesite - 113 | PRICED AT $636,745 | 2,453 | 4 | 3.0 | 2 | The Carter | | | Palisades Single Family | 3D Virtual Tour | 620 Silva Street | Cumming, GA 30040 | Single Family | $636,745 | Under Construction",
2026-07-31,The Providence Group,Atlanta,https://theprovidencegroup.com/new-homes/available/,https://theprovidencegroup.com/new-homes/available/,6f490fbec1255ee41d,,"626 Skytop Drive Cumming, GA 30040",,,Quick Move-In,484900,,,,,,,"Quick Move-In | 626 Skytop Drive, 159 | Cumming, GA 30040 | Homesite - 159 | PRICED AT $484,900 | 1,978 | 3 | 3.5 | 2 | The Garwood | | | Palisades Townhomes | 3D Virtual Tour | 626 Skytop Drive, 159 | Cumming, GA 30040 | Townhome | $484,900 | Under Construction",
2026-07-31,The Providence Group,Atlanta,https://theprovidencegroup.com/new-homes/available/,https://theprovidencegroup.com/new-homes/available/,309621211c50c778af,,"627 Silva Street Cumming, GA 30040",,,Under Construction,469900,,,,,,,"Under Construction | 627 Silva Street, 127 | Cumming, GA 30040 | Homesite - 127 | PRICED AT $469,900 | 1,893 | 3 | 3.5 | 2 | The Glendale | | | Palisades Townhomes | 3D Virtual Tour | 627 Silva Street, 127 | Cumming, GA 30040 | Townhome | $469,900 | Under Construction",
2026-07-31,The Providence Group,Atlanta,https://theprovidencegroup.com/new-homes/available/,https://theprovidencegroup.com/new-homes/available/,9d282107a5a3a48b4b,,"630 Skytop Drive Cumming, GA 30040",,,Quick Move-In,528650,,,,,,,"Quick Move-In | 630 Skytop Drive, 157 | Cumming, GA 30040 | Homesite - 157 | PRICED AT $528,650 | 2,004 | 3 | 3.5 | 2 | The Garwood | | | Palisades Townhomes | 3D Virtual Tour | 630 Skytop Drive, 157 | Cumming, GA 30040 | Townhome | $528,650 | Quick Move-In",
2026-07-31,The Providence Group,Atlanta,https://theprovidencegroup.com/new-homes/available/,https://theprovidencegroup.com/new-homes/available/,aaf019f4b47569aa50,,"646 Skytop Drive Cumming, GA 30040",,,Quick Move-In,508670,,,,,,,"Quick Move-In | 646 Skytop Drive, 150 | Cumming, GA 30040 | Homesite - 150 | PRICED AT $508,670 | 2,004 | 3 | 3.5 | 2 | The Garwood | | | Palisades Townhomes | 3D Virtual Tour | 646 Skytop Drive, 150 | Cumming, GA 30040 | Townhome | $508,670 | Under Construction",
2026-07-31,The Providence Group,Atlanta,https://theprovidencegroup.com/new-homes/available/,https://theprovidencegroup.com/new-homes/available/,6c77639c9992c06177,,"647 Summit Hill Way Cumming, GA 30040",,,Under Construction,615825,,,,,,,"Under Construction | 647 Summit Hill Way | Cumming, GA 30040 | Homesite - 83 | PRICED AT $615,825 | 2,445 | 4 | 3.0 | 2 | The Castleberry | | | Palisades Single Family | 3D Virtual Tour | 647 Summit Hill Way | Cumming, GA 30040 | Single Family | $615,825 | Under Construction",
2026-07-31,The Providence Group,Atlanta,https://theprovidencegroup.com/new-homes/available/,https://theprovidencegroup.com/new-homes/available/,8c787a189ec588abe5,,"653 Silva Street Cumming, GA 30040",,,Under Construction,493420,,,,,,,"Under Construction | 653 Silva Street, 139 | Cumming, GA 30040 | Homesite - 139 | PRICED AT $493,420 | 1,903 | 3 | 3.5 | 2 | The Glendale | | | Palisades Townhomes | 3D Virtual Tour | 653 Silva Street, 139 | Cumming, GA 30040 | Townhome | $493,420 | Under Construction",
2026-07-31,The Providence Group,Atlanta,https://theprovidencegroup.com/new-homes/available/,https://theprovidencegroup.com/new-homes/available/,efc1fcd711acd15241,,"676 Summit Hill Way Cumming, GA 30040",,,Under Construction,576950,,,,,,,"Under Construction | 676 Summit Hill Way | Cumming, GA 30040 | Homesite - 23 | PRICED AT $576,950 | 2,016 | 3 | 2.5 | 2 | The Copeland | | | Palisades Single Family | 676 Summit Hill Way | Cumming, GA 30040 | Single Family | $576,950 | Under Construction",
2026-07-31,The Providence Group,Atlanta,https://theprovidencegroup.com/new-homes/available/,https://theprovidencegroup.com/new-homes/available/,87d21e07da2041927d,,"678 Summit Hill Way Cumming, GA 30040",,,Under Construction,599720,,,,,,,"Under Construction | 678 Summit Hill Way | Cumming, GA 30040 | Homesite - 22 | PRICED AT $599,720 | 2,284 | 3 | 2.5 | 2 | The Cameron | | | Palisades Single Family | 3D Virtual Tour | 678 Summit Hill Way | Cumming, GA 30040 | Single Family | $599,720 | Under Construction",
2026-07-31,The Providence Group,Atlanta,https://theprovidencegroup.com/new-homes/available/,https://theprovidencegroup.com/new-homes/available/,a2fa71838ab3a82c0c,,"879 Eastman Court Hoschton, GA 30548",,,Under Construction,627400,,,,,,,"Under Construction | 879 Eastman Court | Hoschton, GA 30548 | Homesite - 93 | PRICED AT $627,400 | 2,464 | 3 | 3.0 | 2 | The Bayfield | | | Aberdeen | 3D Virtual Tour | 879 Eastman Court | Hoschton, GA 30548 | Single Family | $627,400 | Under Construction",
2026-07-31,The Providence Group,Atlanta,https://theprovidencegroup.com/new-homes/available/,https://theprovidencegroup.com/new-homes/available/,5bc88a7068fff93e96,,"891 Eastman Court Hoschton, GA 30548",,,Under Construction,692650,,,,,,,"Under Construction | 891 Eastman Court | Hoschton, GA 30548 | Homesite - 94 | PRICED AT $692,650 | 3,213 | 4 | 3.0 | 2 | The Mansfield | | | Aberdeen | 3D Virtual Tour | 891 Eastman Court | Hoschton, GA 30548 | Single Family | $692,650 | Under Construction",
2026-07-31,The Providence Group,Atlanta,https://theprovidencegroup.com/new-homes/available/,https://theprovidencegroup.com/new-homes/available/,7e7d958b4048714694,,"901 Shire Elm Street Johns Creek, GA 30022",,,Under Construction,730550,,,,,,,"Under Construction | 901 Shire Elm Street, 22 | Johns Creek, GA 30022 | Homesite - 22 | PRICED AT $730,550 | 2,400 | 4 | 3.5 | 2 | The Benton III | | | Ward's Crossing Townhomes | 3D Virtual Tour | 901 Shire Elm Street, 22 | Johns Creek, GA 30022 | Townhome | $730,550 | Under Construction",
2026-07-31,The Providence Group,Atlanta,https://theprovidencegroup.com/new-homes/available/,https://theprovidencegroup.com/new-homes/available/,6c01020ce2fed7834b,,"905 Shire Elm Street Johns Creek, GA 30022",,,Under Construction,699550,,,,,,,"Under Construction | 905 Shire Elm Street, 24 | Johns Creek, GA 30022 | Homesite - 24 | Available Early 2027 | PRICED AT $699,550 | 2,400 | 4 | 3.5 | 2 | The Benton III | | | Ward's Crossing Townhomes | 3D Virtual Tour | 905 Shire Elm Street, 24 | Johns Creek, GA 30022 | Townhome | $699,550 | ← | Move left | → | Move right | ↑ | Move up | ↓ | Move down | + | Zoom in | - | Zoom out | Home | Jump left by 75% | End | Jump right by 75% | Page Up | Jump up by 75% | Page Down | Jump down by 75% | Keyboard shortcuts | Map Data | Map data ©2026 Google | Map data ©2026 Google | 10 km | Click to toggle between metric and imperial units | Terms | Report a map error | X | New Search | SEARCH | Find A Home | About Us | Design Studio | Homebuying Tools | Building Process | Testimonials | Contact | Blog | Headquarters | The Providence Group | of Georgia, LLC",
2026-07-31,GHO Homes,Florida Treasure Coast,https://www.ghohomes.com/new-homes/florida/indian-river-county/the-island-vero-beach/seaglass,https://www.ghohomes.com/new-homes/florida/indian-river-county/the-island-vero-beach/seaglass,caaaa5e4c409c60286,Seaglass,"1984 Frosted Turquoise Way Vero Beach, FL",,,Move-In: 12/2026,1412000,,,,,,,"1984 Frosted Turquoise Way | | Seabreeze Grande | Lot: 70 | | | Move-In: 12/2026 | Toggle Favorite | $1,412,000 | Impressive Vero Beach Treasure with beach access | 3 | 3 | 2,254",
2026-07-31,GHO Homes,Florida Treasure Coast,https://www.ghohomes.com/new-homes/florida/indian-river-county/the-island-vero-beach/seaglass,https://www.ghohomes.com/new-homes/florida/indian-river-county/the-island-vero-beach/seaglass,7fd7e9d4572fb052b4,Seaglass,"9199 Seaglass Court Vero Beach, FL",,,Move-In: 09/2026,1955000,2155000.0,,,,,Price Cut,"9199 Seaglass Court | | Cerulean Grande | Lot: 14 | | | Move-In: 09/2026 | Toggle Favorite | $2,155,000 | $1,955,000 | Elegance and Relaxation all in one. | 3 | 3.5 | 2,626",
2026-07-31,GHO Homes,Florida Treasure Coast,https://www.ghohomes.com/new-homes/florida/indian-river-county/the-island-vero-beach/seaglass,https://www.ghohomes.com/new-homes/florida/indian-river-county/the-island-vero-beach/seaglass,79f1af84a44f759201,Seaglass,"9241 Seaglass Court Vero Beach, FL",,,Move-In Ready,2168000,2368000.0,,,,,Price Cut,"9241 Seaglass Court | | Indigo Grande | Lot: 8 | | | Move-In Ready | Toggle Favorite | $2,368,000 | $2,168,000 | Semi-furnished Home Close to Beach | 3 | 3 | 2,720",
2026-07-31,GHO Homes,Florida Treasure Coast,https://www.ghohomes.com/new-homes/florida/indian-river-county/the-island-vero-beach/seaglass,https://www.ghohomes.com/new-homes/florida/indian-river-county/the-island-vero-beach/seaglass,c02b472ed1ceef90b5,Seaglass,"9259 Seaglass Court Vero Beach, FL",,,Move-In Ready,2370000,2580000.0,,,,,Price Cut,"9259 Seaglass Court | | Sapphire | Lot: 5 | | | Move-In Ready | Toggle Favorite | $2,580,000 | $2,370,000 | Designer Decorated Model | 2 | 3 | 2,713",
2026-07-31,GHO Homes,Florida Treasure Coast,https://www.ghohomes.com/new-homes/florida/indian-river-county/the-island-vero-beach/seaglass,https://www.ghohomes.com/new-homes/florida/indian-river-county/the-island-vero-beach/seaglass,08b4daf6c8b6828bc8,Seaglass,"9160 Seaglass Court Vero Beach, FL",,,Move-In Ready,2300000,2500000.0,,,,,Price Cut,"9160 Seaglass Court | | Citron | Lot: 38 | | | Move-In Ready | Toggle Favorite | $2,500,000 | $2,300,000 | Lakeside Citron | 3 | 3.5 | 2,954",
2026-07-31,GHO Homes,Florida Treasure Coast,https://www.ghohomes.com/new-homes/florida/indian-river-county/the-island-vero-beach/the-strand,https://www.ghohomes.com/new-homes/florida/indian-river-county/the-island-vero-beach/the-strand,f498acf9182cb59a60,The Strand,"9265 Seaglass Court Vero Beach, FL 32963",,Bed,,2049490,,,,,,,"9265 Seaglass Court, Vero Beach, FL 32963 | Sales Office is located offsite in Seaglass | Appointments available Monday - Saturday 10 AM to 5PM & Sunday 12PM - 5 PM. | Lisa Krynski | Email | (772) 521-0954 | Directions | Call Now | Schedule a Tour | The Jungle Trail | Dining and Drinks | Areas of Interest | Activities and Entertainment | Fishing & Watersports | Nearby Beaches | View all Amenities | Available Plans | LIST | TILE | Floor Plan | Bed | Bath | Den | Garage | Sq. Ft. | Priced From | Olympia | 3 | 4.5 | Yes | 2 | 2,973+ | $2,049,490 | Sand Dollar Grande | 3 | 3.5 | Yes | 3 | 3,041+ | $2,058,990 | Tidewater 26 | 3 | 4 | Yes | 3 | 3,155+ | $2,126,990 | Anson | 3 | 3.5 | Yes | 3 | 3,130+ | $2,130,990 | Bridgewater | 3 | 3.5 | Yes | 3 | 3,151+ | $2,141,990 | Artistry | 4 | 4 | Yes | 3 | 3,388+ | $2,184,990 | Caspian | 4 | 3.5 | Yes | 3 | 4,020+ | $2,279,990 | Olympia | Toggle Favorite | Base Price: | $2,049,490 | 3 | 4.5 | 2,973 | Sand Dollar Grande | Toggle Favorite | Base Price: | $2,058,990 | 3 | 3.5 | 3,041 | Tidewater 26 | Toggle Favorite | Base Price: | $2,126,990 | 3 | 4 | 3,155 | Anson | Toggle Favorite | Base Price: | $2,130,990 | 3 | 3.5 | 3,130 | Bridgewater | Toggle Favorite | Base Price: | $2,141,990 | 3 | 3.5 | 3,151 | Artistry | Toggle Favorite | Base Price: | $2,184,990 | 4 | 4 | 3,388 | Caspian | Toggle Favorite | Base Price: | $2,279,990 | 4 | 3.5 | 4,020 | The Strand Site Plan | Print | Photo Gallery | Video | + 82 | Contact Us | Today | First Name | * | Last Name | * | Email Address | * | Phone Number | * | Message | * | I am a real estate agent | I agree to receive email messages | By submitting your information, you agree that we may call or email you regarding your inquiry, including by an automated dialer or through the use of a pre-recorded voice. In addition, you may receive marketing messages via email. Consent is not required for purchase of property. | (OPTIONAL) I agree to receive text messages | By leaving this box unchecked, I will not be opted into this short code campaign. By checking this box and entering your mobile number you agree to receive messages from GHO Homes regarding a community or home you show interest in. Message frequency varies. Message and data rates may apply. You can unsubscribe at any time. Text 'STOP' to 324712 to cancel. Text 'HELP' to 324712 for help. Consent is not required for purchase of property. Messaging frequency varies. | This site is protected by reCAPTCHA and the Google | and | apply",
2026-07-31,GHO Homes,Florida Treasure Coast,https://www.ghohomes.com/new-homes/florida/indian-river-county/vero-beach/bent-pine-preserve,https://www.ghohomes.com/new-homes/florida/indian-river-county/vero-beach/bent-pine-preserve,9a4de8dd4e7400ff7f,Bent Pine Preserve,"9265 Seaglass Court Vero Beach, FL",,,,1985000,,,,,,,"9265 Seaglass Court | Vero Beach | , | FL | 32963 | Gated | Club | 5 | Inventory | 2 | 2 | 2,254 - 2,990 | Now Selling Westside | The Reserve at Grand Harbor | Toggle Favorite | From $1.8 Million to over $2.5 Million | 2268 Grand Harbor Reserve Sq | Vero Beach | , | FL | 32967 | Gated | Club | 3 | Inventory | 2 | 3 | 2,973 - 3,605 | NOW SELLING BEACHSIDE VERO BEACH | Central Beach | Toggle Favorite | Starting at $1,985,000 | 0 | Inventory | 2 | 3 | 2,943 - 3,544 | NOW SELLING BEACHSIDE VERO BEACH | The Strand | Toggle Favorite | From $2 Million",
2026-07-31,GHO Homes,Florida Treasure Coast,https://www.ghohomes.com/new-homes/florida/indian-river-county/vero-beach/high-pointe,https://www.ghohomes.com/new-homes/florida/indian-river-county/vero-beach/high-pointe,293004a51125d1abd1,High Pointe,"4066 Tower Pointe Way Vero Beach, FL",,,Move-In: 08/2026,590580,630580.0,,,,,Price Cut,"4066 Tower Pointe Way | | Cordella Jem | Lot: 129 | | | Move-In: 08/2026 | Toggle Favorite | $630,580 | $590,580 | Spacious, secluded homesite. Coffer ceiling in the foyer. Expansive covered patio. | 3 | 2 | 1,899",
2026-07-31,GHO Homes,Florida Treasure Coast,https://www.ghohomes.com/new-homes/florida/indian-river-county/vero-beach/high-pointe,https://www.ghohomes.com/new-homes/florida/indian-river-county/vero-beach/high-pointe,ee8fe0da032c8f7553,High Pointe,"4090 Tower Pointe Way Vero Beach, FL",,,Move-In: 08/2026,610344,651844.0,,,,,Price Cut,"4090 Tower Pointe Way | | Cordella Grande | Lot: 130 | | | Move-In: 08/2026 | Toggle Favorite | $651,844 | $610,344 | Expansive, private lot. Gourmet tuxedo kitchen. | 3 | 3 | 2,190",
2026-07-31,GHO Homes,Florida Treasure Coast,https://www.ghohomes.com/new-homes/florida/indian-river-county/vero-beach/high-pointe,https://www.ghohomes.com/new-homes/florida/indian-river-county/vero-beach/high-pointe,24c18e0a2a0302e554,High Pointe,"6143 Overlook Terrace Vero Beach, FL",,,Move-In: 10/2026,633904,,,,,,,"6143 Overlook Terrace | | Cordella Jem | Lot: 234 | | | Move-In: 10/2026 | Toggle Favorite | $633,904 | Corner lot. Tuxedo kitchen upgrade & expansive covered patio. | 3 | 2 | 1,899",
2026-07-31,GHO Homes,Florida Treasure Coast,https://www.ghohomes.com/new-homes/florida/indian-river-county/vero-beach/high-pointe,https://www.ghohomes.com/new-homes/florida/indian-river-county/vero-beach/high-pointe,dc2c513267862f7a5a,High Pointe,"4018 Tower Pointe Way Vero Beach, FL",,,Move-In Ready,638296,679796.0,,,,,Price Cut,"4018 Tower Pointe Way | | Capistrano Grande | Lot: 127 | | | Move-In Ready | Toggle Favorite | $679,796 | $638,296 | Spacious private homesite. Stunning upgraded countertops in kitchen and egg-crate coffer ceiling in great room. | 3 | 3 | 2,361",
2026-07-31,GHO Homes,Florida Treasure Coast,https://www.ghohomes.com/new-homes/florida/indian-river-county/vero-beach/high-pointe,https://www.ghohomes.com/new-homes/florida/indian-river-county/vero-beach/high-pointe,c107a5cf87152df240,High Pointe,"6173 Overlook Terrace Vero Beach, FL",,,Move-In: 12/2026,726401,,,,,,,"6173 Overlook Terrace | | Venetian | Lot: 232 | | | Move-In: 12/2026 | Toggle Favorite | $726,401 | Grand double entry doors. Gourmet kitchen with expansive great room & bar. | 3 | 3 | 2,584",
2026-07-31,GHO Homes,Florida Treasure Coast,https://www.ghohomes.com/new-homes/florida/indian-river-county/vero-beach/high-pointe,https://www.ghohomes.com/new-homes/florida/indian-river-county/vero-beach/high-pointe,f181553b6e7c8603cd,High Pointe,"4155 Overlook Road Vero Beach, FL",,,Move-In: 12/2026,776465,,,,,,,"4155 Overlook Road | | Seraphina 23 | Lot: 29 | | | Move-In: 12/2026 | Toggle Favorite | $776,465 | Beautiful, spacious lot backed up to preserve. Indoor electric fireplace & bar in great room. | 3 | 3.5 | 2,737",
2026-07-31,GHO Homes,Florida Treasure Coast,https://www.ghohomes.com/new-homes/florida/indian-river-county/vero-beach/lucaya-pointe,https://www.ghohomes.com/new-homes/florida/indian-river-county/vero-beach/lucaya-pointe,7d0831b8e2ee59eea5,Lucaya Pointe,"4133 Lucaya Pointe Way Vero Beach, FL",,,Move-In Ready,890900,959081.0,,,,,Price Cut,"4133 Lucaya Pointe Way | | Dahlia 21 | Lot: 1 | | | Move-In Ready | Toggle Favorite | $959,081 | $890,900 | Courtyard Home With a Private Pool | 3 | 3 | 2,657",
2026-07-31,GHO Homes,Florida Treasure Coast,https://www.ghohomes.com/new-homes/florida/indian-river-county/vero-beach/lucaya-pointe,https://www.ghohomes.com/new-homes/florida/indian-river-county/vero-beach/lucaya-pointe,0df7cdf54a7b2dbabe,Lucaya Pointe,"4121 Lucaya Pointe Way Vero Beach, FL",,,Move-In Ready,891875,,,,,,,"4121 Lucaya Pointe Way | | Cypress | Lot: 3 | | | Move-In Ready | Toggle Favorite | $891,875 | Room For Your Toys & More!!!! | 3 | 2.5 | 2,241",
2026-07-31,GHO Homes,Florida Treasure Coast,https://www.ghohomes.com/new-homes/florida/indian-river-county/vero-beach/lucaya-pointe,https://www.ghohomes.com/new-homes/florida/indian-river-county/vero-beach/lucaya-pointe,e8226f4c806215b55e,Lucaya Pointe,"4237 Lucaya Pointe Way Vero Beach, FL",,,Move-In Ready,899000,968164.0,,,,,Price Cut,"4237 Lucaya Pointe Way | | Magnolia 21 | Lot: 58 | | | Move-In Ready | Toggle Favorite | $968,164 | $899,000 | Pool Home! 5 Minutes to the Beach! | 3 | 3 | 2,626",
2026-07-31,GHO Homes,Florida Treasure Coast,https://www.ghohomes.com/new-homes/florida/indian-river-county/vero-beach/lucaya-pointe,https://www.ghohomes.com/new-homes/florida/indian-river-county/vero-beach/lucaya-pointe,7f0b6a93424b07a458,Lucaya Pointe,"4226 Lucaya Pointe Way Vero Beach, FL",,,Move-In Ready,929900,999873.0,,,,,Price Cut,"4226 Lucaya Pointe Way | | Cypress | Lot: 97 | | | Move-In Ready | Toggle Favorite | $999,873 | $929,900 | Waterfall Saltwater Pool | 2 | 2.5 | 2,241",
2026-07-31,GHO Homes,Florida Treasure Coast,https://www.ghohomes.com/new-homes/florida/indian-river-county/vero-beach/lucaya-pointe,https://www.ghohomes.com/new-homes/florida/indian-river-county/vero-beach/lucaya-pointe,7ddfbdf62656a6342c,Lucaya Pointe,"1920 Arawak Street Vero Beach, FL",,,Move-In: 10/2026,775221,,,,,,,"1920 Arawak Street | | Seabreeze | Lot: 41 | | | Move-In: 10/2026 | Toggle Favorite | $775,221 | Refined Luxury. Ready for Fall Move-in, | 3 | 3 | 2,244",
2026-07-31,GHO Homes,Florida Treasure Coast,https://www.ghohomes.com/new-homes/florida/indian-river-county/vero-beach/ravens-landing,https://www.ghohomes.com/new-homes/florida/indian-river-county/vero-beach/ravens-landing,a7482ba37779e30451,Raven's Landing,"6562 Beltran Lane Vero Beach, FL",,,Move-In: 10/2026,757900,,,,,,,"6562 Beltran Lane | | Irvine | Lot: 3 | | | Move-In: 10/2026 | Toggle Favorite | $757,900 | Best Value in Raven's Landing | 4 | 3 | 2,372",
2026-07-31,GHO Homes,Florida Treasure Coast,https://www.ghohomes.com/new-homes/florida/indian-river-county/vero-beach/ravens-landing,https://www.ghohomes.com/new-homes/florida/indian-river-county/vero-beach/ravens-landing,7f51ea1bf0ebeeed41,Raven's Landing,"692 Ravens Landing Vero Beach, FL",,,Move-In Ready,760507,,,,,,,"692 Ravens Landing Drive | | Aberdeen | Lot: 28 | | | Move-In Ready | Toggle Favorite | $760,507 | Preserve Homesite with Fireplace | 3 | 2 | 2,284",
2026-07-31,GHO Homes,Florida Treasure Coast,https://www.ghohomes.com/new-homes/florida/indian-river-county/vero-beach/ravens-landing,https://www.ghohomes.com/new-homes/florida/indian-river-county/vero-beach/ravens-landing,a5d4dcfab687757643,Raven's Landing,"6549 Beltran Drive Vero Beach, FL",,,Move-In: 12/2026,778900,,,,,,,"6549 Beltran Drive | | Irvine | Lot: 10 | | | Move-In: 12/2026 | Toggle Favorite | $778,900 | Lakefront at Ravens Landing | 3 | 3 | 2,372",
2026-07-31,GHO Homes,Florida Treasure Coast,https://www.ghohomes.com/new-homes/florida/indian-river-county/vero-beach/ravens-landing,https://www.ghohomes.com/new-homes/florida/indian-river-county/vero-beach/ravens-landing,91028f36d735effbe2,Raven's Landing,"6574 Beltran Lane Vero Beach, FL",,,Move-In: 11/2026,858900,,,,,,,"6574 Beltran Lane | | Sterling | Lot: 5 | | | Move-In: 11/2026 | Toggle Favorite | $858,900 | Largest Floorplan in Ravens Landing | 4 | 3.5 | 2,737",
2026-07-31,GHO Homes,Florida Treasure Coast,https://www.ghohomes.com/new-homes/florida/indian-river-county/vero-beach/ravens-landing,https://www.ghohomes.com/new-homes/florida/indian-river-county/vero-beach/ravens-landing,30c2660d83b74c9493,Raven's Landing,"729 Ravens Landing Vero Beach, FL",,,Move-In: 09/2026,898900,,,,,,,"729 Ravens Landing Drive | | Irvine Grande | Lot: 12 | | | Move-In: 09/2026 | Toggle Favorite | $898,900 | Lakefront Pool Home | 3 | 3 | 2,467",
2026-07-31,GHO Homes,Florida Treasure Coast,https://www.ghohomes.com/new-homes/florida/indian-river-county/vero-beach/the-falls-at-grand-harbor,https://www.ghohomes.com/new-homes/florida/indian-river-county/vero-beach/the-falls-at-grand-harbor,c45b21becc304241c4,The Falls at Grand Harbor,"2145 Falls Circle Vero Beach, FL",,,Move-In: 10/2026,932616,,,,,,,"2145 Falls Circle | | Beacon Grande | Lot: 52 | | | Move-In: 10/2026 | Toggle Favorite | $932,616 | Premium Finishes and Features | 4 | 2.5 | 2,524",
2026-07-31,GHO Homes,Florida Treasure Coast,https://www.ghohomes.com/new-homes/florida/indian-river-county/vero-beach/the-reserve-at-grand-harbor,https://www.ghohomes.com/new-homes/florida/indian-river-county/vero-beach/the-reserve-at-grand-harbor,7c5653cf790bb4a5f5,The Reserve at Grand Harbor,"2263 Grand Harbor Reserve Square Vero Beach, FL",,,Move-In: 11/2026,2094000,,,,,,,"2263 Grand Harbor Reserve Square | | Bridgewater | Lot: 29 | | | Move-In: 11/2026 | Toggle Favorite | $2,094,000 | Exceptional Design with a Preserve View | 3 | 3.5 | 3,151",
2026-07-31,GHO Homes,Florida Treasure Coast,https://www.ghohomes.com/new-homes/florida/indian-river-county/vero-beach/the-reserve-at-grand-harbor,https://www.ghohomes.com/new-homes/florida/indian-river-county/vero-beach/the-reserve-at-grand-harbor,aaaffdb7945dece86d,The Reserve at Grand Harbor,"2267 Grand Harbor Reserve Square Vero Beach, FL",,,Move-In: 12/2026,2195000,,,,,,,"2267 Grand Harbor Reserve Square | | Artistry | Lot: 30 | | | Move-In: 12/2026 | Toggle Favorite | $2,195,000 | Artistry newest plan | 4 | 4 | 3,388 | 2279 Grand Harbor Reserve Sq | | Anson | Lot: 33 | | | Move-In: 12/2026 | Toggle Favorite | $2,315,000 | End of Year Move-In | 3 | 4.5 | 3,475",
2026-07-31,GHO Homes,Florida Treasure Coast,https://www.ghohomes.com/new-homes/florida/st-lucie-county/port-st-lucie/tesoro-club,https://www.ghohomes.com/new-homes/florida/st-lucie-county/port-st-lucie/tesoro-club,aa34fe36686845c455,Tesoro Club,"162 SE Rio Angelica Port St. Lucie, FL",,,Move-In: 12/2026,1719000,,,,,,,"162 SE Rio Angelica | | Renata 58 | Lot: 98 | | | Move-In: 12/2026 | Toggle Favorite | $1,719,000 | Traditional Elegance Meets Modern Luxury: Ready Late 2026 | 3 | 3.5 | 3,109",
2026-07-31,GHO Homes,Florida Treasure Coast,https://www.ghohomes.com/new-homes/florida/st-lucie-county/port-st-lucie/tesoro-club,https://www.ghohomes.com/new-homes/florida/st-lucie-county/port-st-lucie/tesoro-club,5d4f81ba142ef5d798,Tesoro Club,"109 SE Via Verona Port St. Lucie, FL",,,Move-In Ready,1688990,1848464.0,,,,,Price Cut,"109 SE Via Verona | | Madrona 58 | Lot: 24 | | | Move-In Ready | Toggle Favorite | $1,848,464 | $1,688,990 | Bright and Welcoming. Distinguished Features. | 3 | 4.5 | 3,204",
2026-07-31,GHO Homes,Florida Treasure Coast,https://www.ghohomes.com/new-homes/florida/st-lucie-county/port-st-lucie/tesoro-club,https://www.ghohomes.com/new-homes/florida/st-lucie-county/port-st-lucie/tesoro-club,d4dbf90cf63211728d,Tesoro Club,"110 SE Via Verona Port St. Lucie, FL",,,Move-In Ready,1777653,,,,,,,"110 SE Via Verona | | Alessia 58 | Move-In Ready | Toggle Favorite | $1,777,653 | Entertainers Delight with Golf View | 3 | 3.5 | 3,274",
2026-07-31,GHO Homes,Florida Treasure Coast,https://www.ghohomes.com/new-homes/florida/st-lucie-county/port-st-lucie/tesoro-club,https://www.ghohomes.com/new-homes/florida/st-lucie-county/port-st-lucie/tesoro-club,4f307df9f7c9fed86c,Tesoro Club,"170 SE Rio Angelica Port St. Lucie, FL",,,Move-In Ready,2160792,,,,,,,"170 SE Rio Angelica | | Keenan 58 | Lot: 94 | | | Move-In Ready | Toggle Favorite | $2,160,792 | Partial Furnished! Main Living, Master Suite & Lanai | 3 | 3.5 | 3,299",
2026-07-31,GHO Homes,Florida Treasure Coast,https://www.ghohomes.com/new-homes/florida/st-lucie-county/tradition/belterra,https://www.ghohomes.com/new-homes/florida/st-lucie-county/tradition/belterra,472beca44d3407f5e2,BELTERRA,"14196 SW Pinnacle Ct Port St. Lucie, FL",,,Move-In Ready,939500,,,,,,,"14196 SW Pinnacle Ct | | Argus | Lot: 69 | | | Move-In Ready | Toggle Favorite | $939,500 | Private Courtyard Home with Casita and Private Pool! | 3 | 3.5 | 2,658",
2026-07-31,GHO Homes,Florida Treasure Coast,https://www.ghohomes.com/new-homes/florida/st-lucie-county/tradition/belterra,https://www.ghohomes.com/new-homes/florida/st-lucie-county/tradition/belterra,d00f918207d2a8460d,BELTERRA,"9404 SW Pinnacle Place Port St. Lucie, FL",,,Move-In Ready,789000,811597.0,,,,,Price Cut,"9404 SW Pinnacle Place North | | Laurel | Lot: 34 | | | Move-In Ready | Toggle Favorite | $811,597 | $789,000 | Panoramic outdoor living with screened pool and lake views. | 3 | 2.5 | 2,241",
2026-07-31,GHO Homes,Florida Treasure Coast,https://www.ghohomes.com/new-homes/florida/st-lucie-county/tradition/belterra,https://www.ghohomes.com/new-homes/florida/st-lucie-county/tradition/belterra,bc2ec439bad697e688,BELTERRA,"9363 SW Pinnacle Place Port St. Lucie, FL",,,Move-In: 12/2026,825564,,,,,,,"9363 SW Pinnacle Place North | | Iris Grande | Lot: 6 | | | Move-In: 12/2026 | Toggle Favorite | $825,564 | Private Pool, Private Homesite, Perfection! | 3 | 3 | 2,361",
2026-07-31,GHO Homes,Florida Treasure Coast,https://www.ghohomes.com/new-homes/florida/st-lucie-county/tradition/belterra,https://www.ghohomes.com/new-homes/florida/st-lucie-county/tradition/belterra,ee58481c8954a6416a,BELTERRA,"14157 SW Pinnacle Court Port St. Lucie, FL",,,Move-In Ready,1230020,,,,,,,"14157 SW Pinnacle Court | | Callie | Lot: 85 | | | Move-In Ready | Toggle Favorite | $1,230,020 | Private Pool, Private SPA, Private Homesite! | 4 | 3.5 | 3,144",
2026-07-31,GHO Homes,Florida Treasure Coast,https://www.ghohomes.com/new-homes/florida/st-lucie-county/tradition/belterra,https://www.ghohomes.com/new-homes/florida/st-lucie-county/tradition/belterra,3a0a6cb85359bae48a,BELTERRA,"13952 SW Belterra Drive Port St. Lucie, FL",,,Move-In Ready,1270000,1310990.0,,,,,Price Cut,"13952 SW Belterra Drive | | Sage | Lot: 140 | | | Move-In Ready | Toggle Favorite | $1,310,990 | $1,270,000 | Decorated Model! Lake view with private pool & spa | 3 | 2.5 | 2,790",
2026-07-31,GHO Homes,Florida Treasure Coast,https://www.ghohomes.com/new-homes/florida/st-lucie-county/tradition/lake-park-at-tradition,https://www.ghohomes.com/new-homes/florida/st-lucie-county/tradition/lake-park-at-tradition,58ca84bcebbc1e0309,Lake Park at Tradition,"11234 SW Park Village Court Port St. Lucie, FL",,,Move-In: 09/2026,410987,496987.0,,,,,Price Cut,"11234 SW Park Village Court | | Lucida Jem | Lot: 335 | | | Move-In: 09/2026 | Toggle Favorite | $496,987 | $410,987 | Peaceful cul-de-sac location. | 3 | 2 | 1,879",
2026-07-31,GHO Homes,Florida Treasure Coast,https://www.ghohomes.com/new-homes/florida/st-lucie-county/tradition/lake-park-at-tradition,https://www.ghohomes.com/new-homes/florida/st-lucie-county/tradition/lake-park-at-tradition,3e7fe500c48fe8a6cc,Lake Park at Tradition,"12507 SW Sunrise Lake Terrace Port St. Lucie, FL",,,Move-In Ready,429950,528897.0,,,,,Price Cut,"12507 SW Sunrise Lake Terrace | | Lucida | Lot: 400 | | | Move-In Ready | Toggle Favorite | $528,897 | $429,950 | Private nature preserve view. | 2 | 2 | 2,036",
2026-07-31,GHO Homes,Florida Treasure Coast,https://www.ghohomes.com/new-homes/florida/st-lucie-county/tradition/lake-park-at-tradition,https://www.ghohomes.com/new-homes/florida/st-lucie-county/tradition/lake-park-at-tradition,7c4b75bfba3d8bc346,Lake Park at Tradition,"12501 SW Sunrise Lake Terrace Port St. Lucie, FL",,,Move-In Ready,480950,630190.0,,,,,Price Cut,"12501 SW Sunrise Lake Terrace | | Palomar | Lot: 399 | | | Move-In Ready | Toggle Favorite | $630,190 | $480,950 | Private nature preserve view. Expanded screened lanai. | 3 | 2.5 | 2,319",
